code,year,month,type,pax,m
1,2019,Январь,Автобус,93017249,1
2,2019,Январь,Трамвай,16851856,1
3,2019,Январь,Троллейбус,13241379,1
4,2019,Январь,Электробус,472840,1
5,2019,Январь,Московский метрополитен,185698294,1
6,2019,Январь,Московское центральное кольцо,7227364,1
7,2019,Февраль,Автобус,100185579,2
8,2019,Февраль,Трамвай,18239165,2
9,2019,Февраль,Троллейбус,14286051,2
10,2019,Февраль,Электробус,610208,2
11,2019,Февраль,Московский метрополитен,195593495,2
12,2019,Февраль,Московское центральное кольцо,8076174,2
13,2019,Март,Автобус,110009277,3
14,2019,Март,Трамвай,20424685,3
15,2019,Март,Троллейбус,15687851,3
16,2019,Март,Электробус,815606,3
17,2019,Март,Московский метрополитен,214547007,3
18,2019,Март,Московское центральное кольцо,8818578,3
19,2019,Апрель,Автобус,110482817,4
20,2019,Апрель,Трамвай,21283179,4
21,2019,Апрель,Троллейбус,15965669,4
22,2019,Апрель,Электробус,1097579,4
23,2019,Апрель,Московский метрополитен,220410081,4
24,2019,Апрель,Московское центральное кольцо,9781828,4
25,2019,Май,Автобус,94875343,5
26,2019,Май,Трамвай,18087776,5
27,2019,Май,Троллейбус,12967938,5
28,2019,Май,Электробус,1238825,5
29,2019,Май,Московский метрополитен,197948203,5
30,2019,Май,Московское центральное кольцо,8812786,5
31,2019,Июнь,Автобус,88137415,6
32,2019,Июнь,Трамвай,17135891,6
33,2019,Июнь,Троллейбус,11446340,6
34,2019,Июнь,Электробус,1533879,6
35,2019,Июнь,Московский метрополитен,192981422,6
36,2019,Июнь,Московское центральное кольцо,8546506,6
37,2019,Июль,Автобус,89660196,7
38,2019,Июль,Трамвай,16504299,7
39,2019,Июль,Троллейбус,11375844,7
40,2019,Июль,Электробус,1978336,7
41,2019,Июль,Московский метрополитен,195544540,7
42,2019,Июль,Московское центральное кольцо,8706549,7
43,2019,Август,Автобус,90775741,8
44,2019,Август,Трамвай,14683203,8
45,2019,Август,Троллейбус,11145117,8
46,2019,Август,Электробус,2351887,8
47,2019,Август,Московский метрополитен,190712759,8
48,2019,Август,Московское центральное кольцо,8448720,8
49,2019,Сентябрь,Автобус,101764004,9
50,2019,Сентябрь,Трамвай,16780913,9
51,2019,Сентябрь,Троллейбус,12024176,9
52,2019,Сентябрь,Электробус,2873189,9
53,2019,Сентябрь,Московский метрополитен,208873418,9
54,2019,Сентябрь,Московское центральное кольцо,9159090,9
55,2019,Октябрь,Автобус,115523924,10
56,2019,Октябрь,Трамвай,17309875,10
57,2019,Октябрь,Троллейбус,13084215,10
58,2019,Октябрь,Электробус,3560079,10
59,2019,Октябрь,Московский метрополитен,230903176,10
60,2019,Октябрь,Московское центральное кольцо,10737375,10
61,2019,Ноябрь,Автобус,107896747,11
62,2019,Ноябрь,Трамвай,15940706,11
63,2019,Ноябрь,Троллейбус,11910326,11
64,2019,Ноябрь,Электробус,3514314,11
65,2019,Ноябрь,Московский метрополитен,215330844,11
66,2019,Ноябрь,Московское центральное кольцо,9976792,11
67,2019,Декабрь,Автобус,111678804,12
68,2019,Декабрь,Трамвай,19549852,12
69,2019,Декабрь,Троллейбус,11904727,12
70,2019,Декабрь,Электробус,4125488,12
71,2019,Декабрь,Московский метрополитен,229860660,12
72,2019,Декабрь,Московское центральное кольцо,10280834,12
73,2020,Январь,Автобус,95275251,1
74,2020,Январь,Трамвай,17002406,1
75,2020,Январь,Троллейбус,10454893,1
76,2020,Январь,Электробус,3632911,1
77,2020,Январь,Московский метрополитен,190424560,1
78,2020,Январь,Московское центральное кольцо,8433745,1
79,2020,Февраль,Автобус,101341914,2
80,2020,Февраль,Трамвай,18362856,2
81,2020,Февраль,Троллейбус,10850174,2
82,2020,Февраль,Электробус,4099227,2
83,2020,Февраль,Московский метрополитен,198480020,2
84,2020,Февраль,Московское центральное кольцо,9223993,2
85,2020,Март,Автобус,87027384,3
86,2020,Март,Трамвай,15285872,3
87,2020,Март,Троллейбус,8906801,3
88,2020,Март,Электробус,3789628,3
89,2020,Март,Московский метрополитен,162977376,3
90,2020,Март,Московское центральное кольцо,8091998,3
91,2020,Апрель,Автобус,18960075,4
92,2020,Апрель,Трамвай,3132020,4
93,2020,Апрель,Троллейбус,1879416,4
94,2020,Апрель,Электробус,825417,4
95,2020,Апрель,Московский метрополитен,30968842,4
96,2020,Апрель,Московское центральное кольцо,1788106,4
97,2020,Май,Автобус,20769651,5
98,2020,Май,Трамвай,3533469,5
99,2020,Май,Троллейбус,1889547,5
100,2020,Май,Электробус,1050792,5
101,2020,Май,Московский метрополитен,37153302,5
102,2020,Май,Московское центральное кольцо,2284636,5
103,2020,Июнь,Автобус,47718968,6
104,2020,Июнь,Трамвай,8401189,6
105,2020,Июнь,Троллейбус,3010060,6
106,2020,Июнь,Электробус,2514830,6
107,2020,Июнь,Московский метрополитен,91282773,6
108,2020,Июнь,Московское центральное кольцо,5232851,6
109,2020,Июль,Автобус,67447216,7
110,2020,Июль,Трамвай,11212783,7
111,2020,Июль,Троллейбус,3556287,7
112,2020,Июль,Электробус,3867693,7
113,2020,Июль,Московский метрополитен,132697511,7
114,2020,Июль,Московское центральное кольцо,7463215,7
115,2020,Август,Автобус,71283709,8
116,2020,Август,Трамвай,12670171,8
117,2020,Август,Троллейбус,2047449,8
118,2020,Август,Электробус,4461827,8
119,2020,Август,Московский метрополитен,140630624,8
120,2020,Август,Московское центральное кольцо,7975840,8
121,2020,Сентябрь,Автобус,85028922,9
122,2020,Сентябрь,Трамвай,15788584,9
123,2020,Сентябрь,Троллейбус,11271,9
124,2020,Сентябрь,Электробус,5709898,9
125,2020,Сентябрь,Московский метрополитен,165626822,9
126,2020,Сентябрь,Московское центральное кольцо,9316246,9
127,2020,Октябрь,Автобус,70632248,10
128,2020,Октябрь,Трамвай,10237557,10
129,2020,Октябрь,Троллейбус,4174,10
130,2020,Октябрь,Электробус,4823143,10
131,2020,Октябрь,Московский метрополитен,146054106,10
132,2020,Октябрь,Московское центральное кольцо,8440819,10
133,2020,Ноябрь,Автобус,61016582,11
134,2020,Ноябрь,Трамвай,8754029,11
135,2020,Ноябрь,Троллейбус,5115,11
136,2020,Ноябрь,Электробус,4180157,11
137,2020,Ноябрь,Московский метрополитен,126327859,11
138,2020,Ноябрь,Московское центральное кольцо,7246957,11
139,2020,Декабрь,Автобус,64720311,12
140,2020,Декабрь,Трамвай,9871095,12
141,2020,Декабрь,Троллейбус,3641,12
142,2020,Декабрь,Электробус,4653367,12
143,2020,Декабрь,Московский метрополитен,139290419,12
144,2020,Декабрь,Московское центральное кольцо,7919772,12
145,2021,Январь,Автобус,53745456,1
146,2021,Январь,Трамвай,8114171,1
147,2021,Январь,Троллейбус,3348,1
148,2021,Январь,Электробус,3966752,1
149,2021,Январь,Московский метрополитен,117110706,1
150,2021,Январь,Московское центральное кольцо,6434151,1
151,2021,Февраль,Автобус,63602033,2
152,2021,Февраль,Трамвай,9620990,2
153,2021,Февраль,Троллейбус,3789,2
154,2021,Февраль,Электробус,4945335,2
155,2021,Февраль,Московский метрополитен,140480567,2
156,2021,Февраль,Московское центральное кольцо,7684030,2
157,2021,Март,Автобус,86075640,3
158,2021,Март,Трамвай,12990137,3
159,2021,Март,Троллейбус,6324,3
160,2021,Март,Электробус,6823693,3
161,2021,Март,Московский метрополитен,171908954,3
162,2021,Март,Московское центральное кольцо,9521215,3
163,2021,Апрель,Автобус,88163052,4
164,2021,Апрель,Трамвай,14376953,4
165,2021,Апрель,Троллейбус,5918,4
166,2021,Апрель,Электробус,7455515,4
167,2021,Апрель,Московский метрополитен,176388183,4
168,2021,Апрель,Московское центральное кольцо,9930171,4
169,2021,Май,Автобус,72165204,5
170,2021,Май,Трамвай,13654377,5
171,2021,Май,Троллейбус,6249,5
172,2021,Май,Электробус,6427336,5
173,2021,Май,Московский метрополитен,155833746,5
174,2021,Май,Московское центральное кольцо,8934836,5
175,2021,Июнь,Автобус,68206447,6
176,2021,Июнь,Трамвай,13082360,6
177,2021,Июнь,Троллейбус,4544,6
178,2021,Июнь,Электробус,6443459,6
179,2021,Июнь,Московский метрополитен,153206515,6
180,2021,Июнь,Московское центральное кольцо,9002631,6
181,2021,Июль,Автобус,62848228,7
182,2021,Июль,Трамвай,11735376,7
183,2021,Июль,Троллейбус,5375,7
184,2021,Июль,Электробус,6779398,7
185,2021,Июль,Московский метрополитен,143543961,7
186,2021,Июль,Московское центральное кольцо,8734736,7
187,2021,Август,Автобус,66343743,8
188,2021,Август,Трамвай,11558217,8
189,2021,Август,Троллейбус,5388,8
190,2021,Август,Электробус,7722428,8
191,2021,Август,Московский метрополитен,152691660,8
192,2021,Август,Московское центральное кольцо,9106638,8
193,2021,Сентябрь,Автобус,75659511,9
194,2021,Сентябрь,Трамвай,13689250,9
195,2021,Сентябрь,Троллейбус,4911,9
196,2021,Сентябрь,Электробус,9098291,9
197,2021,Сентябрь,Московский метрополитен,174228767,9
198,2021,Сентябрь,Московское центральное кольцо,10263802,9
199,2021,Октябрь,Автобус,77583528,10
200,2021,Октябрь,Трамвай,13659168,10
201,2021,Октябрь,Троллейбус,4667,10
202,2021,Октябрь,Электробус,9330775,10
203,2021,Октябрь,Московский метрополитен,174362919,10
204,2021,Октябрь,Московское центральное кольцо,10287091,10
205,2021,Ноябрь,Автобус,67413502,11
206,2021,Ноябрь,Трамвай,12066231,11
207,2021,Ноябрь,Троллейбус,5605,11
208,2021,Ноябрь,Электробус,8178655,11
209,2021,Ноябрь,Московский метрополитен,153748864,11
210,2021,Ноябрь,Московское центральное кольцо,9141398,11
211,2021,Декабрь,Автобус,73918741,12
212,2021,Декабрь,Трамвай,14104652,12
213,2021,Декабрь,Троллейбус,6467,12
214,2021,Декабрь,Электробус,9046186,12
215,2021,Декабрь,Московский метрополитен,187120649,12
216,2021,Декабрь,Московское центральное кольцо,10399351,12
217,2022,Январь,Автобус,59364162,1
218,2022,Январь,Трамвай,10918035,1
219,2022,Январь,Троллейбус,4577,1
220,2022,Январь,Электробус,7189045,1
221,2022,Январь,Московский метрополитен,142658611,1
222,2022,Январь,Московское центральное кольцо,7681798,1
223,2022,Февраль,Автобус,63917701,2
224,2022,Февраль,Трамвай,11850474,2
225,2022,Февраль,Троллейбус,4288,2
226,2022,Февраль,Электробус,7979050,2
227,2022,Февраль,Московский метрополитен,148920373,2
228,2022,Февраль,Московское центральное кольцо,8189925,2
229,2022,Март,Автобус,80917573,3
230,2022,Март,Трамвай,15143737,3
231,2022,Март,Троллейбус,5356,3
232,2022,Март,Электробус,10285547,3
233,2022,Март,Московский метрополитен,186258565,3
234,2022,Март,Московское центральное кольцо,10414015,3
235,2022,Апрель,Автобус,79354867,4
236,2022,Апрель,Трамвай,14714368,4
238,2022,Апрель,Электробус,10286813,4
239,2022,Апрель,Московский метрополитен,181107491,4
240,2022,Апрель,Московское центральное кольцо,10155687,4
241,2022,Май,Автобус,71600792,5
242,2022,Май,Трамвай,12680296,5
243,2022,Май,Электробус,9290117,5
244,2022,Май,Московский метрополитен,171024148,5
245,2022,Май,Московское центральное кольцо,9637620,5
246,2022,Июнь,Автобус,71251474,6
247,2022,Июнь,Трамвай,12355262,6
248,2022,Июнь,Электробус,9383242,6
249,2022,Июнь,Московский метрополитен,178147631,6
250,2022,Июнь,Московское центральное кольцо,10238476,6
251,2022,Июль,Автобус,65526491,7
252,2022,Июль,Трамвай,10373538,7
253,2022,Июль,Электробус,8749035,7
254,2022,Июль,Московский метрополитен,164627020,7
255,2022,Июль,Московское центральное кольцо,9509607,7
256,2022,Август,Автобус,67510139,8
257,2022,Август,Трамвай,10682660,8
258,2022,Август,Электробус,9224035,8
259,2022,Август,Московский метрополитен,166304946,8
260,2022,Август,Московское центральное кольцо,9626389,8
261,2022,Сентябрь,Автобус,76520857,9
262,2022,Сентябрь,Трамвай,12833097,9
263,2022,Сентябрь,Электробус,10697681,9
264,2022,Сентябрь,Московский метрополитен,183159860,9
265,2022,Сентябрь,Московское центральное кольцо,10412017,9
266,2022,Октябрь,Автобус,81671619,10
267,2022,Октябрь,Трамвай,13551334,10
268,2022,Октябрь,Электробус,11553998,10
269,2022,Октябрь,Московский метрополитен,184305526,10
270,2022,Октябрь,Московское центральное кольцо,10385818,10
271,2022,Ноябрь,Автобус,79071741,11
272,2022,Ноябрь,Трамвай,13423940,11
273,2022,Ноябрь,Электробус,11280527,11
274,2022,Ноябрь,Московский метрополитен,178357666,11
275,2022,Ноябрь,Московское центральное кольцо,10425247,11
276,2022,Декабрь,Автобус,80331030,12
277,2022,Декабрь,Трамвай,13759655,12
278,2022,Декабрь,Электробус,11470406,12
279,2022,Декабрь,Московский метрополитен,185600889,12
280,2022,Декабрь,Московское центральное кольцо,10609368,12
281,2023,Январь,Автобус,68373364,1
282,2023,Январь,Трамвай,11521891,1
283,2023,Январь,Электробус,9661201,1
284,2023,Январь,Московский метрополитен,153954763,1
285,2023,Январь,Московское центральное кольцо,8639362,1
286,2023,Февраль,Автобус,71087632,2
287,2023,Февраль,Трамвай,12402640,2
288,2023,Февраль,Электробус,10080845,2
289,2023,Февраль,Московский метрополитен,157554035,2
290,2023,Февраль,Московское центральное кольцо,9162294,2
291,2023,Март,Автобус,84816472,3
292,2023,Март,Трамвай,15106341,3
293,2023,Март,Электробус,12043851,3
294,2023,Март,Московский метрополитен,191019289,3
295,2023,Март,Московское центральное кольцо,10580664,3
296,2023,Апрель,Автобус,80802741,4
297,2023,Апрель,Трамвай,14658525,4
298,2023,Апрель,Электробус,11815062,4
299,2023,Апрель,Московский метрополитен,185367938,4
300,2023,Апрель,Московское центральное кольцо,10131742,4
301,2023,Май,Автобус,76790911,5
302,2023,Май,Трамвай,13789826,5
303,2023,Май,Электробус,10904093,5
304,2023,Май,Московский метрополитен,182834735,5
305,2023,Май,Московское центральное кольцо,10156334,5
306,2023,Июнь,Автобус,73253331,6
307,2023,Июнь,Трамвай,12837893,6
308,2023,Июнь,Электробус,10211779,6
309,2023,Июнь,Московский метрополитен,179465789,6
310,2023,Июнь,Московское центральное кольцо,9807073,6
311,2023,Июль,Автобус,68398612,7
312,2023,Июль,Трамвай,11372091,7
313,2023,Июль,Электробус,9684212,7
314,2023,Июль,Московский метрополитен,168481855,7
315,2023,Июль,Московское центральное кольцо,9196980,7
316,2023,Август,Автобус,71560776,8
317,2023,Август,Трамвай,12036829,8
318,2023,Август,Электробус,10622492,8
319,2023,Август,Московский метрополитен,173727680,8
320,2023,Август,Московское центральное кольцо,9686293,8
321,2023,Сентябрь,Автобус,79832992,9
322,2023,Сентябрь,Трамвай,14297423,9
323,2023,Сентябрь,Электробус,12093262,9
324,2023,Сентябрь,Московский метрополитен,189321653,9
325,2023,Сентябрь,Московское центральное кольцо,10513578,9
326,2023,Октябрь,Автобус,85567633,10
327,2023,Октябрь,Трамвай,15551262,10
328,2023,Октябрь,Электробус,13207610,10
329,2023,Октябрь,Московский метрополитен,196942195,10
330,2023,Октябрь,Московское центральное кольцо,10631877,10
331,2023,Ноябрь,Автобус,84690744,11
332,2023,Ноябрь,Трамвай,15833268,11
333,2023,Ноябрь,Электробус,13131644,11
334,2023,Ноябрь,Московский метрополитен,193186782,11
335,2023,Ноябрь,Московское центральное кольцо,10323984,11
336,2023,Декабрь,Автобус,85049712,12
337,2023,Декабрь,Трамвай,15953940,12
338,2023,Декабрь,Электробус,13681003,12
339,2023,Декабрь,Московский метрополитен,197730111,12
340,2023,Декабрь,Московское центральное кольцо,10036206,12
341,2024,Январь,Автобус,72998241,1
342,2024,Январь,Трамвай,13925842,1
343,2024,Январь,Электробус,11569243,1
344,2024,Январь,Московский метрополитен,167937736,1
345,2024,Январь,Московское центральное кольцо,8542237,1
346,2024,Февраль,Автобус,82328184,2
347,2024,Февраль,Трамвай,15699092,2
348,2024,Февраль,Электробус,13168517,2
349,2024,Февраль,Московский метрополитен,184532666,2
350,2024,Февраль,Московское центральное кольцо,9515057,2
351,2024,Март,Автобус,89769033,3
352,2024,Март,Трамвай,17321179,3
353,2024,Март,Электробус,14908004,3
354,2024,Март,Московский метрополитен,194238974,3
355,2024,Март,Московское центральное кольцо,10134800,3
356,2024,Апрель,Автобус,87430540,4
357,2024,Апрель,Трамвай,17381517,4
358,2024,Апрель,Электробус,15622663,4
359,2024,Апрель,Московский метрополитен,193694860,4
360,2024,Апрель,Московское центральное кольцо,10425323,4
361,2024,Май,Автобус,78222622,5
362,2024,Май,Трамвай,16568028,5
363,2024,Май,Электробус,15427054,5
364,2024,Май,Московский метрополитен,188650828,5
365,2024,Май,Московское центральное кольцо,10211843,5
366,2024,Июнь,Автобус,69521289,6
367,2024,Июнь,Трамвай,15029397,6
368,2024,Июнь,Электробус,14999549,6
369,2024,Июнь,Московский метрополитен,179103407,6
370,2024,Июнь,Московское центральное кольцо,9868160,6
371,2024,Июль,Автобус,66376254,7
372,2024,Июль,Трамвай,14609556,7
373,2024,Июль,Электробус,16139069,7
374,2024,Июль,Московский метрополитен,176362954,7
375,2024,Июль,Московское центральное кольцо,10237087,7
376,2024,Август,Автобус,66417956,8
377,2024,Август,Трамвай,14442610,8
378,2024,Август,Электробус,16862112,8
379,2024,Август,Московский метрополитен,174861878,8
380,2024,Август,Московское центральное кольцо,10113857,8
381,2024,Сентябрь,Автобус,72967078,9
382,2024,Сентябрь,Трамвай,16623958,9
383,2024,Сентябрь,Электробус,19394875,9
384,2024,Сентябрь,Московский метрополитен,190948549,9
385,2024,Сентябрь,Московское центральное кольцо,10888768,9
386,2024,Октябрь,Автобус,80817416,10
387,2024,Октябрь,Трамвай,18269321,10
388,2024,Октябрь,Электробус,22523368,10
389,2024,Октябрь,Московский метрополитен,206664134,10
390,2024,Октябрь,Московское центральное кольцо,11579062,10
391,2024,Ноябрь,Автобус,79060494,11
392,2024,Ноябрь,Трамвай,17379414,11
393,2024,Ноябрь,Электробус,23116380,11
394,2024,Ноябрь,Московский метрополитен,195405688,11
395,2024,Ноябрь,Московское центральное кольцо,10765672,11
396,2024,Декабрь,Автобус,81184088,12
397,2024,Декабрь,Трамвай,19289332,12
398,2024,Декабрь,Электробус,23904777,12
399,2024,Декабрь,Московский метрополитен,205402997,12
400,2024,Декабрь,Московское центральное кольцо,10797018,12
4001,2025,Январь,Автобус,70569398,1
4002,2025,Январь,Трамвай,16264325,1
4003,2025,Январь,Электробус,20883482,1
4004,2025,Январь,Московский метрополитен,17267643,1
4005,2025,Январь,Московское центральное кольцо,9039397,1
4006,2025,Февраль,Автобус,74023674,2
4007,2025,Февраль,Трамвай,17486864,2
4008,2025,Февраль,Электробус,21993279,2
4009,2025,Февраль,Московский метрополитен,178713189,2
4010,2025,Февраль,Московское центральное кольцо,9637845,2
4011,2025,Март,Автобус,81820120,3
4012,2025,Март,Трамвай,19734883,3
4013,2025,Март,Электробус,25497115,3
4014,2025,Март,Московский метрополитен,200450272,3
4015,2025,Март,Московское центральное кольцо,10969121,3
4016,2025,Апрель,Автобус,79718349,4
4017,2025,Апрель,Трамвай,19077339,4
4018,2025,Апрель,Электробус,25988593,4
4019,2025,Апрель,Московский метрополитен,197204991,4
4020,2025,Апрель,Московское центральное кольцо,10554707,4
4021,2025,Май,Автобус,71063855,5
4022,2025,Май,Трамвай,17250848,5
4023,2025,Май,Электробус,23182935,5
4024,2025,Май,Московский метрополитен,182532573,5
4025,2025,Май,Московское центральное кольцо,10000275,5
4026,2025,Июнь,Автобус,65036026,6
4027,2025,Июнь,Трамвай,15659056,6
4028,2025,Июнь,Электробус,21926471,6
4029,2025,Июнь,Московский метрополитен,177885859,6
4030,2025,Июнь,Московское центральное кольцо,9850407,6
4031,2025,Июль,Автобус,63277073,7
4032,2025,Июль,Трамвай,15335170,7
4033,2025,Июль,Электробус,22436712,7
4034,2025,Июль,Московский метрополитен,177672720,7
4035,2025,Июль,Московское центральное кольцо,9838160,7
4036,2025,Август,Автобус,62263195,8
4037,2025,Август,Трамвай,15196860,8
4038,2025,Август,Электробус,22564673,8
4039,2025,Август,Московский метрополитен,170809437,8
4040,2025,Август,Московское центральное кольцо,9059168,8
4041,2025,Сентябрь,Автобус,72364500,9
4042,2025,Сентябрь,Трамвай,18649328,9
4043,2025,Сентябрь,Электробус,26494172,9
4044,2025,Сентябрь,Московский метрополитен,201332013,9
4045,2025,Сентябрь,Московское центральное кольцо,10441376,9
4046,2025,Октябрь,Автобус,78379830,10
4047,2025,Октябрь,Трамвай,20392037,10
4048,2025,Октябрь,Электробус,29435637,10
4049,2025,Октябрь,Московский метрополитен,210666355,10
4050,2025,Октябрь,Московское центральное кольцо,11392904,10
