year,month,pax
2019,1,16851856
2019,2,18239165
2019,3,20424685
2019,4,21283179
2019,5,18087776
2019,6,17135891
2019,7,16504299
2019,8,14683203
2019,9,16780913
2019,10,17309875
2019,11,15940706
2019,12,19549852
2020,1,17002406
2020,2,18362856
2020,3,15285872
2020,4,3132020
2020,5,3533469
2020,6,8401189
2020,7,11212783
2020,8,12670171
2020,9,15788584
2020,10,10237557
2020,11,8754029
2020,12,9871095
2021,1,8114171
2021,2,9620990
2021,3,12990137
2021,4,14376953
2021,5,13654377
2021,6,13082360
2021,7,11735376
2021,8,11558217
2021,9,13689250
2021,10,13659168
2021,11,12066231
2021,12,14104652
2022,1,10918035
2022,2,11850474
2022,3,15143737
2022,4,14714368
2022,5,12680296
2022,6,12355262
2022,7,10373538
2022,8,10682660
2022,9,12833097
2022,10,13551334
2022,11,13423940
2022,12,13759655
2023,1,11521891
2023,2,12402640
2023,3,15106341
2023,4,14658525
2023,5,13789826
2023,6,12837893
2023,7,11372091
2023,8,12036829
2023,9,14297423
2023,10,15551262
2023,11,15833268
2023,12,15953940
2024,1,13925842
2024,2,15699092
2024,3,17321179
2024,4,17381517
2024,5,16568028
2024,6,15029397
2024,7,14609556
2024,8,14442610
2024,9,16623958
2024,10,18269321
2024,11,17379414
2024,12,19289332
2025,1,16264325
2025,2,17486864
2025,3,19734883
2025,4,19077339
2025,5,17250848
2025,6,15659056
2025,7,15335170
2025,8,15196860
2025,9,18649328
2025,10,20392037
