route,dt,hour,veh_typ,bpv_p75,bpv_p90,norms_until
1,sat,0,1.0,113.68181818181819,127.12307692307694,2025-10-31
1,sat,4,1.0,113.68181818181819,127.12307692307694,2025-10-31
1,sat,5,5.0,113.68181818181819,127.12307692307694,2025-10-31
1,sat,6,7.0,113.68181818181819,127.12307692307694,2025-10-31
1,sat,7,7.0,113.68181818181819,127.12307692307694,2025-10-31
1,sat,8,7.0,113.68181818181819,127.12307692307694,2025-10-31
1,sat,9,8.0,113.68181818181819,127.12307692307694,2025-10-31
1,sat,10,9.0,113.68181818181819,127.12307692307694,2025-10-31
1,sat,11,8.0,113.68181818181819,127.12307692307694,2025-10-31
1,sat,12,8.0,113.68181818181819,127.12307692307694,2025-10-31
1,sat,13,8.0,113.68181818181819,127.12307692307694,2025-10-31
1,sat,14,7.0,113.68181818181819,127.12307692307694,2025-10-31
1,sat,15,7.0,113.68181818181819,127.12307692307694,2025-10-31
1,sat,16,8.0,113.68181818181819,127.12307692307694,2025-10-31
1,sat,17,9.0,113.68181818181819,127.12307692307694,2025-10-31
1,sat,18,9.0,113.68181818181819,127.12307692307694,2025-10-31
1,sat,19,9.0,113.68181818181819,127.12307692307694,2025-10-31
1,sat,20,7.0,113.68181818181819,127.12307692307694,2025-10-31
1,sat,21,6.0,113.68181818181819,127.12307692307694,2025-10-31
1,sat,22,6.0,113.68181818181819,127.12307692307694,2025-10-31
1,sat,23,4.0,113.68181818181819,127.12307692307694,2025-10-31
1,sun,5,4.5,113.68181818181819,127.12307692307694,2025-10-31
1,sun,6,7.0,113.68181818181819,127.12307692307694,2025-10-31
1,sun,7,7.0,113.68181818181819,127.12307692307694,2025-10-31
1,sun,8,7.0,113.68181818181819,127.12307692307694,2025-10-31
1,sun,9,8.0,113.68181818181819,127.12307692307694,2025-10-31
1,sun,10,9.0,113.68181818181819,127.12307692307694,2025-10-31
1,sun,11,8.0,113.68181818181819,127.12307692307694,2025-10-31
1,sun,12,8.0,113.68181818181819,127.12307692307694,2025-10-31
1,sun,13,8.0,113.68181818181819,127.12307692307694,2025-10-31
1,sun,14,7.0,113.68181818181819,127.12307692307694,2025-10-31
1,sun,15,7.0,113.68181818181819,127.12307692307694,2025-10-31
1,sun,16,8.0,113.68181818181819,127.12307692307694,2025-10-31
1,sun,17,9.0,113.68181818181819,127.12307692307694,2025-10-31
1,sun,18,9.0,113.68181818181819,127.12307692307694,2025-10-31
1,sun,19,9.0,113.68181818181819,127.12307692307694,2025-10-31
1,sun,20,8.0,113.68181818181819,127.12307692307694,2025-10-31
1,sun,21,6.0,113.68181818181819,127.12307692307694,2025-10-31
1,sun,22,6.0,113.68181818181819,127.12307692307694,2025-10-31
1,sun,23,4.0,113.68181818181819,127.12307692307694,2025-10-31
1,wd,0,1.0,113.68181818181819,127.12307692307694,2025-10-31
1,wd,4,2.5,113.68181818181819,127.12307692307694,2025-10-31
1,wd,5,9.0,113.68181818181819,127.12307692307694,2025-10-31
1,wd,6,14.0,113.68181818181819,127.12307692307694,2025-10-31
1,wd,7,14.0,113.68181818181819,127.12307692307694,2025-10-31
1,wd,8,14.0,113.68181818181819,127.12307692307694,2025-10-31
1,wd,9,14.0,113.68181818181819,127.12307692307694,2025-10-31
1,wd,10,14.0,113.68181818181819,127.12307692307694,2025-10-31
1,wd,11,14.0,113.68181818181819,127.12307692307694,2025-10-31
1,wd,12,12.0,113.68181818181819,127.12307692307694,2025-10-31
1,wd,13,11.0,113.68181818181819,127.12307692307694,2025-10-31
1,wd,14,11.0,113.68181818181819,127.12307692307694,2025-10-31
1,wd,15,13.0,113.68181818181819,127.12307692307694,2025-10-31
1,wd,16,14.0,113.68181818181819,127.12307692307694,2025-10-31
1,wd,17,14.0,113.68181818181819,127.12307692307694,2025-10-31
1,wd,18,14.0,113.68181818181819,127.12307692307694,2025-10-31
1,wd,19,14.0,113.68181818181819,127.12307692307694,2025-10-31
1,wd,20,14.0,113.68181818181819,127.12307692307694,2025-10-31
1,wd,21,13.0,113.68181818181819,127.12307692307694,2025-10-31
1,wd,22,12.0,113.68181818181819,127.12307692307694,2025-10-31
1,wd,23,6.0,113.68181818181819,127.12307692307694,2025-10-31
7,sat,0,10.5,108.12708333333333,126.57000000000002,2025-10-31
7,sat,1,4.0,108.12708333333333,126.57000000000002,2025-10-31
7,sat,4,1.0,108.12708333333333,126.57000000000002,2025-10-31
7,sat,5,4.0,108.12708333333333,126.57000000000002,2025-10-31
7,sat,6,4.5,108.12708333333333,126.57000000000002,2025-10-31
7,sat,7,9.0,108.12708333333333,126.57000000000002,2025-10-31
7,sat,8,9.0,108.12708333333333,126.57000000000002,2025-10-31
7,sat,9,9.0,108.12708333333333,126.57000000000002,2025-10-31
7,sat,10,9.0,108.12708333333333,126.57000000000002,2025-10-31
7,sat,11,9.0,108.12708333333333,126.57000000000002,2025-10-31
7,sat,12,9.0,108.12708333333333,126.57000000000002,2025-10-31
7,sat,13,9.0,108.12708333333333,126.57000000000002,2025-10-31
7,sat,14,9.0,108.12708333333333,126.57000000000002,2025-10-31
7,sat,15,9.0,108.12708333333333,126.57000000000002,2025-10-31
7,sat,16,9.0,108.12708333333333,126.57000000000002,2025-10-31
7,sat,17,10.0,108.12708333333333,126.57000000000002,2025-10-31
7,sat,18,10.0,108.12708333333333,126.57000000000002,2025-10-31
7,sat,19,10.0,108.12708333333333,126.57000000000002,2025-10-31
7,sat,20,10.0,108.12708333333333,126.57000000000002,2025-10-31
7,sat,21,10.0,108.12708333333333,126.57000000000002,2025-10-31
7,sat,22,8.0,108.12708333333333,126.57000000000002,2025-10-31
7,sat,23,7.0,108.12708333333333,126.57000000000002,2025-10-31
7,sun,0,5.0,108.12708333333333,126.57000000000002,2025-10-31
7,sun,1,3.0,108.12708333333333,126.57000000000002,2025-10-31
7,sun,2,3.0,108.12708333333333,126.57000000000002,2025-10-31
7,sun,4,1.0,108.12708333333333,126.57000000000002,2025-10-31
7,sun,5,4.0,108.12708333333333,126.57000000000002,2025-10-31
7,sun,6,4.0,108.12708333333333,126.57000000000002,2025-10-31
7,sun,7,9.0,108.12708333333333,126.57000000000002,2025-10-31
7,sun,8,9.0,108.12708333333333,126.57000000000002,2025-10-31
7,sun,9,9.0,108.12708333333333,126.57000000000002,2025-10-31
7,sun,10,9.0,108.12708333333333,126.57000000000002,2025-10-31
7,sun,11,9.0,108.12708333333333,126.57000000000002,2025-10-31
7,sun,12,9.0,108.12708333333333,126.57000000000002,2025-10-31
7,sun,13,9.0,108.12708333333333,126.57000000000002,2025-10-31
7,sun,14,9.0,108.12708333333333,126.57000000000002,2025-10-31
7,sun,15,9.0,108.12708333333333,126.57000000000002,2025-10-31
7,sun,16,9.0,108.12708333333333,126.57000000000002,2025-10-31
7,sun,17,10.0,108.12708333333333,126.57000000000002,2025-10-31
7,sun,18,10.0,108.12708333333333,126.57000000000002,2025-10-31
7,sun,19,10.0,108.12708333333333,126.57000000000002,2025-10-31
7,sun,20,10.0,108.12708333333333,126.57000000000002,2025-10-31
7,sun,21,10.0,108.12708333333333,126.57000000000002,2025-10-31
7,sun,22,7.5,108.12708333333333,126.57000000000002,2025-10-31
7,sun,23,6.0,108.12708333333333,126.57000000000002,2025-10-31
7,wd,0,10.0,108.12708333333333,126.57000000000002,2025-10-31
7,wd,1,3.0,108.12708333333333,126.57000000000002,2025-10-31
7,wd,2,1.0,108.12708333333333,126.57000000000002,2025-10-31
7,wd,4,1.0,108.12708333333333,126.57000000000002,2025-10-31
7,wd,5,8.0,108.12708333333333,126.57000000000002,2025-10-31
7,wd,6,13.0,108.12708333333333,126.57000000000002,2025-10-31
7,wd,7,16.0,108.12708333333333,126.57000000000002,2025-10-31
7,wd,8,16.0,108.12708333333333,126.57000000000002,2025-10-31
7,wd,9,17.0,108.12708333333333,126.57000000000002,2025-10-31
7,wd,10,20.0,108.12708333333333,126.57000000000002,2025-10-31
7,wd,11,19.0,108.12708333333333,126.57000000000002,2025-10-31
7,wd,12,16.0,108.12708333333333,126.57000000000002,2025-10-31
7,wd,13,16.0,108.12708333333333,126.57000000000002,2025-10-31
7,wd,14,16.0,108.12708333333333,126.57000000000002,2025-10-31
7,wd,15,16.0,108.12708333333333,126.57000000000002,2025-10-31
7,wd,16,18.0,108.12708333333333,126.57000000000002,2025-10-31
7,wd,17,20.0,108.12708333333333,126.57000000000002,2025-10-31
7,wd,18,20.0,108.12708333333333,126.57000000000002,2025-10-31
7,wd,19,20.0,108.12708333333333,126.57000000000002,2025-10-31
7,wd,20,20.0,108.12708333333333,126.57000000000002,2025-10-31
7,wd,21,18.0,108.12708333333333,126.57000000000002,2025-10-31
7,wd,22,15.0,108.12708333333333,126.57000000000002,2025-10-31
7,wd,23,13.0,108.12708333333333,126.57000000000002,2025-10-31
11,sat,0,9.5,129.0,144.3830039525692,2025-10-31
11,sat,1,1.5,129.0,144.3830039525692,2025-10-31
11,sat,5,5.0,129.0,144.3830039525692,2025-10-31
11,sat,6,8.0,129.0,144.3830039525692,2025-10-31
11,sat,7,12.0,129.0,144.3830039525692,2025-10-31
11,sat,8,14.0,129.0,144.3830039525692,2025-10-31
11,sat,9,14.0,129.0,144.3830039525692,2025-10-31
11,sat,10,14.0,129.0,144.3830039525692,2025-10-31
11,sat,11,14.0,129.0,144.3830039525692,2025-10-31
11,sat,12,15.0,129.0,144.3830039525692,2025-10-31
11,sat,13,13.0,129.0,144.3830039525692,2025-10-31
11,sat,14,12.5,129.0,144.3830039525692,2025-10-31
11,sat,15,14.0,129.0,144.3830039525692,2025-10-31
11,sat,16,15.0,129.0,144.3830039525692,2025-10-31
11,sat,17,15.5,129.0,144.3830039525692,2025-10-31
11,sat,18,15.0,129.0,144.3830039525692,2025-10-31
11,sat,19,14.0,129.0,144.3830039525692,2025-10-31
11,sat,20,14.0,129.0,144.3830039525692,2025-10-31
11,sat,21,14.0,129.0,144.3830039525692,2025-10-31
11,sat,22,14.0,129.0,144.3830039525692,2025-10-31
11,sat,23,12.0,129.0,144.3830039525692,2025-10-31
11,sun,0,8.5,129.0,144.3830039525692,2025-10-31
11,sun,1,3.0,129.0,144.3830039525692,2025-10-31
11,sun,2,4.0,129.0,144.3830039525692,2025-10-31
11,sun,5,5.0,129.0,144.3830039525692,2025-10-31
11,sun,6,8.0,129.0,144.3830039525692,2025-10-31
11,sun,7,11.0,129.0,144.3830039525692,2025-10-31
11,sun,8,14.0,129.0,144.3830039525692,2025-10-31
11,sun,9,14.0,129.0,144.3830039525692,2025-10-31
11,sun,10,14.0,129.0,144.3830039525692,2025-10-31
11,sun,11,14.0,129.0,144.3830039525692,2025-10-31
11,sun,12,15.0,129.0,144.3830039525692,2025-10-31
11,sun,13,12.5,129.0,144.3830039525692,2025-10-31
11,sun,14,12.0,129.0,144.3830039525692,2025-10-31
11,sun,15,14.0,129.0,144.3830039525692,2025-10-31
11,sun,16,15.0,129.0,144.3830039525692,2025-10-31
11,sun,17,15.0,129.0,144.3830039525692,2025-10-31
11,sun,18,15.0,129.0,144.3830039525692,2025-10-31
11,sun,19,14.0,129.0,144.3830039525692,2025-10-31
11,sun,20,14.0,129.0,144.3830039525692,2025-10-31
11,sun,21,14.0,129.0,144.3830039525692,2025-10-31
11,sun,22,13.0,129.0,144.3830039525692,2025-10-31
11,sun,23,12.0,129.0,144.3830039525692,2025-10-31
11,wd,0,9.0,129.0,144.3830039525692,2025-10-31
11,wd,1,1.0,129.0,144.3830039525692,2025-10-31
11,wd,4,1.5,129.0,144.3830039525692,2025-10-31
11,wd,5,6.0,129.0,144.3830039525692,2025-10-31
11,wd,6,14.0,129.0,144.3830039525692,2025-10-31
11,wd,7,19.0,129.0,144.3830039525692,2025-10-31
11,wd,8,20.0,129.0,144.3830039525692,2025-10-31
11,wd,9,20.0,129.0,144.3830039525692,2025-10-31
11,wd,10,18.5,129.0,144.3830039525692,2025-10-31
11,wd,11,16.0,129.0,144.3830039525692,2025-10-31
11,wd,12,15.0,129.0,144.3830039525692,2025-10-31
11,wd,13,15.0,129.0,144.3830039525692,2025-10-31
11,wd,14,15.0,129.0,144.3830039525692,2025-10-31
11,wd,15,15.0,129.0,144.3830039525692,2025-10-31
11,wd,16,20.0,129.0,144.3830039525692,2025-10-31
11,wd,17,21.0,129.0,144.3830039525692,2025-10-31
11,wd,18,21.0,129.0,144.3830039525692,2025-10-31
11,wd,19,21.0,129.0,144.3830039525692,2025-10-31
11,wd,20,21.0,129.0,144.3830039525692,2025-10-31
11,wd,21,20.0,129.0,144.3830039525692,2025-10-31
11,wd,22,15.0,129.0,144.3830039525692,2025-10-31
11,wd,23,11.0,129.0,144.3830039525692,2025-10-31
12,sat,0,10.0,122.41964285714286,140.55833333333337,2025-10-31
12,sat,1,1.0,122.41964285714286,140.55833333333337,2025-10-31
12,sat,4,2.0,122.41964285714286,140.55833333333337,2025-10-31
12,sat,5,9.0,122.41964285714286,140.55833333333337,2025-10-31
12,sat,6,11.0,122.41964285714286,140.55833333333337,2025-10-31
12,sat,7,15.0,122.41964285714286,140.55833333333337,2025-10-31
12,sat,8,15.0,122.41964285714286,140.55833333333337,2025-10-31
12,sat,9,15.0,122.41964285714286,140.55833333333337,2025-10-31
12,sat,10,18.0,122.41964285714286,140.55833333333337,2025-10-31
12,sat,11,18.0,122.41964285714286,140.55833333333337,2025-10-31
12,sat,12,17.0,122.41964285714286,140.55833333333337,2025-10-31
12,sat,13,15.0,122.41964285714286,140.55833333333337,2025-10-31
12,sat,14,15.0,122.41964285714286,140.55833333333337,2025-10-31
12,sat,15,15.0,122.41964285714286,140.55833333333337,2025-10-31
12,sat,16,17.0,122.41964285714286,140.55833333333337,2025-10-31
12,sat,17,18.0,122.41964285714286,140.55833333333337,2025-10-31
12,sat,18,18.0,122.41964285714286,140.55833333333337,2025-10-31
12,sat,19,17.5,122.41964285714286,140.55833333333337,2025-10-31
12,sat,20,15.0,122.41964285714286,140.55833333333337,2025-10-31
12,sat,21,15.0,122.41964285714286,140.55833333333337,2025-10-31
12,sat,22,15.0,122.41964285714286,140.55833333333337,2025-10-31
12,sat,23,13.0,122.41964285714286,140.55833333333337,2025-10-31
12,sun,0,10.0,122.41964285714286,140.55833333333337,2025-10-31
12,sun,1,2.0,122.41964285714286,140.55833333333337,2025-10-31
12,sun,4,2.0,122.41964285714286,140.55833333333337,2025-10-31
12,sun,5,9.0,122.41964285714286,140.55833333333337,2025-10-31
12,sun,6,11.5,122.41964285714286,140.55833333333337,2025-10-31
12,sun,7,15.0,122.41964285714286,140.55833333333337,2025-10-31
12,sun,8,15.0,122.41964285714286,140.55833333333337,2025-10-31
12,sun,9,15.0,122.41964285714286,140.55833333333337,2025-10-31
12,sun,10,18.0,122.41964285714286,140.55833333333337,2025-10-31
12,sun,11,18.0,122.41964285714286,140.55833333333337,2025-10-31
12,sun,12,16.0,122.41964285714286,140.55833333333337,2025-10-31
12,sun,13,15.0,122.41964285714286,140.55833333333337,2025-10-31
12,sun,14,15.0,122.41964285714286,140.55833333333337,2025-10-31
12,sun,15,16.0,122.41964285714286,140.55833333333337,2025-10-31
12,sun,16,17.0,122.41964285714286,140.55833333333337,2025-10-31
12,sun,17,18.0,122.41964285714286,140.55833333333337,2025-10-31
12,sun,18,18.0,122.41964285714286,140.55833333333337,2025-10-31
12,sun,19,17.5,122.41964285714286,140.55833333333337,2025-10-31
12,sun,20,15.0,122.41964285714286,140.55833333333337,2025-10-31
12,sun,21,15.0,122.41964285714286,140.55833333333337,2025-10-31
12,sun,22,15.0,122.41964285714286,140.55833333333337,2025-10-31
12,sun,23,13.0,122.41964285714286,140.55833333333337,2025-10-31
12,wd,0,9.0,122.41964285714286,140.55833333333337,2025-10-31
12,wd,1,1.0,122.41964285714286,140.55833333333337,2025-10-31
12,wd,4,2.5,122.41964285714286,140.55833333333337,2025-10-31
12,wd,5,11.0,122.41964285714286,140.55833333333337,2025-10-31
12,wd,6,19.0,122.41964285714286,140.55833333333337,2025-10-31
12,wd,7,21.0,122.41964285714286,140.55833333333337,2025-10-31
12,wd,8,21.0,122.41964285714286,140.55833333333337,2025-10-31
12,wd,9,21.0,122.41964285714286,140.55833333333337,2025-10-31
12,wd,10,22.0,122.41964285714286,140.55833333333337,2025-10-31
12,wd,11,20.5,122.41964285714286,140.55833333333337,2025-10-31
12,wd,12,20.0,122.41964285714286,140.55833333333337,2025-10-31
12,wd,13,18.0,122.41964285714286,140.55833333333337,2025-10-31
12,wd,14,18.0,122.41964285714286,140.55833333333337,2025-10-31
12,wd,15,20.0,122.41964285714286,140.55833333333337,2025-10-31
12,wd,16,22.0,122.41964285714286,140.55833333333337,2025-10-31
12,wd,17,22.0,122.41964285714286,140.55833333333337,2025-10-31
12,wd,18,22.0,122.41964285714286,140.55833333333337,2025-10-31
12,wd,19,22.0,122.41964285714286,140.55833333333337,2025-10-31
12,wd,20,22.0,122.41964285714286,140.55833333333337,2025-10-31
12,wd,21,22.0,122.41964285714286,140.55833333333337,2025-10-31
12,wd,22,19.0,122.41964285714286,140.55833333333337,2025-10-31
12,wd,23,16.0,122.41964285714286,140.55833333333337,2025-10-31
17,sat,0,10.0,171.5,188.25071225071227,2025-10-31
17,sat,1,4.0,171.5,188.25071225071227,2025-10-31
17,sat,4,2.0,171.5,188.25071225071227,2025-10-31
17,sat,5,9.0,171.5,188.25071225071227,2025-10-31
17,sat,6,12.0,171.5,188.25071225071227,2025-10-31
17,sat,7,16.0,171.5,188.25071225071227,2025-10-31
17,sat,8,20.0,171.5,188.25071225071227,2025-10-31
17,sat,9,21.0,171.5,188.25071225071227,2025-10-31
17,sat,10,21.0,171.5,188.25071225071227,2025-10-31
17,sat,11,21.0,171.5,188.25071225071227,2025-10-31
17,sat,12,23.5,171.5,188.25071225071227,2025-10-31
17,sat,13,23.0,171.5,188.25071225071227,2025-10-31
17,sat,14,21.0,171.5,188.25071225071227,2025-10-31
17,sat,15,22.0,171.5,188.25071225071227,2025-10-31
17,sat,16,24.0,171.5,188.25071225071227,2025-10-31
17,sat,17,22.0,171.5,188.25071225071227,2025-10-31
17,sat,18,21.0,171.5,188.25071225071227,2025-10-31
17,sat,19,19.0,171.5,188.25071225071227,2025-10-31
17,sat,20,16.0,171.5,188.25071225071227,2025-10-31
17,sat,21,14.0,171.5,188.25071225071227,2025-10-31
17,sat,22,13.0,171.5,188.25071225071227,2025-10-31
17,sat,23,12.0,171.5,188.25071225071227,2025-10-31
17,sun,0,10.0,171.5,188.25071225071227,2025-10-31
17,sun,1,4.0,171.5,188.25071225071227,2025-10-31
17,sun,2,3.0,171.5,188.25071225071227,2025-10-31
17,sun,4,2.5,171.5,188.25071225071227,2025-10-31
17,sun,5,9.0,171.5,188.25071225071227,2025-10-31
17,sun,6,12.0,171.5,188.25071225071227,2025-10-31
17,sun,7,16.0,171.5,188.25071225071227,2025-10-31
17,sun,8,20.0,171.5,188.25071225071227,2025-10-31
17,sun,9,21.0,171.5,188.25071225071227,2025-10-31
17,sun,10,21.0,171.5,188.25071225071227,2025-10-31
17,sun,11,21.0,171.5,188.25071225071227,2025-10-31
17,sun,12,23.0,171.5,188.25071225071227,2025-10-31
17,sun,13,23.0,171.5,188.25071225071227,2025-10-31
17,sun,14,21.0,171.5,188.25071225071227,2025-10-31
17,sun,15,22.0,171.5,188.25071225071227,2025-10-31
17,sun,16,24.0,171.5,188.25071225071227,2025-10-31
17,sun,17,22.0,171.5,188.25071225071227,2025-10-31
17,sun,18,21.0,171.5,188.25071225071227,2025-10-31
17,sun,19,19.0,171.5,188.25071225071227,2025-10-31
17,sun,20,16.0,171.5,188.25071225071227,2025-10-31
17,sun,21,13.5,171.5,188.25071225071227,2025-10-31
17,sun,22,13.0,171.5,188.25071225071227,2025-10-31
17,sun,23,12.0,171.5,188.25071225071227,2025-10-31
17,wd,0,10.0,171.5,188.25071225071227,2025-10-31
17,wd,1,4.0,171.5,188.25071225071227,2025-10-31
17,wd,4,3.0,171.5,188.25071225071227,2025-10-31
17,wd,5,13.0,171.5,188.25071225071227,2025-10-31
17,wd,6,25.0,171.5,188.25071225071227,2025-10-31
17,wd,7,25.0,171.5,188.25071225071227,2025-10-31
17,wd,8,25.0,171.5,188.25071225071227,2025-10-31
17,wd,9,25.0,171.5,188.25071225071227,2025-10-31
17,wd,10,21.0,171.5,188.25071225071227,2025-10-31
17,wd,11,18.0,171.5,188.25071225071227,2025-10-31
17,wd,12,17.0,171.5,188.25071225071227,2025-10-31
17,wd,13,17.0,171.5,188.25071225071227,2025-10-31
17,wd,14,17.0,171.5,188.25071225071227,2025-10-31
17,wd,15,21.0,171.5,188.25071225071227,2025-10-31
17,wd,16,25.0,171.5,188.25071225071227,2025-10-31
17,wd,17,25.0,171.5,188.25071225071227,2025-10-31
17,wd,18,25.0,171.5,188.25071225071227,2025-10-31
17,wd,19,25.0,171.5,188.25071225071227,2025-10-31
17,wd,20,25.0,171.5,188.25071225071227,2025-10-31
17,wd,21,22.0,171.5,188.25071225071227,2025-10-31
17,wd,22,18.0,171.5,188.25071225071227,2025-10-31
17,wd,23,16.0,171.5,188.25071225071227,2025-10-31
25,sat,0,1.0,83.33333333333333,103.0,2025-10-31
25,sat,5,2.0,83.33333333333333,103.0,2025-10-31
25,sat,6,4.0,83.33333333333333,103.0,2025-10-31
25,sat,7,5.0,83.33333333333333,103.0,2025-10-31
25,sat,8,6.0,83.33333333333333,103.0,2025-10-31
25,sat,9,6.0,83.33333333333333,103.0,2025-10-31
25,sat,10,6.0,83.33333333333333,103.0,2025-10-31
25,sat,11,6.0,83.33333333333333,103.0,2025-10-31
25,sat,12,6.0,83.33333333333333,103.0,2025-10-31
25,sat,13,6.0,83.33333333333333,103.0,2025-10-31
25,sat,14,6.0,83.33333333333333,103.0,2025-10-31
25,sat,15,6.0,83.33333333333333,103.0,2025-10-31
25,sat,16,6.0,83.33333333333333,103.0,2025-10-31
25,sat,17,6.0,83.33333333333333,103.0,2025-10-31
25,sat,18,6.0,83.33333333333333,103.0,2025-10-31
25,sat,19,6.0,83.33333333333333,103.0,2025-10-31
25,sat,20,6.0,83.33333333333333,103.0,2025-10-31
25,sat,21,6.0,83.33333333333333,103.0,2025-10-31
25,sat,22,4.5,83.33333333333333,103.0,2025-10-31
25,sat,23,4.0,83.33333333333333,103.0,2025-10-31
25,sun,0,3.0,83.33333333333333,103.0,2025-10-31
25,sun,1,1.0,83.33333333333333,103.0,2025-10-31
25,sun,5,2.0,83.33333333333333,103.0,2025-10-31
25,sun,6,4.0,83.33333333333333,103.0,2025-10-31
25,sun,7,5.0,83.33333333333333,103.0,2025-10-31
25,sun,8,6.0,83.33333333333333,103.0,2025-10-31
25,sun,9,6.0,83.33333333333333,103.0,2025-10-31
25,sun,10,6.0,83.33333333333333,103.0,2025-10-31
25,sun,11,6.0,83.33333333333333,103.0,2025-10-31
25,sun,12,6.0,83.33333333333333,103.0,2025-10-31
25,sun,13,6.0,83.33333333333333,103.0,2025-10-31
25,sun,14,6.0,83.33333333333333,103.0,2025-10-31
25,sun,15,6.0,83.33333333333333,103.0,2025-10-31
25,sun,16,6.0,83.33333333333333,103.0,2025-10-31
25,sun,17,6.0,83.33333333333333,103.0,2025-10-31
25,sun,18,6.0,83.33333333333333,103.0,2025-10-31
25,sun,19,6.0,83.33333333333333,103.0,2025-10-31
25,sun,20,6.0,83.33333333333333,103.0,2025-10-31
25,sun,21,6.0,83.33333333333333,103.0,2025-10-31
25,sun,22,5.0,83.33333333333333,103.0,2025-10-31
25,sun,23,4.0,83.33333333333333,103.0,2025-10-31
25,wd,0,2.0,83.33333333333333,103.0,2025-10-31
25,wd,1,1.0,83.33333333333333,103.0,2025-10-31
25,wd,5,2.0,83.33333333333333,103.0,2025-10-31
25,wd,6,7.0,83.33333333333333,103.0,2025-10-31
25,wd,7,7.0,83.33333333333333,103.0,2025-10-31
25,wd,8,7.0,83.33333333333333,103.0,2025-10-31
25,wd,9,7.0,83.33333333333333,103.0,2025-10-31
25,wd,10,7.0,83.33333333333333,103.0,2025-10-31
25,wd,11,6.0,83.33333333333333,103.0,2025-10-31
25,wd,12,6.0,83.33333333333333,103.0,2025-10-31
25,wd,13,6.0,83.33333333333333,103.0,2025-10-31
25,wd,14,6.0,83.33333333333333,103.0,2025-10-31
25,wd,15,6.0,83.33333333333333,103.0,2025-10-31
25,wd,16,6.5,83.33333333333333,103.0,2025-10-31
25,wd,17,7.0,83.33333333333333,103.0,2025-10-31
25,wd,18,7.0,83.33333333333333,103.0,2025-10-31
25,wd,19,7.0,83.33333333333333,103.0,2025-10-31
25,wd,20,7.0,83.33333333333333,103.0,2025-10-31
25,wd,21,7.0,83.33333333333333,103.0,2025-10-31
25,wd,22,6.0,83.33333333333333,103.0,2025-10-31
25,wd,23,2.0,83.33333333333333,103.0,2025-10-31
26,sat,0,7.5,111.89166666666667,129.97500000000002,2025-10-31
26,sat,1,1.0,111.89166666666667,129.97500000000002,2025-10-31
26,sat,4,1.0,111.89166666666667,129.97500000000002,2025-10-31
26,sat,5,7.0,111.89166666666667,129.97500000000002,2025-10-31
26,sat,6,8.0,111.89166666666667,129.97500000000002,2025-10-31
26,sat,7,10.0,111.89166666666667,129.97500000000002,2025-10-31
26,sat,8,12.0,111.89166666666667,129.97500000000002,2025-10-31
26,sat,9,12.0,111.89166666666667,129.97500000000002,2025-10-31
26,sat,10,13.0,111.89166666666667,129.97500000000002,2025-10-31
26,sat,11,13.0,111.89166666666667,129.97500000000002,2025-10-31
26,sat,12,12.0,111.89166666666667,129.97500000000002,2025-10-31
26,sat,13,12.0,111.89166666666667,129.97500000000002,2025-10-31
26,sat,14,12.0,111.89166666666667,129.97500000000002,2025-10-31
26,sat,15,11.0,111.89166666666667,129.97500000000002,2025-10-31
26,sat,16,12.0,111.89166666666667,129.97500000000002,2025-10-31
26,sat,17,14.0,111.89166666666667,129.97500000000002,2025-10-31
26,sat,18,14.0,111.89166666666667,129.97500000000002,2025-10-31
26,sat,19,13.0,111.89166666666667,129.97500000000002,2025-10-31
26,sat,20,11.0,111.89166666666667,129.97500000000002,2025-10-31
26,sat,21,11.0,111.89166666666667,129.97500000000002,2025-10-31
26,sat,22,10.0,111.89166666666667,129.97500000000002,2025-10-31
26,sat,23,8.0,111.89166666666667,129.97500000000002,2025-10-31
26,sun,0,6.0,111.89166666666667,129.97500000000002,2025-10-31
26,sun,1,2.0,111.89166666666667,129.97500000000002,2025-10-31
26,sun,2,1.0,111.89166666666667,129.97500000000002,2025-10-31
26,sun,3,1.0,111.89166666666667,129.97500000000002,2025-10-31
26,sun,4,1.0,111.89166666666667,129.97500000000002,2025-10-31
26,sun,5,6.0,111.89166666666667,129.97500000000002,2025-10-31
26,sun,6,8.0,111.89166666666667,129.97500000000002,2025-10-31
26,sun,7,10.0,111.89166666666667,129.97500000000002,2025-10-31
26,sun,8,12.0,111.89166666666667,129.97500000000002,2025-10-31
26,sun,9,12.0,111.89166666666667,129.97500000000002,2025-10-31
26,sun,10,13.0,111.89166666666667,129.97500000000002,2025-10-31
26,sun,11,13.0,111.89166666666667,129.97500000000002,2025-10-31
26,sun,12,11.0,111.89166666666667,129.97500000000002,2025-10-31
26,sun,13,12.0,111.89166666666667,129.97500000000002,2025-10-31
26,sun,14,12.0,111.89166666666667,129.97500000000002,2025-10-31
26,sun,15,11.0,111.89166666666667,129.97500000000002,2025-10-31
26,sun,16,12.0,111.89166666666667,129.97500000000002,2025-10-31
26,sun,17,14.0,111.89166666666667,129.97500000000002,2025-10-31
26,sun,18,14.0,111.89166666666667,129.97500000000002,2025-10-31
26,sun,19,13.0,111.89166666666667,129.97500000000002,2025-10-31
26,sun,20,12.0,111.89166666666667,129.97500000000002,2025-10-31
26,sun,21,11.0,111.89166666666667,129.97500000000002,2025-10-31
26,sun,22,10.0,111.89166666666667,129.97500000000002,2025-10-31
26,sun,23,8.0,111.89166666666667,129.97500000000002,2025-10-31
26,wd,0,6.0,111.89166666666667,129.97500000000002,2025-10-31
26,wd,1,1.0,111.89166666666667,129.97500000000002,2025-10-31
26,wd,2,1.0,111.89166666666667,129.97500000000002,2025-10-31
26,wd,4,1.0,111.89166666666667,129.97500000000002,2025-10-31
26,wd,5,6.0,111.89166666666667,129.97500000000002,2025-10-31
26,wd,6,13.0,111.89166666666667,129.97500000000002,2025-10-31
26,wd,7,13.0,111.89166666666667,129.97500000000002,2025-10-31
26,wd,8,13.0,111.89166666666667,129.97500000000002,2025-10-31
26,wd,9,13.0,111.89166666666667,129.97500000000002,2025-10-31
26,wd,10,13.0,111.89166666666667,129.97500000000002,2025-10-31
26,wd,11,11.0,111.89166666666667,129.97500000000002,2025-10-31
26,wd,12,10.0,111.89166666666667,129.97500000000002,2025-10-31
26,wd,13,10.0,111.89166666666667,129.97500000000002,2025-10-31
26,wd,14,10.0,111.89166666666667,129.97500000000002,2025-10-31
26,wd,15,12.0,111.89166666666667,129.97500000000002,2025-10-31
26,wd,16,13.0,111.89166666666667,129.97500000000002,2025-10-31
26,wd,17,13.0,111.89166666666667,129.97500000000002,2025-10-31
26,wd,18,13.0,111.89166666666667,129.97500000000002,2025-10-31
26,wd,19,13.0,111.89166666666667,129.97500000000002,2025-10-31
26,wd,20,13.0,111.89166666666667,129.97500000000002,2025-10-31
26,wd,21,12.0,111.89166666666667,129.97500000000002,2025-10-31
26,wd,22,10.0,111.89166666666667,129.97500000000002,2025-10-31
26,wd,23,10.0,111.89166666666667,129.97500000000002,2025-10-31
28,sat,0,1.0,117.85714285714286,138.3857142857143,2025-10-31
28,sat,1,1.0,117.85714285714286,138.3857142857143,2025-10-31
28,sat,4,1.0,117.85714285714286,138.3857142857143,2025-10-31
28,sat,5,5.0,117.85714285714286,138.3857142857143,2025-10-31
28,sat,6,5.0,117.85714285714286,138.3857142857143,2025-10-31
28,sat,7,5.5,117.85714285714286,138.3857142857143,2025-10-31
28,sat,8,6.5,117.85714285714286,138.3857142857143,2025-10-31
28,sat,9,8.5,117.85714285714286,138.3857142857143,2025-10-31
28,sat,10,8.0,117.85714285714286,138.3857142857143,2025-10-31
28,sat,11,6.0,117.85714285714286,138.3857142857143,2025-10-31
28,sat,12,7.0,117.85714285714286,138.3857142857143,2025-10-31
28,sat,13,8.5,117.85714285714286,138.3857142857143,2025-10-31
28,sat,14,8.0,117.85714285714286,138.3857142857143,2025-10-31
28,sat,15,6.5,117.85714285714286,138.3857142857143,2025-10-31
28,sat,16,8.0,117.85714285714286,138.3857142857143,2025-10-31
28,sat,17,8.0,117.85714285714286,138.3857142857143,2025-10-31
28,sat,18,6.0,117.85714285714286,138.3857142857143,2025-10-31
28,sat,19,6.0,117.85714285714286,138.3857142857143,2025-10-31
28,sat,20,6.0,117.85714285714286,138.3857142857143,2025-10-31
28,sat,21,6.0,117.85714285714286,138.3857142857143,2025-10-31
28,sat,22,6.0,117.85714285714286,138.3857142857143,2025-10-31
28,sat,23,2.0,117.85714285714286,138.3857142857143,2025-10-31
28,sun,0,3.0,117.85714285714286,138.3857142857143,2025-10-31
28,sun,1,3.0,117.85714285714286,138.3857142857143,2025-10-31
28,sun,2,2.0,117.85714285714286,138.3857142857143,2025-10-31
28,sun,4,1.0,117.85714285714286,138.3857142857143,2025-10-31
28,sun,5,5.0,117.85714285714286,138.3857142857143,2025-10-31
28,sun,6,5.5,117.85714285714286,138.3857142857143,2025-10-31
28,sun,7,5.5,117.85714285714286,138.3857142857143,2025-10-31
28,sun,8,6.5,117.85714285714286,138.3857142857143,2025-10-31
28,sun,9,8.0,117.85714285714286,138.3857142857143,2025-10-31
28,sun,10,8.5,117.85714285714286,138.3857142857143,2025-10-31
28,sun,11,6.5,117.85714285714286,138.3857142857143,2025-10-31
28,sun,12,7.0,117.85714285714286,138.3857142857143,2025-10-31
28,sun,13,8.5,117.85714285714286,138.3857142857143,2025-10-31
28,sun,14,8.0,117.85714285714286,138.3857142857143,2025-10-31
28,sun,15,6.0,117.85714285714286,138.3857142857143,2025-10-31
28,sun,16,8.0,117.85714285714286,138.3857142857143,2025-10-31
28,sun,17,8.0,117.85714285714286,138.3857142857143,2025-10-31
28,sun,18,6.0,117.85714285714286,138.3857142857143,2025-10-31
28,sun,19,6.0,117.85714285714286,138.3857142857143,2025-10-31
28,sun,20,6.0,117.85714285714286,138.3857142857143,2025-10-31
28,sun,21,6.0,117.85714285714286,138.3857142857143,2025-10-31
28,sun,22,5.5,117.85714285714286,138.3857142857143,2025-10-31
28,sun,23,2.0,117.85714285714286,138.3857142857143,2025-10-31
28,wd,0,1.0,117.85714285714286,138.3857142857143,2025-10-31
28,wd,1,1.0,117.85714285714286,138.3857142857143,2025-10-31
28,wd,4,1.0,117.85714285714286,138.3857142857143,2025-10-31
28,wd,5,6.0,117.85714285714286,138.3857142857143,2025-10-31
28,wd,6,7.0,117.85714285714286,138.3857142857143,2025-10-31
28,wd,7,7.0,117.85714285714286,138.3857142857143,2025-10-31
28,wd,8,7.0,117.85714285714286,138.3857142857143,2025-10-31
28,wd,9,7.0,117.85714285714286,138.3857142857143,2025-10-31
28,wd,10,7.0,117.85714285714286,138.3857142857143,2025-10-31
28,wd,11,5.0,117.85714285714286,138.3857142857143,2025-10-31
28,wd,12,7.0,117.85714285714286,138.3857142857143,2025-10-31
28,wd,13,7.0,117.85714285714286,138.3857142857143,2025-10-31
28,wd,14,6.0,117.85714285714286,138.3857142857143,2025-10-31
28,wd,15,6.0,117.85714285714286,138.3857142857143,2025-10-31
28,wd,16,7.0,117.85714285714286,138.3857142857143,2025-10-31
28,wd,17,7.0,117.85714285714286,138.3857142857143,2025-10-31
28,wd,18,7.0,117.85714285714286,138.3857142857143,2025-10-31
28,wd,19,7.0,117.85714285714286,138.3857142857143,2025-10-31
28,wd,20,7.0,117.85714285714286,138.3857142857143,2025-10-31
28,wd,21,7.0,117.85714285714286,138.3857142857143,2025-10-31
28,wd,22,5.0,117.85714285714286,138.3857142857143,2025-10-31
28,wd,23,2.0,117.85714285714286,138.3857142857143,2025-10-31
50,sat,0,6.5,119.25147058823529,142.67536764705883,2025-10-31
50,sat,1,3.0,119.25147058823529,142.67536764705883,2025-10-31
50,sat,3,0.0,119.25147058823529,142.67536764705883,2025-10-31
50,sat,4,1.0,119.25147058823529,142.67536764705883,2025-10-31
50,sat,5,1.0,119.25147058823529,142.67536764705883,2025-10-31
50,sat,6,1.5,119.25147058823529,142.67536764705883,2025-10-31
50,sat,7,1.0,119.25147058823529,142.67536764705883,2025-10-31
50,sat,8,1.0,119.25147058823529,142.67536764705883,2025-10-31
50,sat,9,1.0,119.25147058823529,142.67536764705883,2025-10-31
50,sat,10,1.0,119.25147058823529,142.67536764705883,2025-10-31
50,sat,11,1.0,119.25147058823529,142.67536764705883,2025-10-31
50,sat,12,1.0,119.25147058823529,142.67536764705883,2025-10-31
50,sat,13,1.0,119.25147058823529,142.67536764705883,2025-10-31
50,sat,14,1.0,119.25147058823529,142.67536764705883,2025-10-31
50,sat,15,1.0,119.25147058823529,142.67536764705883,2025-10-31
50,sat,16,1.0,119.25147058823529,142.67536764705883,2025-10-31
50,sat,17,1.0,119.25147058823529,142.67536764705883,2025-10-31
50,sat,18,1.0,119.25147058823529,142.67536764705883,2025-10-31
50,sat,19,1.0,119.25147058823529,142.67536764705883,2025-10-31
50,sat,20,1.0,119.25147058823529,142.67536764705883,2025-10-31
50,sat,21,1.0,119.25147058823529,142.67536764705883,2025-10-31
50,sat,22,1.0,119.25147058823529,142.67536764705883,2025-10-31
50,sat,23,1.0,119.25147058823529,142.67536764705883,2025-10-31
50,sun,0,1.0,119.25147058823529,142.67536764705883,2025-10-31
50,sun,1,1.0,119.25147058823529,142.67536764705883,2025-10-31
50,sun,5,2.0,119.25147058823529,142.67536764705883,2025-10-31
50,sun,6,2.0,119.25147058823529,142.67536764705883,2025-10-31
50,sun,7,2.0,119.25147058823529,142.67536764705883,2025-10-31
50,sun,8,2.0,119.25147058823529,142.67536764705883,2025-10-31
50,sun,9,2.0,119.25147058823529,142.67536764705883,2025-10-31
50,sun,10,1.0,119.25147058823529,142.67536764705883,2025-10-31
50,sun,11,1.5,119.25147058823529,142.67536764705883,2025-10-31
50,sun,12,2.0,119.25147058823529,142.67536764705883,2025-10-31
50,sun,13,2.0,119.25147058823529,142.67536764705883,2025-10-31
50,sun,14,2.0,119.25147058823529,142.67536764705883,2025-10-31
50,sun,15,2.0,119.25147058823529,142.67536764705883,2025-10-31
50,sun,16,2.0,119.25147058823529,142.67536764705883,2025-10-31
50,sun,17,2.0,119.25147058823529,142.67536764705883,2025-10-31
50,sun,18,2.0,119.25147058823529,142.67536764705883,2025-10-31
50,sun,19,1.5,119.25147058823529,142.67536764705883,2025-10-31
50,sun,20,2.0,119.25147058823529,142.67536764705883,2025-10-31
50,sun,21,1.0,119.25147058823529,142.67536764705883,2025-10-31
50,sun,22,1.0,119.25147058823529,142.67536764705883,2025-10-31
50,sun,23,1.0,119.25147058823529,142.67536764705883,2025-10-31
50,wd,0,6.0,119.25147058823529,142.67536764705883,2025-10-31
50,wd,1,1.5,119.25147058823529,142.67536764705883,2025-10-31
50,wd,2,0.0,119.25147058823529,142.67536764705883,2025-10-31
50,wd,3,0.5,119.25147058823529,142.67536764705883,2025-10-31
50,wd,4,2.0,119.25147058823529,142.67536764705883,2025-10-31
50,wd,5,8.0,119.25147058823529,142.67536764705883,2025-10-31
50,wd,6,15.0,119.25147058823529,142.67536764705883,2025-10-31
50,wd,7,16.0,119.25147058823529,142.67536764705883,2025-10-31
50,wd,8,16.0,119.25147058823529,142.67536764705883,2025-10-31
50,wd,9,16.0,119.25147058823529,142.67536764705883,2025-10-31
50,wd,10,16.0,119.25147058823529,142.67536764705883,2025-10-31
50,wd,11,16.0,119.25147058823529,142.67536764705883,2025-10-31
50,wd,12,15.0,119.25147058823529,142.67536764705883,2025-10-31
50,wd,13,14.5,119.25147058823529,142.67536764705883,2025-10-31
50,wd,14,13.0,119.25147058823529,142.67536764705883,2025-10-31
50,wd,15,14.5,119.25147058823529,142.67536764705883,2025-10-31
50,wd,16,16.0,119.25147058823529,142.67536764705883,2025-10-31
50,wd,17,17.0,119.25147058823529,142.67536764705883,2025-10-31
50,wd,18,17.0,119.25147058823529,142.67536764705883,2025-10-31
50,wd,19,16.5,119.25147058823529,142.67536764705883,2025-10-31
50,wd,20,17.0,119.25147058823529,142.67536764705883,2025-10-31
50,wd,21,16.5,119.25147058823529,142.67536764705883,2025-10-31
50,wd,22,15.0,119.25147058823529,142.67536764705883,2025-10-31
50,wd,23,11.0,119.25147058823529,142.67536764705883,2025-10-31
