level,bucket,days_from,days_to,lo,hi,n
day,1–7 дней,1,7,0.814,1.132,378
day,8–30 дней,8,30,0.814,1.163,1242
day,31–61 день,31,61,0.814,1.163,1665
day,2–4 месяца,62,120,0.814,1.2,1089
day,4–12 месяцев,121,400,0.814,1.2,1125
hour,1–7 дней,1,7,0.714,1.263,7505
hour,8–30 дней,8,30,0.714,1.294,24744
hour,31–61 день,31,61,0.714,1.324,33180
hour,2–4 месяца,62,120,0.714,1.443,21850
hour,4–12 месяцев,121,400,0.643,1.443,22976
month,1–7 дней,1,7,0.885,1.101,108
month,8–30 дней,8,30,0.885,1.124,216
month,31–61 день,31,61,0.877,1.124,270
month,2–4 месяца,62,120,0.877,1.185,171
month,4–12 месяцев,121,400,0.869,1.185,171
week,1–7 дней,1,7,0.885,1.101,108
week,8–30 дней,8,30,0.885,1.124,216
week,31–61 день,31,61,0.877,1.124,270
week,2–4 месяца,62,120,0.877,1.185,171
week,4–12 месяцев,121,400,0.869,1.185,171
