stop,stop_name,lat,lon,res_buildings_400m,attractors_400m,res_floors_400m
6152,Усадьба Останкино,55.8227811,37.61705787,4.0,13.0,4.0
6153,Усадьба Останкино,55.82346959,37.61571397,2.0,9.0,2.0
3609,Аргуновская улица,55.82176481,37.62131379,19.0,15.0,19.0
3610,Улица Цандера,55.82175285,37.62821348,33.0,18.0,33.0
3611,ВДНХ (южный вход),55.82199764,37.63369298,20.0,16.0,20.0
11288,Метро «ВДНХ»,55.82398187,37.63883226,0.0,9.0,0.0
10148,ВДНХ (северный вход),55.82702627,37.64645487,11.0,25.0,11.0
22810,Проспект Мира,55.82629202,37.64880049,19.0,33.0,19.0
1212,Ярославская улица,55.82493055,37.65220128,28.0,46.0,28.0
1213,"Улица Бориса Галушкина, 17",55.82284593,37.65842513,44.0,28.0,44.0
1214,Площадь Академика Люльки,55.82155687,37.66259641,32.0,19.0,32.0
1215,Станция Юных натуралистов,55.81920196,37.6705852,3.0,5.0,3.0
1216,Лингвистический университет,55.81729369,37.67884815,0.0,3.0,0.0
7163,Ростокинский проезд,55.81532221,37.68398277,0.0,22.0,0.0
1001713,Богатырский мост,55.8167224,37.68907251,7.0,33.0,7.0
3613,Богородский храм,55.81479706,37.69410236,20.0,50.0,20.0
3614,Инновационный университет,55.81229936,37.69781074,20.0,30.0,20.0
3615,1-я Прогонная ул.,55.80998018,37.70357601,30.0,17.0,30.0
3616,Телерадиокомпания «МИР»,55.80717974,37.70608636,24.0,28.0,24.0
3617,Мосгорсуд,55.80466788,37.70709936,16.0,23.0,16.0
3618,Улица Хромова,55.79992558,37.71265136,18.0,26.0,18.0
8630,Метро «Преображенская площадь»,55.79762528,37.71451347,27.0,34.0,27.0
3850,Метро «Преображенская площадь»,55.79464714,37.71434124,38.0,67.0,38.0
22814,Преображенское кладбище,55.79186012,37.71531926,32.0,70.0,32.0
3649,Улица Преображенский Вал,55.78924832,37.71638709,22.0,47.0,22.0
7144,Улица Измайловский Вал,55.78742708,37.716869,13.0,44.0,13.0
3622,Метро «Семёновская»,55.78215255,37.72008527,15.0,66.0,15.0
3623,Улица Ибрагимова,55.78258775,37.73112375,36.0,33.0,36.0
3624,Фортунатовская ул.,55.78286096,37.73864919,36.0,28.0,36.0
16916,Мост Окружной железной дороги,55.78379333,37.74609084,8.0,5.0,8.0
8844,Метро «Партизанская»,55.78654187,37.75022768,0.0,23.0,0.0
3627,Главная аллея,55.7866487,37.76169693,0.0,0.0,0.0
7894,Галерея «Измайлово»,55.79007904,37.77092625,24.0,12.0,24.0
3628,Измайловская площадь,55.79207947,37.77820362,85.0,35.0,85.0
3629,3-я Парковая улица,55.79281619,37.78379377,84.0,41.0,84.0
3630,5-я Парковая улица,55.792988,37.78902938,99.0,40.0,99.0
3631,7-я Парковая улица,55.79311915,37.79476118,103.0,36.0,103.0
3632,Метро «Первомайская»,55.79317447,37.80028776,80.0,35.0,80.0
4072,Районный центр «Первомайский»,55.79327873,37.80625892,76.0,30.0,76.0
3691,13-я Парковая улица,55.79339478,37.81327101,75.0,48.0,75.0
3633,15-я Парковая улица,55.79350052,37.8198454,61.0,35.0,61.0
10463,Восточное Измайлово,55.79448147,37.82268714,44.0,20.0,44.0
3707,Восточное Измайлово,55.79364821,37.82154062,53.0,26.0,53.0
3636,15-я Парковая улица,55.7935984,37.81852669,67.0,39.0,67.0
3637,13-я Парковая улица,55.79349712,37.8121004,70.0,48.0,70.0
4070,Районный центр «Первомайский»,55.79337532,37.80490753,75.0,30.0,75.0
4073,Метро «Первомайская»,55.79327072,37.79854007,84.0,38.0,84.0
3638,7-я Парковая улица,55.79321952,37.79330963,99.0,43.0,99.0
3639,5-я Парковая улица,55.79308626,37.78740798,93.0,41.0,93.0
3640,3-я Парковая улица,55.7927587,37.78212551,81.0,42.0,81.0
6257,Измайловская площадь,55.79145605,37.77504648,58.0,23.0,58.0
7896,Галерея «Измайлово»,55.79019455,37.7708356,24.0,12.0,24.0
7897,Главная аллея,55.78678655,37.76108428,0.0,0.0,0.0
8843,Метро «Партизанская»,55.78665204,37.75092424,0.0,23.0,0.0
16917,Мост Окружной железной дороги,55.78365525,37.74594301,8.0,5.0,8.0
3644,Фортунатовская улица,55.78309315,37.73908137,37.0,28.0,37.0
3645,Улица Ибрагимова,55.78269035,37.73005338,37.0,36.0,37.0
3646,Метро «Семёновская»,55.78238945,37.72186995,19.0,59.0,19.0
22812,Метро «Семёновская»,55.78259463,37.71879049,12.0,74.0,12.0
3648,Улица Измайловский Вал,55.78746136,37.717206,13.0,40.0,13.0
22817,Улица Преображенский Вал,55.78927165,37.7167225,22.0,44.0,22.0
5854,Преображенское кладбище,55.79196763,37.71557242,34.0,66.0,34.0
8595,Метро «Преображенская площадь»,55.79467081,37.71483784,40.0,59.0,40.0
3650,Метро «Преображенская площадь»,55.7970052,37.71486676,32.0,41.0,32.0
3651,Улица Хромова,55.80015014,37.71291695,21.0,26.0,21.0
3652,Мосгорсуд,55.80443371,37.70748084,16.0,22.0,16.0
3653,Телерадиокомпания «МИР»,55.80682671,37.70662416,26.0,27.0,26.0
3654,1-я Прогонная улица,55.81000988,37.70393402,32.0,15.0,32.0
3655,Инновационный университет,55.81258472,37.69763443,21.0,32.0,21.0
4531,Богородский храм,55.81493563,37.69426254,21.0,49.0,21.0
3656,Богатырский мост,55.81691335,37.68915058,7.0,33.0,7.0
7120,Ростокинский проезд,55.81570202,37.68489199,0.0,22.0,0.0
1233,Лингвистический университет,55.81738739,37.6789477,0.0,2.0,0.0
21896,Станция Юных натуралистов,55.81930408,37.67074453,3.0,5.0,3.0
1235,Площадь Академика Люльки,55.8216512,37.66268397,31.0,19.0,31.0
7164,"Улица Бориса Галушкина, 17",55.82292335,37.65853611,43.0,28.0,43.0
7165,Ярославская улица,55.82497515,37.6524134,28.0,45.0,28.0
1238,Проспект Мира,55.82637175,37.64888199,18.0,34.0,18.0
10149,ВДНХ (северный вход),55.82728059,37.64595709,10.0,25.0,10.0
10150,Метро «ВДНХ»,55.82395384,37.63855518,0.0,8.0,0.0
3657,ВДНХ (южный вход),55.82214444,37.6339465,19.0,15.0,19.0
3658,Улица Цандера,55.8218625,37.62890637,32.0,17.0,32.0
3659,Аргуновская улица,55.82192054,37.62187219,20.0,14.0,20.0
3329,Северное Медведково,55.88737823,37.64372646,26.0,6.0,26.0
3330,Северное Медведково,55.88686436,37.64258743,23.0,9.0,23.0
13175,Улица Тихомирова,55.88479352,37.64179594,24.0,12.0,24.0
3286,Поликлиника,55.88198239,37.63910293,21.0,16.0,21.0
3331,Улица Молодцова,55.87889939,37.63611889,25.0,13.0,25.0
3287,Культурно-досуговый центр,55.87444009,37.63693151,40.0,13.0,40.0
3288,МФЦ Южное Медведково,55.87175104,37.63767508,43.0,22.0,43.0
3289,Проезд Шокальского,55.87148746,37.64633695,30.0,17.0,30.0
3290,Сухонская улица,55.87139526,37.65163632,12.0,13.0,12.0
3291,Олонецкий проезд,55.87035378,37.65833397,13.0,23.0,13.0
3292,Метро «Бабушкинская»,55.86807931,37.66336063,34.0,35.0,34.0
3293,Печорская улица,55.86424614,37.66135479,28.0,18.0,28.0
3294,Радужная улица,55.85984921,37.65995105,31.0,19.0,31.0
10828,Верхоянская улица,55.85709678,37.66133749,33.0,16.0,33.0
3295,Берингов проезд,55.85441424,37.6650347,18.0,19.0,18.0
3296,Социальный фонд России,55.85052124,37.67050688,1.0,9.0,1.0
3297,Северянинский путепровод,55.84567509,37.6689648,0.0,4.0,0.0
3298,МЦК Ростокино,55.84315257,37.66534786,0.0,6.0,0.0
3299,Улица Докукина,55.83697398,37.65792893,55.0,19.0,55.0
3300,Сельскохозяйственная улица,55.83266096,37.65264608,20.0,16.0,20.0
13139,Улица Сергея Эйзенштейна,55.82968132,37.64941735,9.0,19.0,9.0
1002848,Улица Сергея Эйзенштейна,55.82894054,37.64898979,11.0,26.0,11.0
3316,Сельскохозяйственная улица,55.831874,37.65211964,15.0,18.0,15.0
3317,Улица Докукина,55.83693377,37.65819636,54.0,19.0,54.0
3318,МЦК Ростокино,55.84283841,37.66524215,1.0,5.0,1.0
15726,Северянинский путепровод,55.8459839,37.66963112,0.0,4.0,0.0
3320,Социальный фонд России,55.85073276,37.67070145,1.0,10.0,1.0
3321,Берингов проезд,55.85472757,37.66489151,17.0,20.0,17.0
10827,Верхоянская улица,55.85668426,37.66196591,33.0,12.0,33.0
3322,Радужная улица,55.85949898,37.66023251,32.0,19.0,32.0
2927,Печорская улица,55.86457503,37.66177432,28.0,22.0,28.0
13707,Метро «Бабушкинская»,55.86834731,37.66368467,34.0,34.0,34.0
18279,Олонецкий проезд,55.87035569,37.65951787,19.0,29.0,19.0
3324,Сухонская улица,55.87141353,37.65240185,10.0,15.0,10.0
3325,Проезд Шокальского,55.87171121,37.64846077,24.0,16.0,24.0
2437,МФЦ «Южное Медведково»,55.87172511,37.63795971,43.0,22.0,43.0
3326,Культурно-досуговый центр,55.87414701,37.63721766,41.0,14.0,41.0
3327,Улица Молодцова,55.8779133,37.63611544,29.0,14.0,29.0
3328,Поликлиника,55.88162384,37.63907886,22.0,17.0,22.0
3333,Улица Тихомирова,55.88584138,37.64302665,27.0,10.0,27.0
3699,Б. Ширяевская ул.,55.81055324,37.6852145,0.0,11.0,0.0
3700,2-й Ширяевский переулок,55.8087641,37.68764082,0.0,16.0,0.0
7114,Б. Оленья ул.,55.8056826,37.6916174,0.0,17.0,0.0
7115,Майский просек,55.80262127,37.68838214,2.0,11.0,2.0
3701,Ул. Короленко,55.79949205,37.68612005,26.0,17.0,26.0
7116,Охотничья улица,55.79579391,37.682814,31.0,26.0,31.0
7117,ПКиО «Сокольники»,55.79263076,37.68047038,19.0,53.0,19.0
6741,Метро «Сокольники»,55.79171398,37.6796462,17.0,54.0,17.0
1000242,Метро «Сокольники»,55.79193124,37.67950094,17.0,57.0,17.0
6246,ПКиО «Сокольники»,55.79257493,37.68092823,18.0,57.0,18.0
7111,Охотничья улица,55.79569407,37.68302898,31.0,26.0,31.0
3662,Ул. Короленко,55.79922875,37.68615588,26.0,19.0,26.0
7112,Майский просек,55.80277099,37.68880387,2.0,11.0,2.0
7113,Большая Оленья улица,55.80546837,37.69184905,0.0,17.0,0.0
3663,2-й Ширяевский переулок,55.80849671,37.68830626,0.0,17.0,0.0
3664,Б. Ширяевская ул.,55.81065824,37.68540604,0.0,12.0,0.0
7195,Ростокинский проезд,55.81514063,37.68563378,0.0,25.0,0.0
1001697,Проезд Энтузиастов,55.75406834,37.72564519,4.0,24.0,4.0
6264,Д/к «Компрессор»,55.75309599,37.72392332,7.0,23.0,7.0
1009094,Метро «Авиамоторная»,55.75246234,37.72077085,21.0,32.0,21.0
14572,Метро «Авиамоторная»,55.75147797,37.71547704,30.0,41.0,30.0
6145,МЭИ,55.75430749,37.7085669,12.0,63.0,12.0
6146,Улица Лефортовский Вал,55.75758486,37.69877343,13.0,23.0,13.0
6147,1-й Краснокурсантский проезд,55.7592608,37.69359889,13.0,11.0,13.0
6265,Лефортовский мост,55.76122152,37.68816311,13.0,11.0,13.0
4161,Лефортовская набережная,55.76292813,37.68256222,8.0,37.0,8.0
4162,МГТУ имени Н.Э. Баумана,55.76521016,37.68025952,19.0,60.0,19.0
4163,Денисовский переулок,55.76665618,37.68002092,28.0,64.0,28.0
4164,Аптекарский переулок,55.7679783,37.67975659,42.0,71.0,42.0
1000865,Метро «Бауманская»,55.77201601,37.67884812,61.0,101.0,61.0
13382,Басманный двор,55.77521461,37.67800527,37.0,104.0,37.0
4192,Поликлиника,55.77717624,37.6733427,21.0,82.0,21.0
4168,Ольховская улица,55.77653641,37.67044956,17.0,86.0,17.0
10605,Метро «Красносельская»,55.77922939,37.66677288,25.0,63.0,25.0
13919,Метро «Комсомольская»,55.77552831,37.65623168,3.0,30.0,3.0
22638,МЦД Площадь трёх вокзалов,55.77473788,37.65289941,5.0,62.0,5.0
3450,Каланчёвская улица,55.77634369,37.64971228,12.0,73.0,12.0
21551,Пантелеевская улица,55.77951421,37.64543248,33.0,54.0,33.0
7258,Астраханский переулок,55.77974859,37.64162925,45.0,76.0,45.0
13134,Ботанический переулок,55.77997341,37.6391092,45.0,83.0,45.0
4173,Метро «Проспект Мира»,55.7804434,37.6345373,38.0,105.0,38.0
16514,Метро «Проспект Мира»,55.7807391,37.63235141,29.0,90.0,29.0
14133,Ул. Гиляровского,55.77919093,37.63072917,34.0,81.0,34.0
4174,Улица Щепкина,55.77836559,37.62956519,33.0,84.0,33.0
1002615,Театр зверей имени Дурова,55.7790867,37.62317172,18.0,33.0,18.0
4176,Самотёчная улица,55.77860272,37.61683998,32.0,43.0,32.0
4177,4-й Самотёчный переулок,55.77930654,37.61339067,39.0,53.0,39.0
4178,Селезнёвская улица,55.78053319,37.60917231,37.0,82.0,37.0
4179,Улица Достоевского,55.78262541,37.61100272,25.0,76.0,25.0
22369,Площадь Борьбы,55.7849683,37.60655513,24.0,90.0,24.0
4180,Главный корпус МИИТ,55.78711533,37.6089579,26.0,74.0,26.0
1000594,МИИТ,55.78888604,37.61010557,32.0,70.0,32.0
6289,Ул. Образцова,55.79008834,37.60876638,20.0,67.0,20.0
6290,Дворец культуры МИИТ,55.78979413,37.60447266,32.0,68.0,32.0
6598,Минаевский переулок,55.7895382,37.60115188,43.0,54.0,43.0
10559,Тихвинский пер.,55.78791637,37.60050042,55.0,60.0,55.0
21550,Улица Палиха,55.78448009,37.60112545,43.0,100.0,43.0
10322,Метро «Менделеевская»,55.78209511,37.60161373,29.0,111.0,29.0
6594,Метро «Новослободская»,55.77994394,37.60200011,26.0,95.0,26.0
6595,Метро «Новослободская»,55.77881888,37.60448405,35.0,89.0,35.0
6596,Метро «Новослободская»,55.78000991,37.60232677,27.0,95.0,27.0
10323,Метро «Менделеевская»,55.78228264,37.60173587,30.0,112.0,30.0
21549,Улица Палиха,55.78579101,37.60160559,42.0,86.0,42.0
10560,Тихвинский пер.,55.7875859,37.60090453,55.0,68.0,55.0
6294,Минаевский переулок,55.78947323,37.60257556,38.0,62.0,38.0
1000596,Дворец культуры МИИТ,55.7896183,37.60493144,29.0,73.0,29.0
6295,Улица Образцова,55.78993401,37.60909998,24.0,70.0,24.0
22621,МИИТ,55.78904404,37.60980978,29.0,73.0,29.0
6576,Главный корпус МИИТ,55.78745457,37.6089145,27.0,71.0,27.0
1009846,Площадь Борьбы,55.78433889,37.60644146,20.0,93.0,20.0
4181,Улица Достоевского,55.78302671,37.61039943,26.0,90.0,26.0
4182,Селезнёвская улица,55.78114054,37.6091626,30.0,83.0,30.0
13136,4-й Самотёчный переулок,55.77937305,37.61283405,39.0,61.0,39.0
4184,Самотёчная улица,55.77847152,37.6166926,33.0,44.0,33.0
4185,Театр зверей имени Дурова,55.77897066,37.62313801,19.0,34.0,19.0
4186,Улица Щепкина,55.77826007,37.62996712,35.0,87.0,35.0
13137,Ул. Гиляровского,55.77922948,37.63100066,34.0,80.0,34.0
16515,Метро «Проспект Мира»,55.78055104,37.63249961,30.0,92.0,30.0
4187,Метро «Проспект Мира»,55.78033636,37.63426668,37.0,104.0,37.0
13135,Ботанический переулок,55.77978343,37.63967709,46.0,74.0,46.0
4172,Астраханский переулок,55.77959408,37.64217475,43.0,76.0,43.0
21542,Пантелеевская улица,55.77943766,37.64511275,33.0,56.0,33.0
3422,Каланчёвская улица,55.77587563,37.65008548,10.0,74.0,10.0
22640,МЦД Площадь трёх вокзалов,55.77458851,37.65317522,5.0,63.0,5.0
13920,Метро «Комсомольская»,55.77528444,37.65583193,3.0,33.0,3.0
4190,Метро «Красносельская»,55.7791991,37.66570764,24.0,58.0,24.0
10745,Нижняя Красносельская улица,55.77887804,37.66688661,21.0,63.0,21.0
10604,Ольховская улица,55.77660998,37.66984771,17.0,81.0,17.0
4167,Поликлиника,55.77707564,37.67372519,20.0,79.0,20.0
10603,Басманный двор,55.7751935,37.67773965,37.0,106.0,37.0
1000866,Метро «Бауманская»,55.77263602,37.67843822,60.0,111.0,60.0
1001044,Аптекарский переулок,55.76913697,37.67929408,53.0,88.0,53.0
4196,Денисовский переулок,55.76670192,37.67977961,30.0,64.0,30.0
4197,МГТУ имени Н.Э. Баумана,55.76561047,37.67997633,24.0,64.0,24.0
10755,Лефортовская наб.,55.76279897,37.68146317,8.0,36.0,8.0
4198,Лефортовский мост,55.76110625,37.68814406,13.0,13.0,13.0
6149,1-й Краснокурсантский проезд,55.7588792,37.69444216,13.0,14.0,13.0
6150,Улица Лефортовский Вал,55.75718541,37.69963718,13.0,26.0,13.0
6151,МЭИ,55.75447742,37.70782279,13.0,58.0,13.0
5342,Метро «Авиамоторная»,55.75150237,37.7161645,30.0,39.0,30.0
1009095,Метро «Авиамоторная»,55.75236271,37.72082716,22.0,32.0,22.0
6266,Д/к «Компрессор»,55.75291464,37.72378877,6.0,24.0,6.0
1418,Проспект Маршала Жукова,55.78006437,37.45359613,23.0,10.0,23.0
1408,Проспект Маршала Жукова,55.78032455,37.4549463,28.0,11.0,28.0
1409,Улица Маршала Тухачевского,55.784334,37.45560771,54.0,15.0,54.0
1410,Бассейн,55.78879008,37.45420905,40.0,12.0,40.0
1411,Ул. Рогова,55.79403487,37.45450846,30.0,10.0,30.0
1412,"Живописная улица, 50",55.80119738,37.45037153,16.0,18.0,16.0
15354,Детская поликлиника,55.80551417,37.45330094,38.0,15.0,38.0
1119,Метро «Щукинская»,55.80986251,37.46243587,26.0,25.0,26.0
851,Диспансер,55.81008377,37.46914555,13.0,15.0,13.0
852,Покровское-Стрешнево,55.81029249,37.47476729,5.0,10.0,5.0
1032,Улица Академика Курчатова,55.81035022,37.47657816,4.0,12.0,4.0
453,Пехотная улица,55.81053286,37.48329928,5.0,23.0,5.0
14864,Улица Панфилова,55.80899596,37.49353232,29.0,30.0,29.0
17831,Университет «РОСБИОТЕХ»,55.80787893,37.4989788,26.0,52.0,26.0
17833,Гидропроект,55.80679541,37.50463194,19.0,40.0,19.0
17827,Метро «Сокол»,55.80578153,37.50857732,27.0,33.0,27.0
17832,Гидропроект,55.80679241,37.50542906,20.0,41.0,20.0
17830,Университет «РОСБИОТЕХ»,55.80797177,37.49902646,27.0,51.0,27.0
14865,Улица Панфилова,55.80909901,37.49360758,30.0,32.0,30.0
460,Пехотная улица,55.81068655,37.48287667,5.0,23.0,5.0
1037,Ул. Акад. Курчатова,55.81049225,37.47657704,4.0,12.0,4.0
853,Диспансер,55.8102312,37.46984677,10.0,13.0,10.0
13637,Метро «Щукинская»,55.81003609,37.46293639,25.0,26.0,25.0
854,Медицинский центр имени Бурназяна,55.8069643,37.4582395,44.0,31.0,44.0
15355,Детская п-ка,55.80569873,37.4537933,41.0,16.0,41.0
1414,"Живописная улица, 50",55.80132797,37.45019063,16.0,16.0,16.0
1415,Ул. Рогова,55.7943447,37.45425561,30.0,10.0,30.0
1416,Бассейн,55.7893206,37.45400168,37.0,10.0,37.0
1417,Ул. Марш. Тухачевского,55.78475302,37.45513171,54.0,15.0,54.0
8605,Метро «Бульвар Рокоссовского»,55.81425897,37.73418276,46.0,24.0,46.0
8604,Метро «Бульвар Рокоссовского»,55.81522012,37.7329065,52.0,27.0,52.0
3693,5-й пр. Подбельского,55.81686572,37.72699156,63.0,24.0,63.0
3694,3-й проезд Подбельского,55.81835183,37.72173105,48.0,19.0,48.0
3695,Игральная ул.,55.81836239,37.71625979,56.0,20.0,56.0
3696,Погонный проезд,55.81977294,37.70979649,52.0,22.0,52.0
3697,Ланинский переулок,55.81903485,37.70534718,63.0,22.0,63.0
3698,Богородское,55.81702234,37.7008883,59.0,23.0,59.0
6162,Богородский храм,55.81492094,37.69562276,26.0,48.0,26.0
6242,Преображенская площадь,55.79524841,37.70927947,20.0,65.0,20.0
3445,Трамв. депо им. Русакова,55.79456422,37.69947064,29.0,80.0,29.0
6365,Малая Остроумовская улица,55.79319443,37.690769,53.0,79.0,53.0
6366,Клуб Русакова - Сцена «Мельников»,55.7915125,37.68653569,33.0,58.0,33.0
1002188,Метро «Сокольники»,55.78931715,37.68092463,29.0,63.0,29.0
6164,МЦД Митьково,55.78526693,37.67560718,29.0,57.0,29.0
6165,Леснорядская улица,55.78170137,37.67039099,37.0,60.0,37.0
6166,Метро «Красносельская»,55.77971829,37.66659557,27.0,60.0,27.0
22368,Площадь Борьбы,55.78515112,37.60507099,30.0,83.0,30.0
16606,Улица Палиха,55.78482452,37.6006964,42.0,94.0,42.0
16608,Лесная улица,55.78384494,37.59629689,51.0,103.0,51.0
16609,Миусское депо,55.78107394,37.59229699,39.0,73.0,39.0
16611,ДК Зуева,55.77938614,37.58970088,31.0,68.0,31.0
16612,Метро «Белорусская»,55.77726964,37.58648288,10.0,60.0,10.0
1001795,Белорусский вокзал,55.77634643,37.58343516,20.0,54.0,20.0
16614,Метро «Белорусская»,55.77714634,37.58669239,11.0,60.0,11.0
1002779,ДК Зуева,55.77925154,37.58994928,30.0,69.0,30.0
16610,Миусское депо,55.78086451,37.59247197,38.0,77.0,38.0
16607,Лесная улица,55.78370364,37.59664108,51.0,103.0,51.0
21544,Улица Палиха,55.78514864,37.60259878,37.0,92.0,37.0
6760,Леснорядская улица,55.78173574,37.6707031,36.0,58.0,36.0
6157,МЦД Митьково,55.78534016,37.67586004,29.0,55.0,29.0
14018,Метро «Сокольники»,55.78926192,37.68108697,28.0,64.0,28.0
3702,Клуб Русакова - Сцена «Мельников»,55.79142768,37.68664524,32.0,58.0,32.0
6158,М. Остроумовская ул.,55.7931836,37.69116107,53.0,77.0,53.0
6159,Трамвайное депо имени Русакова,55.79429628,37.69824516,36.0,85.0,36.0
3703,Преображенская площадь,55.79516086,37.70936603,23.0,66.0,23.0
6160,Богородский храм,55.81489989,37.69588962,27.0,47.0,27.0
3665,Богородское,55.81657268,37.70056572,58.0,22.0,58.0
3666,Ланинский переулок,55.81876844,37.70494203,65.0,21.0,65.0
3667,Погонный проезд,55.81963163,37.71011632,53.0,25.0,53.0
3952,Игральная улица,55.81848072,37.71553261,56.0,20.0,56.0
3668,3-й проезд Подбельского,55.81800234,37.72105631,49.0,21.0,49.0
3692,5-й пр. Подбельского,55.81698697,37.72597918,62.0,23.0,62.0
21450,Метро «Семёновская»,55.78165116,37.71850165,13.0,73.0,13.0
4659,Кирпичная улица,55.77756426,37.72132116,34.0,28.0,34.0
22816,Вольная улица,55.77530992,37.72335535,25.0,19.0,25.0
4074,10-я улица Соколиной Горы,55.77217249,37.72620637,18.0,9.0,18.0
3927,9-я улица Соколиной Горы,55.76985337,37.72829742,25.0,15.0,25.0
4657,8-я улица Соколиной Горы,55.76801258,37.72997799,39.0,29.0,39.0
10406,"Проспект Будённого, 24",55.76537644,37.73237164,66.0,35.0,66.0
4661,5-я улица Соколиной Горы,55.76250165,37.73501869,63.0,32.0,63.0
16114,3-я улица Соколиной Горы,55.76037197,37.73699846,44.0,38.0,44.0
3941,Гаражная улица,55.75726262,37.73982687,10.0,32.0,10.0
6090,Улица Буракова,55.75573979,37.73763786,4.0,29.0,4.0
22095,Горбатый путепровод,55.75019468,37.70916248,13.0,42.0,13.0
6009,Душинская улица,55.74863737,37.70119769,16.0,25.0,16.0
15496,Старообрядческая улица,55.74786714,37.69482339,5.0,10.0,5.0
7606,МЦД Москва-Товарная,55.74743741,37.68921718,8.0,11.0,8.0
14922,Метро «Площадь Ильича»,55.74687906,37.68165749,31.0,33.0,31.0
6011,Библиотечная улица,55.74524225,37.67860398,37.0,57.0,37.0
6012,Новорогожская улица,55.74318985,37.67672405,48.0,44.0,48.0
6013,Малая Андроньевская улица,55.74057473,37.67422608,44.0,33.0,44.0
22949,Абельмановская Застава,55.73798843,37.67244582,44.0,37.0,44.0
6014,Кинотеатр «Победа»,55.73521976,37.67026601,34.0,39.0,34.0
6023,Метро «Пролетарская»,55.73133132,37.6634618,28.0,68.0,28.0
8610,Динамовская улица,55.72975115,37.66152474,22.0,55.0,22.0
8611,Арбатецкая улица,55.72684475,37.66331442,37.0,43.0,37.0
1000509,Шарикоподшипниковская ул.,55.72424032,37.66395416,45.0,26.0,45.0
6016,ЦНИИТМАШ,55.72188493,37.66849532,31.0,31.0,31.0
6020,Новоостаповская улица,55.72083739,37.67388165,17.0,28.0,17.0
5387,Метро «Дубровка»,55.71818243,37.6760721,13.0,37.0,13.0
10737,МЦК Дубровка,55.71537983,37.67823797,11.0,34.0,11.0
8439,МЦК Дубровка,55.71421404,37.67850074,11.0,33.0,11.0
8098,МЦК Дубровка,55.71521257,37.67853812,9.0,36.0,9.0
6019,Метро «Дубровка»,55.71787208,37.67652303,13.0,37.0,13.0
6017,Новоостаповская ул.,55.72044752,37.6746132,15.0,27.0,15.0
6021,ЦНИИТМАШ,55.72198839,37.66913948,29.0,31.0,29.0
3788,Шарикоподшипниковская улица,55.72367835,37.66417052,47.0,28.0,47.0
8612,Арбатецкая улица,55.72674768,37.66354269,38.0,43.0,38.0
8613,Динамовская улица,55.73006156,37.66156425,22.0,57.0,22.0
7193,Метро «Пролетарская»,55.73134335,37.66409171,29.0,66.0,29.0
6024,Кинотеатр «Победа»,55.73487675,37.67037214,34.0,39.0,34.0
6025,Абельмановская Застава,55.73794835,37.67259894,46.0,36.0,46.0
6026,Новорогожская улица,55.74348693,37.67741908,49.0,48.0,49.0
6027,Библиотечная улица,55.74522631,37.67909484,41.0,51.0,41.0
8459,Метро «Площадь Ильича»,55.74677458,37.68172587,31.0,34.0,31.0
7605,МЦД Москва-Товарная,55.74728437,37.68839958,8.0,13.0,8.0
15495,Старообрядческая улица,55.74765675,37.69341695,4.0,6.0,4.0
6029,Душинская улица,55.74870511,37.7020464,14.0,29.0,14.0
22096,Горбатый путепровод,55.74993524,37.70844553,12.0,41.0,12.0
6087,Улица Буракова,55.75562951,37.73757411,4.0,28.0,4.0
3930,Гаражная улица,55.75737659,37.73988521,9.0,33.0,9.0
7143,3-я улица Соколиной Горы,55.76110903,37.73645468,51.0,38.0,51.0
3863,5-я улица Соколиной Горы,55.76358271,37.73419408,65.0,34.0,65.0
10702,"Проспект Будённого, 24",55.76541912,37.73250897,68.0,35.0,68.0
4660,8-я улица Соколиной Горы,55.76798773,37.73015084,39.0,29.0,39.0
3943,9-я улица Соколиной Горы,55.77063947,37.72774494,19.0,12.0,19.0
4069,10-я улица Соколиной Горы,55.7727669,37.7258268,19.0,9.0,19.0
22815,Вольная улица,55.77534646,37.7234992,25.0,19.0,25.0
4658,Кирпичная улица,55.77764821,37.72136516,34.0,29.0,34.0
2594,Чертаново Южное,55.59468022,37.59088377,19.0,10.0,19.0
2595,Чертаново Южное,55.59657683,37.58807507,21.0,19.0,21.0
7879,Поликлиника,55.59872098,37.58852605,27.0,24.0,27.0
2597,ОВД «Чертаново Южное»,55.60048714,37.58896473,32.0,16.0,32.0
3804,"Чертановская улица, 53",55.60246308,37.58945246,33.0,17.0,33.0
7880,Кировоградские пруды,55.60611312,37.5903004,35.0,16.0,35.0
2598,"Чертановская ул., 44",55.60899713,37.59102749,34.0,13.0,34.0
2599,Чертаново Центральное,55.61351128,37.59215968,31.0,15.0,31.0
2600,Детская стоматологическая п-ка,55.61623051,37.59299208,25.0,17.0,25.0
3805,"Чертановская ул., 28",55.61949019,37.59394526,24.0,18.0,24.0
7883,Кинотеатр «Ашхабад»,55.62456713,37.59605983,33.0,6.0,33.0
2602,Школьный парк,55.62849035,37.59899743,32.0,18.0,32.0
2603,Футбольная школа Чертаново,55.63118209,37.60102877,29.0,20.0,29.0
2604,Сумской проезд,55.63486141,37.60393742,25.0,11.0,25.0
2605,Верхний Чертановский пруд,55.63774302,37.60526029,18.0,18.0,18.0
2606,Метро «Чертановская»,55.64036325,37.60573152,31.0,24.0,31.0
2607,Балаклавский проспект,55.64306927,37.60569728,43.0,22.0,43.0
2608,Черноморский бульв.,55.6451741,37.60565615,54.0,32.0,54.0
2609,"Симферопольский бульвар, 20",55.64941433,37.60557104,49.0,44.0,49.0
2610,Метро «Каховская»,55.65282905,37.60547027,55.0,34.0,55.0
2611,Болотниковская улица,55.65634537,37.60558607,59.0,34.0,59.0
2612,Москворецкий рынок,55.65841001,37.60862856,45.0,34.0,45.0
2613,Болотниковская улица,55.65619014,37.60520769,58.0,33.0,58.0
2614,Метро «Каховская»,55.65364496,37.60528804,56.0,31.0,56.0
2615,"Симферопольский бульвар, 20",55.64911174,37.60538678,51.0,40.0,51.0
2616,Черноморский бульвар,55.64561675,37.60545188,54.0,37.0,54.0
2617,Балаклавский проспект,55.64261869,37.6055104,42.0,21.0,42.0
2618,Метро «Чертановская»,55.64029108,37.60549058,29.0,23.0,29.0
2619,Верхний Чертановский пруд,55.63783765,37.60508089,18.0,18.0,18.0
2620,Сумской проезд,55.6339017,37.60309472,28.0,11.0,28.0
2621,Футбольная школа Чертаново,55.63134129,37.60087457,28.0,19.0,28.0
2622,Школьный парк,55.62872139,37.59842823,35.0,17.0,35.0
2623,Кинотеатр «Ашхабад»,55.62422888,37.59565143,33.0,7.0,33.0
3806,"Чертановская ул., 28",55.61971205,37.5937583,28.0,17.0,28.0
2625,Детская стоматологическая п-ка,55.61639525,37.59277378,26.0,17.0,26.0
2626,Чертаново Центральное,55.6117993,37.59149031,31.0,15.0,31.0
7884,"Чертановская ул., 44",55.60913901,37.59083221,34.0,13.0,34.0
7885,Кировоградские пруды,55.60600164,37.59010077,38.0,16.0,38.0
3807,"Чертановская улица, 53",55.60254477,37.5892918,31.0,16.0,31.0
2627,ОВД «Чертаново Южное»,55.60080494,37.5888636,31.0,14.0,31.0
2596,Поликлиника,55.5989509,37.58842431,28.0,22.0,28.0
2628,Чертаново Южное,55.59667811,37.58788823,20.0,18.0,20.0
10483,Метро «Университет»,55.69215235,37.53585096,16.0,34.0,16.0
7520,Метро «Университет»,55.69200226,37.53774477,14.0,31.0,14.0
7521,Драмтеатр,55.6911226,37.53936972,17.0,28.0,17.0
7522,Ленинский проспект,55.68842872,37.54392267,27.0,29.0,27.0
10267,Центр здоровья детей,55.68613066,37.54800952,34.0,45.0,34.0
7523,Черёмушкинский рынок,55.68437825,37.55110568,29.0,45.0,29.0
7524,Улица Вавилова,55.68495853,37.55548116,31.0,31.0,31.0
7525,Улица Ивана Бабушкина,55.68366332,37.55918413,43.0,30.0,43.0
7526,Метро «Профсоюзная»,55.68145099,37.56600375,52.0,44.0,52.0
7527,Новочерёмушкинская улица,55.67855872,37.57433277,38.0,49.0,38.0
7528,Центр детского творчества,55.67715419,37.57846359,41.0,37.0,41.0
7529,Черемушки,55.67963432,37.58466175,38.0,39.0,38.0
7530,Улица Дмитрия Ульянова,55.68288996,37.59001361,39.0,36.0,39.0
7531,Улица Винокурова,55.68642839,37.59387645,62.0,27.0,62.0
7532,Улица Шверника,55.68861124,37.59617088,48.0,30.0,48.0
7533,Загородное шоссе,55.69210366,37.60281273,40.0,26.0,40.0
7534,"Севастопольский просп., 1",55.69395605,37.60764812,55.0,20.0,55.0
7535,Больница имени Алексеева,55.69713106,37.6118449,17.0,17.0,17.0
7536,Спортивная школа «Тринта»,55.69992624,37.61441684,14.0,18.0,14.0
7537,Духовской переулок,55.70431787,37.61255573,17.0,41.0,17.0
7538,3-я Рощинская улица,55.70782666,37.61074575,42.0,47.0,42.0
7539,3-й Верхний Михайловский проезд,55.70868646,37.60704013,36.0,59.0,36.0
21196,Серпуховский Вал,55.71245611,37.60681415,47.0,50.0,47.0
7509,Улица Лестева,55.71594899,37.60819923,52.0,69.0,52.0
7510,Метро «Шаболовская»,55.7188024,37.60926929,39.0,92.0,39.0
7511,Фабрика «Ударница»,55.72283532,37.61079894,47.0,77.0,47.0
1000531,Метро «Октябрьская»,55.72647653,37.61175601,21.0,82.0,21.0
17247,Метро «Октябрьская»,55.72705729,37.61314841,19.0,85.0,19.0
1001581,Метро «Октябрьская»,55.72704107,37.61162365,19.0,74.0,19.0
7514,Фабрика «Ударница»,55.72271058,37.61037693,46.0,73.0,46.0
7515,Метро «Шаболовская»,55.71861051,37.60887152,41.0,92.0,41.0
7516,Улица Лестева,55.71416264,37.60710998,52.0,61.0,52.0
7541,Серпуховский Вал,55.71094042,37.60602967,47.0,41.0,47.0
7542,3-я Рощинская улица,55.70826712,37.60920888,36.0,50.0,36.0
7543,Духовской переулок,55.70472969,37.61190382,16.0,44.0,16.0
7544,Спортивная школа «Тринта»,55.70032311,37.61458372,14.0,23.0,14.0
7545,Больница имени Алексеева,55.69757043,37.61206706,15.0,17.0,15.0
7546,"Севастопольский проспект, 1",55.69370774,37.60668363,56.0,21.0,56.0
7547,Загородное шоссе,55.69202928,37.60230172,38.0,26.0,38.0
7548,Ул. Шверника,55.68907905,37.59646542,46.0,27.0,46.0
7549,Ул. Винокурова,55.686293,37.59352235,63.0,27.0,63.0
7550,Ул. Дмитрия Ульянова,55.68269583,37.58960901,38.0,36.0,38.0
7551,Черемушки,55.68021859,37.5851882,35.0,45.0,35.0
7552,Центр детского творчества,55.67715779,37.57975688,36.0,40.0,36.0
7553,Новочеремушкинская ул.,55.67881237,37.57396122,34.0,53.0,34.0
7554,Метро «Профсоюзная»,55.681021,37.56752311,43.0,44.0,43.0
7555,Улица Ивана Бабушкина,55.68357592,37.56003437,47.0,28.0,47.0
7556,Улица Вавилова,55.6853891,37.55475974,31.0,34.0,31.0
4894,Черёмушкинский рынок,55.68463876,37.55088954,29.0,48.0,29.0
7414,Центр здоровья детей,55.68637382,37.54784886,32.0,43.0,32.0
4893,Ленинский проспект,55.68867271,37.54377134,28.0,29.0,28.0
4892,Драмтеатр,55.6908799,37.54002938,18.0,26.0,18.0
5457,Метро «Университет»,55.69260894,37.53699175,13.0,33.0,13.0
