stop,R,A
6152,4,13
6153,2,9
3609,19,15
3610,33,18
3611,20,16
11288,0,9
10148,11,25
22810,19,33
1212,28,46
1213,44,28
1214,32,19
1215,3,5
1216,0,3
7163,0,22
1001713,7,33
3613,20,50
3614,20,30
3615,30,17
3616,24,28
3617,16,23
3618,18,26
8630,27,34
3850,38,67
22814,32,70
3649,22,47
7144,13,44
3622,15,66
3623,36,33
3624,36,28
16916,8,5
8844,0,23
3627,0,0
7894,24,12
3628,85,35
3629,84,41
3630,99,40
3631,103,36
3632,80,35
4072,76,30
3691,75,48
3633,61,35
10463,44,20
3707,53,26
3636,67,39
3637,70,48
4070,75,30
4073,84,38
3638,99,43
3639,93,41
3640,81,42
6257,58,23
7896,24,12
7897,0,0
8843,0,23
16917,8,5
3644,37,28
3645,37,36
3646,19,59
22812,12,74
3648,13,40
22817,22,44
5854,34,66
8595,40,59
3650,32,41
3651,21,26
3652,16,22
3653,26,27
3654,32,15
3655,21,32
4531,21,49
3656,7,33
7120,0,22
1233,0,2
21896,3,5
1235,31,19
7164,43,28
7165,28,45
1238,18,34
10149,10,25
10150,0,8
3657,19,15
3658,32,17
3659,20,14
3329,26,6
3330,23,9
13175,24,12
3286,21,16
3331,25,13
3287,40,13
3288,43,22
3289,30,17
3290,12,13
3291,13,23
3292,34,35
3293,28,18
3294,31,19
10828,33,16
3295,18,19
3296,1,9
3297,0,4
3298,0,6
3299,55,19
3300,20,16
13139,9,19
1002848,11,26
3316,15,18
3317,54,19
3318,1,5
15726,0,4
3320,1,10
3321,17,20
10827,33,12
3322,32,19
2927,28,22
13707,34,34
18279,19,29
3324,10,15
3325,24,16
2437,43,22
3326,41,14
3327,29,14
3328,22,17
3333,27,10
3699,0,11
3700,0,16
7114,0,17
7115,2,11
3701,26,17
7116,31,26
7117,19,53
6741,17,54
1000242,17,57
6246,18,57
7111,31,26
3662,26,19
7112,2,11
7113,0,17
3663,0,17
3664,0,12
7195,0,25
1001697,4,24
6264,7,23
1009094,21,32
14572,30,41
6145,12,63
6146,13,23
6147,13,11
6265,13,11
4161,8,37
4162,19,60
4163,28,64
4164,42,71
1000865,61,101
13382,37,104
4192,21,82
4168,17,86
10605,25,63
13919,3,30
22638,5,62
3450,12,73
10322,29,111
6594,26,95
6595,35,89
6596,27,95
10323,30,112
21549,42,86
10560,55,68
6294,38,62
1000596,29,73
6295,24,70
22621,29,73
6576,27,71
1009846,20,93
4181,26,90
4182,30,83
13136,39,61
4184,33,44
4185,19,34
4186,35,87
13137,34,80
16515,30,92
4187,37,104
13135,46,74
4172,43,76
21542,33,56
3422,10,74
22640,5,63
13920,3,33
4190,24,58
10745,21,63
10604,17,81
4167,20,79
10603,37,106
1000866,60,111
1001044,53,88
4196,30,64
4197,24,64
10755,8,36
4198,13,13
6149,13,14
6150,13,26
6151,13,58
5342,30,39
1009095,22,32
6266,6,24
1418,23,10
1408,28,11
1409,54,15
1410,40,12
1411,30,10
1412,16,18
15354,38,15
1119,26,25
851,13,15
852,5,10
1032,4,12
453,5,23
14864,29,30
17831,26,52
17833,19,40
17827,27,33
17832,20,41
17830,27,51
14865,30,32
460,5,23
1037,4,12
853,10,13
13637,25,26
854,44,31
15355,41,16
1414,16,16
1415,30,10
1416,37,10
1417,54,15
8605,46,24
8604,52,27
3693,63,24
3694,48,19
3695,56,20
3696,52,22
3697,63,22
3698,59,23
6162,26,48
6242,20,65
3445,29,80
6365,53,79
6366,33,58
1002188,29,63
6164,29,57
6165,37,60
6166,27,60
22368,30,83
16606,42,94
16608,51,103
16609,39,73
16611,31,68
16612,10,60
1001795,20,54
16614,11,60
1002779,30,69
16610,38,77
16607,51,103
21544,37,92
6760,36,58
6157,29,55
14018,28,64
3702,32,58
6158,53,77
6159,36,85
3703,23,66
6160,27,47
3665,58,22
3666,65,21
3667,53,25
3952,56,20
3668,49,21
3692,62,23
21450,13,73
4659,34,28
22816,25,19
4074,18,9
3927,25,15
4657,39,29
10406,66,35
4661,63,32
16114,44,38
3941,10,32
6090,4,29
22095,13,42
6009,16,25
15496,5,10
7606,8,11
14922,31,33
6011,37,57
6012,48,44
6013,44,33
22949,44,37
6014,34,39
6023,28,68
8610,22,55
8611,37,43
1000509,45,26
6016,31,31
6020,17,28
5387,13,37
10737,11,34
8439,11,33
8098,9,36
6019,13,37
6017,15,27
6021,29,31
3788,47,28
8612,38,43
8613,22,57
7193,29,66
6024,34,39
6025,46,36
6026,49,48
6027,41,51
8459,31,34
2617,42,21
2618,29,23
2619,18,18
2620,28,11
2621,28,19
2622,35,17
2623,33,7
3806,28,17
2625,26,17
2626,31,15
7884,34,13
7885,38,16
3807,31,16
2627,31,14
2596,28,22
2628,20,18
10483,16,34
7520,14,31
7521,17,28
7522,27,29
10267,34,45
7523,29,45
7524,31,31
7525,43,30
7526,52,44
7527,38,49
7528,41,37
7529,38,39
7530,39,36
7531,62,27
7532,48,30
7533,40,26
7534,55,20
7535,17,17
7536,14,18
7537,17,41
7538,42,47
7539,36,59
21196,47,50
7509,52,69
7510,39,92
7511,47,77
1000531,21,82
17247,19,85
1001581,19,74
7514,46,73
7515,41,92
7516,52,61
7541,47,41
7542,36,50
7543,16,44
7544,14,23
7545,15,17
7546,56,21
7547,38,26
7548,46,27
7549,63,27
7550,38,36
7551,35,45
7552,36,40
7553,34,53
7554,43,44
7555,47,28
7556,31,34
4894,29,48
7414,32,43
4893,28,29
4892,18,26
5457,13,33
21551,33,54
7258,45,76
13134,45,83
4173,38,105
16514,29,90
14133,34,81
4174,33,84
1002615,18,33
4176,32,43
4177,39,53
4178,37,82
4179,25,76
22369,24,90
4180,26,74
1000594,32,70
6289,20,67
6290,32,68
6598,43,54
10559,55,60
21550,43,100
7605,8,13
15495,4,6
6029,14,29
22096,12,41
6087,4,28
3930,9,33
7143,51,38
3863,65,34
10702,68,35
4660,39,29
3943,19,12
4069,19,9
22815,25,19
4658,34,29
2594,19,10
2595,21,19
7879,27,24
2597,32,16
3804,33,17
7880,35,16
2598,34,13
2599,31,15
2600,25,17
3805,24,18
7883,33,6
2602,32,18
2603,29,20
2604,25,11
2605,18,18
2606,31,24
2607,43,22
2608,54,32
2609,49,44
2610,55,34
2611,59,34
2612,45,34
2613,58,33
2614,56,31
2615,51,40
2616,54,37
