route,direction,seq,stop,stop_name,lat,lon,n_routes,hub,last,share
11,0,1,6152,Усадьба Останкино,55.8227811,37.61705787,3,False,False,0.010859267004600583
11,0,2,6153,Усадьба Останкино,55.82346959,37.61571397,3,False,False,0.010859267004600583
11,0,3,3609,Аргуновская улица,55.82176481,37.62131379,3,False,False,0.010859267004600583
11,0,4,3610,Улица Цандера,55.82175285,37.62821348,3,False,False,0.010859267004600583
11,0,5,3611,ВДНХ (южный вход),55.82199764,37.63369298,3,False,False,0.010859267004600583
11,0,6,11288,Метро «ВДНХ»,55.82398187,37.63883226,3,True,False,0.016288900506900877
11,0,7,10148,ВДНХ (северный вход),55.82702627,37.64645487,3,False,False,0.010859267004600583
11,0,8,22810,Проспект Мира,55.82629202,37.64880049,3,False,False,0.010859267004600583
11,0,9,1212,Ярославская улица,55.82493055,37.65220128,3,False,False,0.010859267004600583
11,0,10,1213,"Улица Бориса Галушкина, 17",55.82284593,37.65842513,2,False,False,0.010123067486025001
11,0,11,1214,Площадь Академика Люльки,55.82155687,37.66259641,2,False,False,0.010123067486025001
11,0,12,1215,Станция Юных натуралистов,55.81920196,37.6705852,3,True,False,0.016288900506900877
11,0,13,1216,Лингвистический университет,55.81729369,37.67884815,3,False,False,0.010859267004600583
11,0,14,7163,Ростокинский проезд,55.81532221,37.68398277,3,False,False,0.010859267004600583
11,0,15,1001713,Богатырский мост,55.8167224,37.68907251,3,False,False,0.010859267004600583
11,0,16,3613,Богородский храм,55.81479706,37.69410236,2,False,False,0.010123067486025001
11,0,17,3614,Инновационный университет,55.81229936,37.69781074,4,False,False,0.01143030771509985
11,0,18,3615,1-я Прогонная ул.,55.80998018,37.70357601,4,False,False,0.01143030771509985
11,0,19,3616,Телерадиокомпания «МИР»,55.80717974,37.70608636,3,False,False,0.010859267004600583
11,0,20,3617,Мосгорсуд,55.80466788,37.70709936,3,False,False,0.010859267004600583
11,0,21,3618,Улица Хромова,55.79992558,37.71265136,3,False,False,0.010859267004600583
11,0,22,8630,Метро «Преображенская площадь»,55.79762528,37.71451347,3,True,False,0.016288900506900877
11,0,23,3850,Метро «Преображенская площадь»,55.79464714,37.71434124,3,True,False,0.016288900506900877
11,0,24,22814,Преображенское кладбище,55.79186012,37.71531926,2,False,False,0.010123067486025001
11,0,25,3649,Улица Преображенский Вал,55.78924832,37.71638709,3,False,False,0.010859267004600583
11,0,26,7144,Улица Измайловский Вал,55.78742708,37.716869,3,False,False,0.010859267004600583
11,0,27,3622,Метро «Семёновская»,55.78215255,37.72008527,3,True,False,0.016288900506900877
11,0,28,3623,Улица Ибрагимова,55.78258775,37.73112375,3,False,False,0.010859267004600583
11,0,29,3624,Фортунатовская ул.,55.78286096,37.73864919,3,False,False,0.010859267004600583
11,0,30,16916,Мост Окружной железной дороги,55.78379333,37.74609084,3,False,False,0.010859267004600583
11,0,31,8844,Метро «Партизанская»,55.78654187,37.75022768,2,True,False,0.015184601229037503
11,0,32,3627,Главная аллея,55.7866487,37.76169693,2,False,False,0.010123067486025001
11,0,33,7894,Галерея «Измайлово»,55.79007904,37.77092625,6,False,False,0.012291364841473638
11,0,34,3628,Измайловская площадь,55.79207947,37.77820362,5,False,False,0.01189688194822367
11,0,35,3629,3-я Парковая улица,55.79281619,37.78379377,6,False,False,0.012291364841473638
11,0,36,3630,5-я Парковая улица,55.792988,37.78902938,6,False,False,0.012291364841473638
11,0,37,3631,7-я Парковая улица,55.79311915,37.79476118,6,False,False,0.012291364841473638
11,0,38,3632,Метро «Первомайская»,55.79317447,37.80028776,7,True,False,0.01894962220019887
11,0,39,4072,Районный центр «Первомайский»,55.79327873,37.80625892,7,False,False,0.012633081466799248
11,0,40,3691,13-я Парковая улица,55.79339478,37.81327101,7,False,False,0.012633081466799248
11,0,41,3633,15-я Парковая улица,55.79350052,37.8198454,5,False,False,0.01189688194822367
11,0,42,10463,Восточное Измайлово,55.79448147,37.82268714,2,False,True,0.0
11,1,1,10463,Восточное Измайлово,55.79448147,37.82268714,2,False,False,0.01004940677957868
11,1,2,3707,Восточное Измайлово,55.79364821,37.82154062,5,False,False,0.011810314044767088
11,1,3,3636,15-я Парковая улица,55.7935984,37.81852669,7,False,False,0.012541156592572832
11,1,4,3637,13-я Парковая улица,55.79349712,37.8121004,7,False,False,0.012541156592572832
11,1,5,4070,Районный центр «Первомайский»,55.79337532,37.80490753,8,False,False,0.01284037876214975
11,1,6,4073,Метро «Первомайская»,55.79327072,37.79854007,6,True,False,0.01830288971283192
11,1,7,3638,7-я Парковая улица,55.79321952,37.79330963,6,False,False,0.012201926475221283
11,1,8,3639,5-я Парковая улица,55.79308626,37.78740798,6,False,False,0.012201926475221283
11,1,9,3640,3-я Парковая улица,55.7927587,37.78212551,5,False,False,0.011810314044767088
11,1,10,6257,Измайловская площадь,55.79145605,37.77504648,6,False,False,0.012201926475221283
11,1,11,7896,Галерея «Измайлово»,55.79019455,37.7708356,6,False,False,0.012201926475221283
11,1,12,7897,Главная аллея,55.78678655,37.76108428,2,False,False,0.01004940677957868
11,1,13,8843,Метро «Партизанская»,55.78665204,37.75092424,2,True,False,0.015074110169368021
11,1,14,16917,Мост Окружной железной дороги,55.78365525,37.74594301,3,False,False,0.010780249327384427
11,1,15,3644,Фортунатовская улица,55.78309315,37.73908137,3,False,False,0.010780249327384427
11,1,16,3645,Улица Ибрагимова,55.78269035,37.73005338,3,False,False,0.010780249327384427
11,1,17,3646,Метро «Семёновская»,55.78238945,37.72186995,3,True,False,0.016170373991076643
11,1,18,22812,Метро «Семёновская»,55.78259463,37.71879049,4,True,False,0.01702070227280977
11,1,19,3648,Улица Измайловский Вал,55.78746136,37.717206,3,False,False,0.010780249327384427
11,1,20,22817,Улица Преображенский Вал,55.78927165,37.7167225,3,False,False,0.010780249327384427
11,1,21,5854,Преображенское кладбище,55.79196763,37.71557242,3,False,False,0.010780249327384427
11,1,22,8595,Метро «Преображенская площадь»,55.79467081,37.71483784,3,True,False,0.016170373991076643
11,1,23,3650,Метро «Преображенская площадь»,55.7970052,37.71486676,3,True,False,0.016170373991076643
11,1,24,3651,Улица Хромова,55.80015014,37.71291695,3,False,False,0.010780249327384427
11,1,25,3652,Мосгорсуд,55.80443371,37.70748084,3,False,False,0.010780249327384427
11,1,26,3653,Телерадиокомпания «МИР»,55.80682671,37.70662416,3,False,False,0.010780249327384427
11,1,27,3654,1-я Прогонная улица,55.81000988,37.70393402,4,False,False,0.011347134848539844
11,1,28,3655,Инновационный университет,55.81258472,37.69763443,4,False,False,0.011347134848539844
11,1,29,4531,Богородский храм,55.81493563,37.69426254,3,False,False,0.010780249327384427
11,1,30,3656,Богатырский мост,55.81691335,37.68915058,2,False,False,0.01004940677957868
11,1,31,7120,Ростокинский проезд,55.81570202,37.68489199,2,False,False,0.01004940677957868
11,1,32,1233,Лингвистический университет,55.81738739,37.6789477,3,False,False,0.010780249327384427
11,1,33,21896,Станция Юных натуралистов,55.81930408,37.67074453,3,True,False,0.016170373991076643
11,1,34,1235,Площадь Академика Люльки,55.8216512,37.66268397,2,False,False,0.01004940677957868
11,1,35,7164,"Улица Бориса Галушкина, 17",55.82292335,37.65853611,2,False,False,0.01004940677957868
11,1,36,7165,Ярославская улица,55.82497515,37.6524134,2,False,False,0.01004940677957868
11,1,37,1238,Проспект Мира,55.82637175,37.64888199,2,False,False,0.01004940677957868
11,1,38,10149,ВДНХ (северный вход),55.82728059,37.64595709,3,False,False,0.010780249327384427
11,1,39,10150,Метро «ВДНХ»,55.82395384,37.63855518,3,True,False,0.016170373991076643
11,1,40,3657,ВДНХ (южный вход),55.82214444,37.6339465,3,False,False,0.010780249327384427
11,1,41,3658,Улица Цандера,55.8218625,37.62890637,3,False,False,0.010780249327384427
11,1,42,3659,Аргуновская улица,55.82192054,37.62187219,3,False,False,0.010780249327384427
11,1,43,6152,Усадьба Останкино,55.8227811,37.61705787,3,False,True,0.0
17,0,1,3329,Северное Медведково,55.88737823,37.64372646,1,False,False,0.01780427622770996
17,0,2,3330,Северное Медведково,55.88686436,37.64258743,1,False,False,0.01780427622770996
17,0,3,13175,Улица Тихомирова,55.88479352,37.64179594,1,False,False,0.01780427622770996
17,0,4,3286,Поликлиника,55.88198239,37.63910293,1,False,False,0.01780427622770996
17,0,5,3331,Улица Молодцова,55.87889939,37.63611889,1,False,False,0.01780427622770996
17,0,6,3287,Культурно-досуговый центр,55.87444009,37.63693151,1,False,False,0.01780427622770996
17,0,7,3288,МФЦ Южное Медведково,55.87175104,37.63767508,1,False,False,0.01780427622770996
17,0,8,3289,Проезд Шокальского,55.87148746,37.64633695,1,False,False,0.01780427622770996
17,0,9,3290,Сухонская улица,55.87139526,37.65163632,1,False,False,0.01780427622770996
17,0,10,3291,Олонецкий проезд,55.87035378,37.65833397,1,False,False,0.01780427622770996
17,0,11,3292,Метро «Бабушкинская»,55.86807931,37.66336063,1,True,False,0.02670641434156494
17,0,12,3293,Печорская улица,55.86424614,37.66135479,1,False,False,0.01780427622770996
17,0,13,3294,Радужная улица,55.85984921,37.65995105,1,False,False,0.01780427622770996
17,0,14,10828,Верхоянская улица,55.85709678,37.66133749,1,False,False,0.01780427622770996
17,0,15,3295,Берингов проезд,55.85441424,37.6650347,1,False,False,0.01780427622770996
17,0,16,3296,Социальный фонд России,55.85052124,37.67050688,1,False,False,0.01780427622770996
17,0,17,3297,Северянинский путепровод,55.84567509,37.6689648,1,False,False,0.01780427622770996
17,0,18,3298,МЦК Ростокино,55.84315257,37.66534786,1,True,False,0.02670641434156494
17,0,19,3299,Улица Докукина,55.83697398,37.65792893,1,False,False,0.01780427622770996
17,0,20,3300,Сельскохозяйственная улица,55.83266096,37.65264608,1,False,False,0.01780427622770996
17,0,21,13139,Улица Сергея Эйзенштейна,55.82968132,37.64941735,1,False,False,0.01780427622770996
17,0,22,10149,ВДНХ (северный вход),55.82728059,37.64595709,3,False,False,0.021280325716087196
17,0,23,10150,Метро «ВДНХ»,55.82395384,37.63855518,3,True,False,0.031920488574130795
17,0,24,3657,ВДНХ (южный вход),55.82214444,37.6339465,3,False,False,0.021280325716087196
17,0,25,3658,Улица Цандера,55.8218625,37.62890637,3,False,False,0.021280325716087196
17,0,26,3659,Аргуновская улица,55.82192054,37.62187219,3,False,False,0.021280325716087196
17,0,27,6152,Усадьба Останкино,55.8227811,37.61705787,3,False,True,0.0
17,1,1,6152,Усадьба Останкино,55.8227811,37.61705787,3,False,False,0.020272454260004777
17,1,2,6153,Усадьба Останкино,55.82346959,37.61571397,3,False,False,0.020272454260004777
17,1,3,3609,Аргуновская улица,55.82176481,37.62131379,3,False,False,0.020272454260004777
17,1,4,3610,Улица Цандера,55.82175285,37.62821348,3,False,False,0.020272454260004777
17,1,5,3611,ВДНХ (южный вход),55.82199764,37.63369298,3,False,False,0.020272454260004777
17,1,6,11288,Метро «ВДНХ»,55.82398187,37.63883226,3,True,False,0.030408681390007162
17,1,7,10148,ВДНХ (северный вход),55.82702627,37.64645487,3,False,False,0.020272454260004777
17,1,8,1002848,Улица Сергея Эйзенштейна,55.82894054,37.64898979,1,False,False,0.016961036230093277
17,1,9,3316,Сельскохозяйственная улица,55.831874,37.65211964,1,False,False,0.016961036230093277
17,1,10,3317,Улица Докукина,55.83693377,37.65819636,1,False,False,0.016961036230093277
17,1,11,3318,МЦК Ростокино,55.84283841,37.66524215,1,True,False,0.025441554345139915
17,1,12,15726,Северянинский путепровод,55.8459839,37.66963112,1,False,False,0.016961036230093277
17,1,13,3320,Социальный фонд России,55.85073276,37.67070145,1,False,False,0.016961036230093277
17,1,14,3321,Берингов проезд,55.85472757,37.66489151,1,False,False,0.016961036230093277
17,1,15,10827,Верхоянская улица,55.85668426,37.66196591,1,False,False,0.016961036230093277
17,1,16,3322,Радужная улица,55.85949898,37.66023251,1,False,False,0.016961036230093277
17,1,17,2927,Печорская улица,55.86457503,37.66177432,1,False,False,0.016961036230093277
17,1,18,13707,Метро «Бабушкинская»,55.86834731,37.66368467,1,True,False,0.025441554345139915
17,1,19,18279,Олонецкий проезд,55.87035569,37.65951787,1,False,False,0.016961036230093277
17,1,20,3324,Сухонская улица,55.87141353,37.65240185,1,False,False,0.016961036230093277
17,1,21,3325,Проезд Шокальского,55.87171121,37.64846077,1,False,False,0.016961036230093277
17,1,22,2437,МФЦ «Южное Медведково»,55.87172511,37.63795971,1,False,False,0.016961036230093277
17,1,23,3326,Культурно-досуговый центр,55.87414701,37.63721766,1,False,False,0.016961036230093277
17,1,24,3327,Улица Молодцова,55.8779133,37.63611544,1,False,False,0.016961036230093277
17,1,25,3328,Поликлиника,55.88162384,37.63907886,1,False,False,0.016961036230093277
17,1,26,3333,Улица Тихомирова,55.88584138,37.64302665,1,False,False,0.016961036230093277
17,1,27,3329,Северное Медведково,55.88737823,37.64372646,1,False,True,0.0
25,0,1,6152,Усадьба Останкино,55.8227811,37.61705787,3,False,False,0.02337557439301065
25,0,2,6153,Усадьба Останкино,55.82346959,37.61571397,3,False,False,0.02337557439301065
25,0,3,3609,Аргуновская улица,55.82176481,37.62131379,3,False,False,0.02337557439301065
25,0,4,3610,Улица Цандера,55.82175285,37.62821348,3,False,False,0.02337557439301065
25,0,5,3611,ВДНХ (южный вход),55.82199764,37.63369298,3,False,False,0.02337557439301065
25,0,6,11288,Метро «ВДНХ»,55.82398187,37.63883226,3,True,False,0.03506336158951598
25,0,7,10148,ВДНХ (северный вход),55.82702627,37.64645487,3,False,False,0.02337557439301065
25,0,8,22810,Проспект Мира,55.82629202,37.64880049,3,False,False,0.02337557439301065
25,0,9,1212,Ярославская улица,55.82493055,37.65220128,3,False,False,0.02337557439301065
25,0,10,1213,"Улица Бориса Галушкина, 17",55.82284593,37.65842513,2,False,False,0.021790836987873506
25,0,11,1214,Площадь Академика Люльки,55.82155687,37.66259641,2,False,False,0.021790836987873506
25,0,12,1215,Станция Юных натуралистов,55.81920196,37.6705852,3,True,False,0.03506336158951598
25,0,13,1216,Лингвистический университет,55.81729369,37.67884815,3,False,False,0.02337557439301065
25,0,14,7163,Ростокинский проезд,55.81532221,37.68398277,3,False,False,0.02337557439301065
25,0,15,3699,Б. Ширяевская ул.,55.81055324,37.6852145,2,False,False,0.021790836987873506
25,0,16,3700,2-й Ширяевский переулок,55.8087641,37.68764082,2,False,False,0.021790836987873506
25,0,17,7114,Б. Оленья ул.,55.8056826,37.6916174,2,False,False,0.021790836987873506
25,0,18,7115,Майский просек,55.80262127,37.68838214,2,False,False,0.021790836987873506
25,0,19,3701,Ул. Короленко,55.79949205,37.68612005,2,False,False,0.021790836987873506
25,0,20,7116,Охотничья улица,55.79579391,37.682814,2,False,False,0.021790836987873506
25,0,21,7117,ПКиО «Сокольники»,55.79263076,37.68047038,2,False,False,0.021790836987873506
25,0,22,6741,Метро «Сокольники»,55.79171398,37.6796462,2,True,True,0.0
25,1,1,6741,Метро «Сокольники»,55.79171398,37.6796462,2,True,False,0.031804188576965306
25,1,2,1000242,Метро «Сокольники»,55.79193124,37.67950094,2,True,False,0.031804188576965306
25,1,3,6246,ПКиО «Сокольники»,55.79257493,37.68092823,2,False,False,0.021202792384643537
25,1,4,7111,Охотничья улица,55.79569407,37.68302898,2,False,False,0.021202792384643537
25,1,5,3662,Ул. Короленко,55.79922875,37.68615588,2,False,False,0.021202792384643537
25,1,6,7112,Майский просек,55.80277099,37.68880387,2,False,False,0.021202792384643537
25,1,7,7113,Большая Оленья улица,55.80546837,37.69184905,2,False,False,0.021202792384643537
25,1,8,3663,2-й Ширяевский переулок,55.80849671,37.68830626,2,False,False,0.021202792384643537
25,1,9,3664,Б. Ширяевская ул.,55.81065824,37.68540604,2,False,False,0.021202792384643537
25,1,10,7195,Ростокинский проезд,55.81514063,37.68563378,2,False,False,0.021202792384643537
25,1,11,1233,Лингвистический университет,55.81738739,37.6789477,3,False,False,0.022744764278793374
25,1,12,21896,Станция Юных натуралистов,55.81930408,37.67074453,3,True,False,0.03411714641819006
25,1,13,1235,Площадь Академика Люльки,55.8216512,37.66268397,2,False,False,0.021202792384643537
25,1,14,7164,"Улица Бориса Галушкина, 17",55.82292335,37.65853611,2,False,False,0.021202792384643537
25,1,15,7165,Ярославская улица,55.82497515,37.6524134,2,False,False,0.021202792384643537
25,1,16,1238,Проспект Мира,55.82637175,37.64888199,2,False,False,0.021202792384643537
25,1,17,10149,ВДНХ (северный вход),55.82728059,37.64595709,3,False,False,0.022744764278793374
25,1,18,10150,Метро «ВДНХ»,55.82395384,37.63855518,3,True,False,0.03411714641819006
25,1,19,3657,ВДНХ (южный вход),55.82214444,37.6339465,3,False,False,0.022744764278793374
25,1,20,3658,Улица Цандера,55.8218625,37.62890637,3,False,False,0.022744764278793374
25,1,21,3659,Аргуновская улица,55.82192054,37.62187219,3,False,False,0.022744764278793374
25,1,22,6152,Усадьба Останкино,55.8227811,37.61705787,3,False,True,0.0
50,0,1,1001697,Проезд Энтузиастов,55.75406834,37.72564519,2,False,False,0.009834985074918852
50,0,2,6264,Д/к «Компрессор»,55.75309599,37.72392332,5,False,False,0.011558320297713986
50,0,3,1009094,Метро «Авиамоторная»,55.75246234,37.72077085,5,True,False,0.017337480446570977
50,0,4,14572,Метро «Авиамоторная»,55.75147797,37.71547704,5,True,False,0.017337480446570977
50,0,5,6145,МЭИ,55.75430749,37.7085669,5,False,False,0.011558320297713986
50,0,6,6146,Улица Лефортовский Вал,55.75758486,37.69877343,4,False,False,0.01110502384133362
50,0,7,6147,1-й Краснокурсантский проезд,55.7592608,37.69359889,4,False,False,0.01110502384133362
50,0,8,6265,Лефортовский мост,55.76122152,37.68816311,4,False,False,0.01110502384133362
50,0,9,4161,Лефортовская набережная,55.76292813,37.68256222,5,False,False,0.011558320297713986
50,0,10,4162,МГТУ имени Н.Э. Баумана,55.76521016,37.68025952,4,False,False,0.01110502384133362
50,0,11,4163,Денисовский переулок,55.76665618,37.68002092,4,False,False,0.01110502384133362
50,0,12,4164,Аптекарский переулок,55.7679783,37.67975659,4,False,False,0.01110502384133362
50,0,13,1000865,Метро «Бауманская»,55.77201601,37.67884812,5,True,False,0.017337480446570977
50,0,14,13382,Басманный двор,55.77521461,37.67800527,5,False,False,0.011558320297713986
50,0,15,4192,Поликлиника,55.77717624,37.6733427,5,False,False,0.011558320297713986
50,0,16,4168,Ольховская улица,55.77653641,37.67044956,5,False,False,0.011558320297713986
50,0,17,10605,Метро «Красносельская»,55.77922939,37.66677288,4,True,False,0.01665753576200043
50,0,18,13919,Метро «Комсомольская»,55.77552831,37.65623168,8,True,False,0.018849610168831618
50,0,19,22638,МЦД Площадь трёх вокзалов,55.77473788,37.65289941,4,True,False,0.01665753576200043
50,0,20,3450,Каланчёвская улица,55.77634369,37.64971228,3,False,False,0.010550233816206895
50,0,21,21551,Пантелеевская улица,55.77951421,37.64543248,3,False,False,0.010550233816206895
50,0,22,7258,Астраханский переулок,55.77974859,37.64162925,2,False,False,0.009834985074918852
50,0,23,13134,Ботанический переулок,55.77997341,37.6391092,2,False,False,0.009834985074918852
50,0,24,4173,Метро «Проспект Мира»,55.7804434,37.6345373,2,True,False,0.014752477612378277
50,0,25,16514,Метро «Проспект Мира»,55.7807391,37.63235141,2,True,False,0.014752477612378277
50,0,26,14133,Ул. Гиляровского,55.77919093,37.63072917,2,False,False,0.009834985074918852
50,0,27,4174,Улица Щепкина,55.77836559,37.62956519,2,False,False,0.009834985074918852
50,0,28,1002615,Театр зверей имени Дурова,55.7790867,37.62317172,2,False,False,0.009834985074918852
50,0,29,4176,Самотёчная улица,55.77860272,37.61683998,2,False,False,0.009834985074918852
50,0,30,4177,4-й Самотёчный переулок,55.77930654,37.61339067,2,False,False,0.009834985074918852
50,0,31,4178,Селезнёвская улица,55.78053319,37.60917231,2,False,False,0.009834985074918852
50,0,32,4179,Улица Достоевского,55.78262541,37.61100272,2,False,False,0.009834985074918852
50,0,33,22369,Площадь Борьбы,55.7849683,37.60655513,2,False,False,0.009834985074918852
50,0,34,4180,Главный корпус МИИТ,55.78711533,37.6089579,2,False,False,0.009834985074918852
50,0,35,1000594,МИИТ,55.78888604,37.61010557,2,False,False,0.009834985074918852
50,0,36,6289,Ул. Образцова,55.79008834,37.60876638,2,False,False,0.009834985074918852
50,0,37,6290,Дворец культуры МИИТ,55.78979413,37.60447266,2,False,False,0.009834985074918852
50,0,38,6598,Минаевский переулок,55.7895382,37.60115188,2,False,False,0.009834985074918852
50,0,39,10559,Тихвинский пер.,55.78791637,37.60050042,2,False,False,0.009834985074918852
50,0,40,21550,Улица Палиха,55.78448009,37.60112545,2,False,False,0.009834985074918852
50,0,41,10322,Метро «Менделеевская»,55.78209511,37.60161373,2,True,False,0.014752477612378277
50,0,42,6594,Метро «Новослободская»,55.77994394,37.60200011,2,True,False,0.014752477612378277
50,0,43,6595,Метро «Новослободская»,55.77881888,37.60448405,2,True,True,0.0
50,1,1,6595,Метро «Новослободская»,55.77881888,37.60448405,2,True,False,0.014173586697080838
50,1,2,6596,Метро «Новослободская»,55.78000991,37.60232677,2,True,False,0.014173586697080838
50,1,3,10323,Метро «Менделеевская»,55.78228264,37.60173587,2,True,False,0.014173586697080838
50,1,4,21549,Улица Палиха,55.78579101,37.60160559,3,False,False,0.010136239999646789
50,1,5,10560,Тихвинский пер.,55.7875859,37.60090453,3,False,False,0.010136239999646789
50,1,6,6294,Минаевский переулок,55.78947323,37.60257556,2,False,False,0.009449057798053892
50,1,7,1000596,Дворец культуры МИИТ,55.7896183,37.60493144,3,False,False,0.010136239999646789
50,1,8,6295,Улица Образцова,55.78993401,37.60909998,3,False,False,0.010136239999646789
50,1,9,22621,МИИТ,55.78904404,37.60980978,3,False,False,0.010136239999646789
50,1,10,6576,Главный корпус МИИТ,55.78745457,37.6089145,3,False,False,0.010136239999646789
50,1,11,1009846,Площадь Борьбы,55.78433889,37.60644146,2,False,False,0.009449057798053892
50,1,12,4181,Улица Достоевского,55.78302671,37.61039943,2,False,False,0.009449057798053892
50,1,13,4182,Селезнёвская улица,55.78114054,37.6091626,2,False,False,0.009449057798053892
50,1,14,13136,4-й Самотёчный переулок,55.77937305,37.61283405,2,False,False,0.009449057798053892
50,1,15,4184,Самотёчная улица,55.77847152,37.6166926,2,False,False,0.009449057798053892
50,1,16,4185,Театр зверей имени Дурова,55.77897066,37.62313801,2,False,False,0.009449057798053892
50,1,17,4186,Улица Щепкина,55.77826007,37.62996712,2,False,False,0.009449057798053892
50,1,18,13137,Ул. Гиляровского,55.77922948,37.63100066,2,False,False,0.009449057798053892
50,1,19,16515,Метро «Проспект Мира»,55.78055104,37.63249961,2,True,False,0.014173586697080838
50,1,20,4187,Метро «Проспект Мира»,55.78033636,37.63426668,2,True,False,0.014173586697080838
50,1,21,13135,Ботанический переулок,55.77978343,37.63967709,2,False,False,0.009449057798053892
50,1,22,4172,Астраханский переулок,55.77959408,37.64217475,2,False,False,0.009449057798053892
50,1,23,21542,Пантелеевская улица,55.77943766,37.64511275,3,False,False,0.010136239999646789
50,1,24,3422,Каланчёвская улица,55.77587563,37.65008548,4,False,False,0.010669259925276868
50,1,25,22640,МЦД Площадь трёх вокзалов,55.77458851,37.65317522,8,True,False,0.018109946746161582
50,1,26,13920,Метро «Комсомольская»,55.77528444,37.65583193,8,True,False,0.018109946746161582
50,1,27,4190,Метро «Красносельская»,55.7791991,37.66570764,5,True,False,0.01665715337281588
50,1,28,10745,Нижняя Красносельская улица,55.77887804,37.66688661,6,False,False,0.011472986519588738
50,1,29,10604,Ольховская улица,55.77660998,37.66984771,5,False,False,0.011104768915210585
50,1,30,4167,Поликлиника,55.77707564,37.67372519,5,False,False,0.011104768915210585
50,1,31,10603,Басманный двор,55.7751935,37.67773965,5,False,False,0.011104768915210585
50,1,32,1000866,Метро «Бауманская»,55.77263602,37.67843822,5,True,False,0.01665715337281588
50,1,33,1001044,Аптекарский переулок,55.76913697,37.67929408,4,False,False,0.010669259925276868
50,1,34,4196,Денисовский переулок,55.76670192,37.67977961,4,False,False,0.010669259925276868
50,1,35,4197,МГТУ имени Н.Э. Баумана,55.76561047,37.67997633,4,False,False,0.010669259925276868
50,1,36,10755,Лефортовская наб.,55.76279897,37.68146317,5,False,False,0.011104768915210585
50,1,37,4198,Лефортовский мост,55.76110625,37.68814406,5,False,False,0.011104768915210585
50,1,38,6149,1-й Краснокурсантский проезд,55.7588792,37.69444216,5,False,False,0.011104768915210585
50,1,39,6150,Улица Лефортовский Вал,55.75718541,37.69963718,5,False,False,0.011104768915210585
50,1,40,6151,МЭИ,55.75447742,37.70782279,5,False,False,0.011104768915210585
50,1,41,5342,Метро «Авиамоторная»,55.75150237,37.7161645,5,True,False,0.01665715337281588
50,1,42,1009095,Метро «Авиамоторная»,55.75236271,37.72082716,5,True,False,0.01665715337281588
50,1,43,6266,Д/к «Компрессор»,55.75291464,37.72378877,5,False,False,0.011104768915210585
50,1,44,1001697,Проезд Энтузиастов,55.75406834,37.72564519,2,False,True,0.0
28,0,1,1418,Проспект Маршала Жукова,55.78006437,37.45359613,2,False,False,0.02981730158356058
28,0,2,1408,Проспект Маршала Жукова,55.78032455,37.4549463,2,False,False,0.02981730158356058
28,0,3,1409,Улица Маршала Тухачевского,55.784334,37.45560771,2,False,False,0.02981730158356058
28,0,4,1410,Бассейн,55.78879008,37.45420905,2,False,False,0.02981730158356058
28,0,5,1411,Ул. Рогова,55.79403487,37.45450846,2,False,False,0.02981730158356058
28,0,6,1412,"Живописная улица, 50",55.80119738,37.45037153,2,False,False,0.02981730158356058
28,0,7,15354,Детская поликлиника,55.80551417,37.45330094,6,False,False,0.0362039799554575
28,0,8,1119,Метро «Щукинская»,55.80986251,37.46243587,4,True,False,0.050501628998009494
28,0,9,851,Диспансер,55.81008377,37.46914555,4,False,False,0.03366775266533966
28,0,10,852,Покровское-Стрешнево,55.81029249,37.47476729,4,False,False,0.03366775266533966
28,0,11,1032,Улица Академика Курчатова,55.81035022,37.47657816,5,False,False,0.0350420381414937
28,0,12,453,Пехотная улица,55.81053286,37.48329928,5,False,False,0.0350420381414937
28,0,13,14864,Улица Панфилова,55.80899596,37.49353232,4,False,False,0.03366775266533966
28,0,14,17831,Университет «РОСБИОТЕХ»,55.80787893,37.4989788,4,False,False,0.03366775266533966
28,0,15,17833,Гидропроект,55.80679541,37.50463194,4,False,False,0.03366775266533966
28,0,16,17827,Метро «Сокол»,55.80578153,37.50857732,4,True,True,0.0
28,1,1,17827,Метро «Сокол»,55.80578153,37.50857732,4,True,False,0.050352615233504684
28,1,2,17832,Гидропроект,55.80679241,37.50542906,4,False,False,0.033568410155669776
28,1,3,17830,Университет «РОСБИОТЕХ»,55.80797177,37.49902646,4,False,False,0.033568410155669776
28,1,4,14865,Улица Панфилова,55.80909901,37.49360758,4,False,False,0.033568410155669776
28,1,5,460,Пехотная улица,55.81068655,37.48287667,5,False,False,0.0349386405655543
28,1,6,1037,Ул. Акад. Курчатова,55.81049225,37.47657704,5,False,False,0.0349386405655543
28,1,7,853,Диспансер,55.8102312,37.46984677,4,False,False,0.033568410155669776
28,1,8,13637,Метро «Щукинская»,55.81003609,37.46293639,4,True,False,0.050352615233504684
28,1,9,854,Медицинский центр имени Бурназяна,55.8069643,37.4582395,6,False,False,0.036097153869838916
28,1,10,15355,Детская п-ка,55.80569873,37.4537933,6,False,False,0.036097153869838916
28,1,11,1414,"Живописная улица, 50",55.80132797,37.45019063,2,False,False,0.02972932049375223
28,1,12,1415,Ул. Рогова,55.7943447,37.45425561,2,False,False,0.02972932049375223
28,1,13,1416,Бассейн,55.7893206,37.45400168,2,False,False,0.02972932049375223
28,1,14,1417,Ул. Марш. Тухачевского,55.78475302,37.45513171,2,False,False,0.02972932049375223
28,1,15,1418,Проспект Маршала Жукова,55.78006437,37.45359613,2,False,True,0.0
7,0,1,8605,Метро «Бульвар Рокоссовского»,55.81425897,37.73418276,3,True,False,0.015153566522755428
7,0,2,8604,Метро «Бульвар Рокоссовского»,55.81522012,37.7329065,3,True,False,0.015153566522755428
7,0,3,3693,5-й пр. Подбельского,55.81686572,37.72699156,3,False,False,0.01010237768183695
7,0,4,3694,3-й проезд Подбельского,55.81835183,37.72173105,3,False,False,0.01010237768183695
7,0,5,3695,Игральная ул.,55.81836239,37.71625979,3,False,False,0.01010237768183695
7,0,6,3696,Погонный проезд,55.81977294,37.70979649,3,False,False,0.01010237768183695
7,0,7,3697,Ланинский переулок,55.81903485,37.70534718,3,False,False,0.01010237768183695
7,0,8,3698,Богородское,55.81702234,37.7008883,3,False,False,0.01010237768183695
7,0,9,6162,Богородский храм,55.81492094,37.69562276,2,False,False,0.009417491162085094
7,0,10,3614,Инновационный университет,55.81229936,37.69781074,4,False,False,0.010633616938291748
7,0,11,3615,1-я Прогонная ул.,55.80998018,37.70357601,4,False,False,0.010633616938291748
7,0,12,3616,Телерадиокомпания «МИР»,55.80717974,37.70608636,3,False,False,0.01010237768183695
7,0,13,3617,Мосгорсуд,55.80466788,37.70709936,3,False,False,0.01010237768183695
7,0,14,3618,Улица Хромова,55.79992558,37.71265136,3,False,False,0.01010237768183695
7,0,15,8630,Метро «Преображенская площадь»,55.79762528,37.71451347,3,True,False,0.015153566522755428
7,0,16,6242,Преображенская площадь,55.79524841,37.70927947,3,False,False,0.01010237768183695
7,0,17,3445,Трамв. депо им. Русакова,55.79456422,37.69947064,3,False,False,0.01010237768183695
7,0,18,6365,Малая Остроумовская улица,55.79319443,37.690769,3,False,False,0.01010237768183695
7,0,19,6366,Клуб Русакова - Сцена «Мельников»,55.7915125,37.68653569,3,False,False,0.01010237768183695
7,0,20,1002188,Метро «Сокольники»,55.78931715,37.68092463,5,True,False,0.016601506523359167
7,0,21,6164,МЦД Митьково,55.78526693,37.67560718,5,True,False,0.016601506523359167
7,0,22,6165,Леснорядская улица,55.78170137,37.67039099,5,False,False,0.011067671015572779
7,0,23,6166,Метро «Красносельская»,55.77971829,37.66659557,5,True,False,0.016601506523359167
7,0,24,13919,Метро «Комсомольская»,55.77552831,37.65623168,8,True,False,0.018049446523962905
7,0,25,22638,МЦД Площадь трёх вокзалов,55.77473788,37.65289941,4,True,False,0.015950425407437623
7,0,26,3450,Каланчёвская улица,55.77634369,37.64971228,3,False,False,0.01010237768183695
7,0,27,21551,Пантелеевская улица,55.77951421,37.64543248,3,False,False,0.01010237768183695
7,0,28,7258,Астраханский переулок,55.77974859,37.64162925,2,False,False,0.009417491162085094
7,0,29,13134,Ботанический переулок,55.77997341,37.6391092,2,False,False,0.009417491162085094
7,0,30,4173,Метро «Проспект Мира»,55.7804434,37.6345373,2,True,False,0.014126236743127643
7,0,31,16514,Метро «Проспект Мира»,55.7807391,37.63235141,2,True,False,0.014126236743127643
7,0,32,14133,Ул. Гиляровского,55.77919093,37.63072917,2,False,False,0.009417491162085094
7,0,33,4174,Улица Щепкина,55.77836559,37.62956519,2,False,False,0.009417491162085094
7,0,34,1002615,Театр зверей имени Дурова,55.7790867,37.62317172,2,False,False,0.009417491162085094
7,0,35,4176,Самотёчная улица,55.77860272,37.61683998,2,False,False,0.009417491162085094
7,0,36,4177,4-й Самотёчный переулок,55.77930654,37.61339067,2,False,False,0.009417491162085094
7,0,37,4178,Селезнёвская улица,55.78053319,37.60917231,2,False,False,0.009417491162085094
7,0,38,4179,Улица Достоевского,55.78262541,37.61100272,2,False,False,0.009417491162085094
7,0,39,22368,Площадь Борьбы,55.78515112,37.60507099,3,False,False,0.01010237768183695
7,0,40,16606,Улица Палиха,55.78482452,37.6006964,3,False,False,0.01010237768183695
7,0,41,16608,Лесная улица,55.78384494,37.59629689,3,False,False,0.01010237768183695
7,0,42,16609,Миусское депо,55.78107394,37.59229699,3,False,False,0.01010237768183695
7,0,43,16611,ДК Зуева,55.77938614,37.58970088,3,False,False,0.01010237768183695
7,0,44,16612,Метро «Белорусская»,55.77726964,37.58648288,3,True,False,0.015153566522755428
7,0,45,1001795,Белорусский вокзал,55.77634643,37.58343516,3,True,True,0.0
7,1,1,1001795,Белорусский вокзал,55.77634643,37.58343516,3,True,False,0.015487402785769476
7,1,2,16614,Метро «Белорусская»,55.77714634,37.58669239,3,True,False,0.015487402785769476
7,1,3,1002779,ДК Зуева,55.77925154,37.58994928,3,False,False,0.010324935190512982
7,1,4,16610,Миусское депо,55.78086451,37.59247197,3,False,False,0.010324935190512982
7,1,5,16607,Лесная улица,55.78370364,37.59664108,3,False,False,0.010324935190512982
7,1,6,21544,Улица Палиха,55.78514864,37.60259878,2,False,False,0.009624960476440712
7,1,7,1009846,Площадь Борьбы,55.78433889,37.60644146,2,False,False,0.009624960476440712
7,1,8,4181,Улица Достоевского,55.78302671,37.61039943,2,False,False,0.009624960476440712
7,1,9,4182,Селезнёвская улица,55.78114054,37.6091626,2,False,False,0.009624960476440712
7,1,10,13136,4-й Самотёчный переулок,55.77937305,37.61283405,2,False,False,0.009624960476440712
7,1,11,4184,Самотёчная улица,55.77847152,37.6166926,2,False,False,0.009624960476440712
7,1,12,4185,Театр зверей имени Дурова,55.77897066,37.62313801,2,False,False,0.009624960476440712
7,1,13,4186,Улица Щепкина,55.77826007,37.62996712,2,False,False,0.009624960476440712
7,1,14,13137,Ул. Гиляровского,55.77922948,37.63100066,2,False,False,0.009624960476440712
7,1,15,16515,Метро «Проспект Мира»,55.78055104,37.63249961,2,True,False,0.014437440714661071
7,1,16,4187,Метро «Проспект Мира»,55.78033636,37.63426668,2,True,False,0.014437440714661071
7,1,17,13135,Ботанический переулок,55.77978343,37.63967709,2,False,False,0.009624960476440712
7,1,18,4172,Астраханский переулок,55.77959408,37.64217475,2,False,False,0.009624960476440712
7,1,19,21542,Пантелеевская улица,55.77943766,37.64511275,3,False,False,0.010324935190512982
7,1,20,3422,Каланчёвская улица,55.77587563,37.65008548,4,False,False,0.010867877759707715
7,1,21,22640,МЦД Площадь трёх вокзалов,55.77458851,37.65317522,8,True,False,0.01844707963350074
7,1,22,13920,Метро «Комсомольская»,55.77528444,37.65583193,8,True,False,0.01844707963350074
7,1,23,4190,Метро «Красносельская»,55.7791991,37.66570764,5,True,False,0.016967241209635105
7,1,24,6760,Леснорядская улица,55.78173574,37.6707031,5,False,False,0.011311494139756737
7,1,25,6157,МЦД Митьково,55.78534016,37.67586004,5,True,False,0.016967241209635105
7,1,26,14018,Метро «Сокольники»,55.78926192,37.68108697,5,True,False,0.016967241209635105
7,1,27,3702,Клуб Русакова - Сцена «Мельников»,55.79142768,37.68664524,3,False,False,0.010324935190512982
7,1,28,6158,М. Остроумовская ул.,55.7931836,37.69116107,3,False,False,0.010324935190512982
7,1,29,6159,Трамвайное депо имени Русакова,55.79429628,37.69824516,3,False,False,0.010324935190512982
7,1,30,3703,Преображенская площадь,55.79516086,37.70936603,3,False,False,0.010324935190512982
7,1,31,3650,Метро «Преображенская площадь»,55.7970052,37.71486676,3,True,False,0.015487402785769476
7,1,32,3651,Улица Хромова,55.80015014,37.71291695,3,False,False,0.010324935190512982
7,1,33,3652,Мосгорсуд,55.80443371,37.70748084,3,False,False,0.010324935190512982
7,1,34,3653,Телерадиокомпания «МИР»,55.80682671,37.70662416,3,False,False,0.010324935190512982
7,1,35,3654,1-я Прогонная улица,55.81000988,37.70393402,4,False,False,0.010867877759707715
7,1,36,3655,Инновационный университет,55.81258472,37.69763443,4,False,False,0.010867877759707715
7,1,37,6160,Богородский храм,55.81489989,37.69588962,3,False,False,0.010324935190512982
7,1,38,3665,Богородское,55.81657268,37.70056572,3,False,False,0.010324935190512982
7,1,39,3666,Ланинский переулок,55.81876844,37.70494203,3,False,False,0.010324935190512982
7,1,40,3667,Погонный проезд,55.81963163,37.71011632,3,False,False,0.010324935190512982
7,1,41,3952,Игральная улица,55.81848072,37.71553261,3,False,False,0.010324935190512982
7,1,42,3668,3-й проезд Подбельского,55.81800234,37.72105631,3,False,False,0.010324935190512982
7,1,43,3692,5-й пр. Подбельского,55.81698697,37.72597918,3,False,False,0.010324935190512982
7,1,44,8605,Метро «Бульвар Рокоссовского»,55.81425897,37.73418276,3,True,True,0.0
12,0,1,10463,Восточное Измайлово,55.79448147,37.82268714,2,False,False,0.00832087522915434
12,0,2,3707,Восточное Измайлово,55.79364821,37.82154062,5,False,False,0.00977890055991505
12,0,3,3636,15-я Парковая улица,55.7935984,37.81852669,7,False,False,0.010384035747079185
12,0,4,3637,13-я Парковая улица,55.79349712,37.8121004,7,False,False,0.010384035747079185
12,0,5,4070,Районный центр «Первомайский»,55.79337532,37.80490753,8,False,False,0.010631790703511628
12,0,6,4073,Метро «Первомайская»,55.79327072,37.79854007,6,True,False,0.015154731515389201
12,0,7,3638,7-я Парковая улица,55.79321952,37.79330963,6,False,False,0.0101031543435928
12,0,8,3639,5-я Парковая улица,55.79308626,37.78740798,6,False,False,0.0101031543435928
12,0,9,3640,3-я Парковая улица,55.7927587,37.78212551,5,False,False,0.00977890055991505
12,0,10,6257,Измайловская площадь,55.79145605,37.77504648,6,False,False,0.0101031543435928
12,0,11,7896,Галерея «Измайлово»,55.79019455,37.7708356,6,False,False,0.0101031543435928
12,0,12,7897,Главная аллея,55.78678655,37.76108428,2,False,False,0.00832087522915434
12,0,13,8843,Метро «Партизанская»,55.78665204,37.75092424,2,True,False,0.01248131284373151
12,0,14,16917,Мост Окружной железной дороги,55.78365525,37.74594301,3,False,False,0.008926010416318474
12,0,15,3644,Фортунатовская улица,55.78309315,37.73908137,3,False,False,0.008926010416318474
12,0,16,3645,Улица Ибрагимова,55.78269035,37.73005338,3,False,False,0.008926010416318474
12,0,17,3646,Метро «Семёновская»,55.78238945,37.72186995,3,True,False,0.013389015624477713
12,0,18,21450,Метро «Семёновская»,55.78165116,37.71850165,4,True,False,0.014093084600021679
12,0,19,4659,Кирпичная улица,55.77756426,37.72132116,2,False,False,0.00832087522915434
12,0,20,22816,Вольная улица,55.77530992,37.72335535,2,False,False,0.00832087522915434
12,0,21,4074,10-я улица Соколиной Горы,55.77217249,37.72620637,2,False,False,0.00832087522915434
12,0,22,3927,9-я улица Соколиной Горы,55.76985337,37.72829742,2,False,False,0.00832087522915434
12,0,23,4657,8-я улица Соколиной Горы,55.76801258,37.72997799,2,False,False,0.00832087522915434
12,0,24,10406,"Проспект Будённого, 24",55.76537644,37.73237164,2,False,False,0.00832087522915434
12,0,25,4661,5-я улица Соколиной Горы,55.76250165,37.73501869,2,False,False,0.00832087522915434
12,0,26,16114,3-я улица Соколиной Горы,55.76037197,37.73699846,2,False,False,0.00832087522915434
12,0,27,3941,Гаражная улица,55.75726262,37.73982687,2,False,False,0.00832087522915434
12,0,28,6090,Улица Буракова,55.75573979,37.73763786,3,False,False,0.008926010416318474
12,0,29,6264,Д/к «Компрессор»,55.75309599,37.72392332,5,False,False,0.00977890055991505
12,0,30,1009094,Метро «Авиамоторная»,55.75246234,37.72077085,5,True,False,0.014668350839872574
12,0,31,14572,Метро «Авиамоторная»,55.75147797,37.71547704,5,True,False,0.014668350839872574
12,0,32,22095,Горбатый путепровод,55.75019468,37.70916248,4,False,False,0.009395389733347786
12,0,33,6009,Душинская улица,55.74863737,37.70119769,4,False,False,0.009395389733347786
12,0,34,15496,Старообрядческая улица,55.74786714,37.69482339,4,False,False,0.009395389733347786
12,0,35,7606,МЦД Москва-Товарная,55.74743741,37.68921718,4,True,False,0.014093084600021679
12,0,36,14922,Метро «Площадь Ильича»,55.74687906,37.68165749,4,True,False,0.014093084600021679
12,0,37,6011,Библиотечная улица,55.74524225,37.67860398,3,False,False,0.008926010416318474
12,0,38,6012,Новорогожская улица,55.74318985,37.67672405,3,False,False,0.008926010416318474
12,0,39,6013,Малая Андроньевская улица,55.74057473,37.67422608,3,False,False,0.008926010416318474
12,0,40,22949,Абельмановская Застава,55.73798843,37.67244582,4,False,False,0.009395389733347786
12,0,41,6014,Кинотеатр «Победа»,55.73521976,37.67026601,4,False,False,0.009395389733347786
12,0,42,6023,Метро «Пролетарская»,55.73133132,37.6634618,2,True,False,0.01248131284373151
12,0,43,8610,Динамовская улица,55.72975115,37.66152474,2,False,False,0.00832087522915434
12,0,44,8611,Арбатецкая улица,55.72684475,37.66331442,2,False,False,0.00832087522915434
12,0,45,1000509,Шарикоподшипниковская ул.,55.72424032,37.66395416,2,False,False,0.00832087522915434
12,0,46,6016,ЦНИИТМАШ,55.72188493,37.66849532,2,False,False,0.00832087522915434
12,0,47,6020,Новоостаповская улица,55.72083739,37.67388165,2,False,False,0.00832087522915434
12,0,48,5387,Метро «Дубровка»,55.71818243,37.6760721,2,True,False,0.01248131284373151
12,0,49,10737,МЦК Дубровка,55.71537983,37.67823797,2,True,False,0.01248131284373151
12,0,50,8439,МЦК Дубровка,55.71421404,37.67850074,1,True,True,0.0
12,1,1,8439,МЦК Дубровка,55.71421404,37.67850074,1,True,False,0.012191470643562194
12,1,2,8098,МЦК Дубровка,55.71521257,37.67853812,2,True,False,0.0135838120889073
12,1,3,6019,Метро «Дубровка»,55.71787208,37.67652303,2,True,False,0.0135838120889073
12,1,4,6017,Новоостаповская ул.,55.72044752,37.6746132,2,False,False,0.0090558747259382
12,1,5,6021,ЦНИИТМАШ,55.72198839,37.66913948,2,False,False,0.0090558747259382
12,1,6,3788,Шарикоподшипниковская улица,55.72367835,37.66417052,2,False,False,0.0090558747259382
12,1,7,8612,Арбатецкая улица,55.72674768,37.66354269,2,False,False,0.0090558747259382
12,1,8,8613,Динамовская улица,55.73006156,37.66156425,2,False,False,0.0090558747259382
12,1,9,7193,Метро «Пролетарская»,55.73134335,37.66409171,4,True,False,0.015337954857522351
12,1,10,6024,Кинотеатр «Победа»,55.73487675,37.67037214,4,False,False,0.010225303238348233
12,1,11,6025,Абельмановская Застава,55.73794835,37.67259894,4,False,False,0.010225303238348233
12,1,12,6026,Новорогожская улица,55.74348693,37.67741908,3,False,False,0.009714462710530839
12,1,13,6027,Библиотечная улица,55.74522631,37.67909484,3,False,False,0.009714462710530839
12,1,14,8459,Метро «Площадь Ильича»,55.74677458,37.68172587,4,True,False,0.015337954857522351
12,1,15,7605,МЦД Москва-Товарная,55.74728437,37.68839958,4,True,False,0.015337954857522351
12,1,16,15495,Старообрядческая улица,55.74765675,37.69341695,4,False,False,0.010225303238348233
12,1,17,6029,Душинская улица,55.74870511,37.7020464,4,False,False,0.010225303238348233
12,1,18,22096,Горбатый путепровод,55.74993524,37.70844553,4,False,False,0.010225303238348233
12,1,19,5342,Метро «Авиамоторная»,55.75150237,37.7161645,5,True,False,0.015964035511141367
12,1,20,1009095,Метро «Авиамоторная»,55.75236271,37.72082716,5,True,False,0.015964035511141367
12,1,21,6266,Д/к «Компрессор»,55.75291464,37.72378877,5,False,False,0.010642690340760912
12,1,22,6087,Улица Буракова,55.75562951,37.73757411,3,False,False,0.009714462710530839
12,1,23,3930,Гаражная улица,55.75737659,37.73988521,2,False,False,0.0090558747259382
12,1,24,7143,3-я улица Соколиной Горы,55.76110903,37.73645468,2,False,False,0.0090558747259382
12,1,25,3863,5-я улица Соколиной Горы,55.76358271,37.73419408,2,False,False,0.0090558747259382
12,1,26,10702,"Проспект Будённого, 24",55.76541912,37.73250897,2,False,False,0.0090558747259382
12,1,27,4660,8-я улица Соколиной Горы,55.76798773,37.73015084,2,False,False,0.0090558747259382
12,1,28,3943,9-я улица Соколиной Горы,55.77063947,37.72774494,2,False,False,0.0090558747259382
12,1,29,4069,10-я улица Соколиной Горы,55.7727669,37.7258268,2,False,False,0.0090558747259382
12,1,30,22815,Вольная улица,55.77534646,37.7234992,2,False,False,0.0090558747259382
12,1,31,4658,Кирпичная улица,55.77764821,37.72136516,2,False,False,0.0090558747259382
12,1,32,3622,Метро «Семёновская»,55.78215255,37.72008527,3,True,False,0.01457169406579626
12,1,33,3623,Улица Ибрагимова,55.78258775,37.73112375,3,False,False,0.009714462710530839
12,1,34,3624,Фортунатовская ул.,55.78286096,37.73864919,3,False,False,0.009714462710530839
12,1,35,16916,Мост Окружной железной дороги,55.78379333,37.74609084,3,False,False,0.009714462710530839
12,1,36,8844,Метро «Партизанская»,55.78654187,37.75022768,2,True,False,0.0135838120889073
12,1,37,3627,Главная аллея,55.7866487,37.76169693,2,False,False,0.0090558747259382
12,1,38,7894,Галерея «Измайлово»,55.79007904,37.77092625,6,False,False,0.01099558610755582
12,1,39,3628,Измайловская площадь,55.79207947,37.77820362,5,False,False,0.010642690340760912
12,1,40,3629,3-я Парковая улица,55.79281619,37.78379377,6,False,False,0.01099558610755582
12,1,41,3630,5-я Парковая улица,55.792988,37.78902938,6,False,False,0.01099558610755582
12,1,42,3631,7-я Парковая улица,55.79311915,37.79476118,6,False,False,0.01099558610755582
12,1,43,3632,Метро «Первомайская»,55.79317447,37.80028776,7,True,False,0.01695191748803033
12,1,44,4072,Районный центр «Первомайский»,55.79327873,37.80625892,7,False,False,0.011301278325353551
12,1,45,3691,13-я Парковая улица,55.79339478,37.81327101,7,False,False,0.011301278325353551
12,1,46,3633,15-я Парковая улица,55.79350052,37.8198454,5,False,False,0.010642690340760912
12,1,47,10463,Восточное Измайлово,55.79448147,37.82268714,2,False,True,0.0
1,0,1,2594,Чертаново Южное,55.59468022,37.59088377,2,False,False,0.022394147317342558
1,0,2,2595,Чертаново Южное,55.59657683,37.58807507,2,False,False,0.022394147317342558
1,0,3,7879,Поликлиника,55.59872098,37.58852605,2,False,False,0.022394147317342558
1,0,4,2597,ОВД «Чертаново Южное»,55.60048714,37.58896473,2,False,False,0.022394147317342558
1,0,5,3804,"Чертановская улица, 53",55.60246308,37.58945246,2,False,False,0.022394147317342558
1,0,6,7880,Кировоградские пруды,55.60611312,37.5903004,2,False,False,0.022394147317342558
1,0,7,2598,"Чертановская ул., 44",55.60899713,37.59102749,2,False,False,0.022394147317342558
1,0,8,2599,Чертаново Центральное,55.61351128,37.59215968,2,False,False,0.022394147317342558
1,0,9,2600,Детская стоматологическая п-ка,55.61623051,37.59299208,2,False,False,0.022394147317342558
1,0,10,3805,"Чертановская ул., 28",55.61949019,37.59394526,2,False,False,0.022394147317342558
1,0,11,7883,Кинотеатр «Ашхабад»,55.62456713,37.59605983,2,False,False,0.022394147317342558
1,0,12,2602,Школьный парк,55.62849035,37.59899743,2,False,False,0.022394147317342558
1,0,13,2603,Футбольная школа Чертаново,55.63118209,37.60102877,2,False,False,0.022394147317342558
1,0,14,2604,Сумской проезд,55.63486141,37.60393742,2,False,False,0.022394147317342558
1,0,15,2605,Верхний Чертановский пруд,55.63774302,37.60526029,2,False,False,0.022394147317342558
1,0,16,2606,Метро «Чертановская»,55.64036325,37.60573152,2,True,False,0.03359122097601384
1,0,17,2607,Балаклавский проспект,55.64306927,37.60569728,2,False,False,0.022394147317342558
1,0,18,2608,Черноморский бульв.,55.6451741,37.60565615,3,False,False,0.02402276043255671
1,0,19,2609,"Симферопольский бульвар, 20",55.64941433,37.60557104,3,False,False,0.02402276043255671
1,0,20,2610,Метро «Каховская»,55.65282905,37.60547027,3,True,False,0.03603414064883506
1,0,21,2611,Болотниковская улица,55.65634537,37.60558607,3,False,False,0.02402276043255671
1,0,22,2612,Москворецкий рынок,55.65841001,37.60862856,1,False,True,0.0
1,1,1,2612,Москворецкий рынок,55.65841001,37.60862856,1,False,False,0.020191440971294928
1,1,2,2613,Болотниковская улица,55.65619014,37.60520769,3,False,False,0.024133552807811657
1,1,3,2614,Метро «Каховская»,55.65364496,37.60528804,3,True,False,0.03620032921171748
1,1,4,2615,"Симферопольский бульвар, 20",55.64911174,37.60538678,3,False,False,0.024133552807811657
1,1,5,2616,Черноморский бульвар,55.64561675,37.60545188,3,False,False,0.024133552807811657
1,1,6,2617,Балаклавский проспект,55.64261869,37.6055104,2,False,False,0.02249742856930622
1,1,7,2618,Метро «Чертановская»,55.64029108,37.60549058,2,True,False,0.033746142853959334
1,1,8,2619,Верхний Чертановский пруд,55.63783765,37.60508089,2,False,False,0.02249742856930622
1,1,9,2620,Сумской проезд,55.6339017,37.60309472,2,False,False,0.02249742856930622
1,1,10,2621,Футбольная школа Чертаново,55.63134129,37.60087457,2,False,False,0.02249742856930622
1,1,11,2622,Школьный парк,55.62872139,37.59842823,2,False,False,0.02249742856930622
1,1,12,2623,Кинотеатр «Ашхабад»,55.62422888,37.59565143,2,False,False,0.02249742856930622
1,1,13,3806,"Чертановская ул., 28",55.61971205,37.5937583,2,False,False,0.02249742856930622
1,1,14,2625,Детская стоматологическая п-ка,55.61639525,37.59277378,2,False,False,0.02249742856930622
1,1,15,2626,Чертаново Центральное,55.6117993,37.59149031,2,False,False,0.02249742856930622
1,1,16,7884,"Чертановская ул., 44",55.60913901,37.59083221,2,False,False,0.02249742856930622
1,1,17,7885,Кировоградские пруды,55.60600164,37.59010077,2,False,False,0.02249742856930622
1,1,18,3807,"Чертановская улица, 53",55.60254477,37.5892918,2,False,False,0.02249742856930622
1,1,19,2627,ОВД «Чертаново Южное»,55.60080494,37.5888636,2,False,False,0.02249742856930622
1,1,20,2596,Поликлиника,55.5989509,37.58842431,2,False,False,0.02249742856930622
1,1,21,2628,Чертаново Южное,55.59667811,37.58788823,2,False,False,0.02249742856930622
1,1,22,2594,Чертаново Южное,55.59468022,37.59088377,2,False,True,0.0
26,0,1,10483,Метро «Университет»,55.69215235,37.53585096,4,True,False,0.02837127447310956
26,0,2,7520,Метро «Университет»,55.69200226,37.53774477,4,True,False,0.02837127447310956
26,0,3,7521,Драмтеатр,55.6911226,37.53936972,4,False,False,0.01891418298207304
26,0,4,7522,Ленинский проспект,55.68842872,37.54392267,4,False,False,0.01891418298207304
26,0,5,10267,Центр здоровья детей,55.68613066,37.54800952,4,False,False,0.01891418298207304
26,0,6,7523,Черёмушкинский рынок,55.68437825,37.55110568,4,False,False,0.01891418298207304
26,0,7,7524,Улица Вавилова,55.68495853,37.55548116,1,False,False,0.015034058237550206
26,0,8,7525,Улица Ивана Бабушкина,55.68366332,37.55918413,1,False,False,0.015034058237550206
26,0,9,7526,Метро «Профсоюзная»,55.68145099,37.56600375,1,True,False,0.022551087356325307
26,0,10,7527,Новочерёмушкинская улица,55.67855872,37.57433277,1,False,False,0.015034058237550206
26,0,11,7528,Центр детского творчества,55.67715419,37.57846359,1,False,False,0.015034058237550206
26,0,12,7529,Черемушки,55.67963432,37.58466175,1,False,False,0.015034058237550206
26,0,13,7530,Улица Дмитрия Ульянова,55.68288996,37.59001361,2,False,False,0.016751040789357994
26,0,14,7531,Улица Винокурова,55.68642839,37.59387645,2,False,False,0.016751040789357994
26,0,15,7532,Улица Шверника,55.68861124,37.59617088,2,False,False,0.016751040789357994
26,0,16,7533,Загородное шоссе,55.69210366,37.60281273,2,False,False,0.016751040789357994
26,0,17,7534,"Севастопольский просп., 1",55.69395605,37.60764812,2,False,False,0.016751040789357994
26,0,18,7535,Больница имени Алексеева,55.69713106,37.6118449,2,False,False,0.016751040789357994
26,0,19,7536,Спортивная школа «Тринта»,55.69992624,37.61441684,2,False,False,0.016751040789357994
26,0,20,7537,Духовской переулок,55.70431787,37.61255573,2,False,False,0.016751040789357994
26,0,21,7538,3-я Рощинская улица,55.70782666,37.61074575,2,False,False,0.016751040789357994
26,0,22,7539,3-й Верхний Михайловский проезд,55.70868646,37.60704013,2,False,False,0.016751040789357994
26,0,23,21196,Серпуховский Вал,55.71245611,37.60681415,3,False,False,0.017969259296919057
26,0,24,7509,Улица Лестева,55.71594899,37.60819923,3,False,False,0.017969259296919057
26,0,25,7510,Метро «Шаболовская»,55.7188024,37.60926929,3,True,False,0.026953888945378587
26,0,26,7511,Фабрика «Ударница»,55.72283532,37.61079894,3,False,False,0.017969259296919057
26,0,27,1000531,Метро «Октябрьская»,55.72647653,37.61175601,3,True,False,0.026953888945378587
26,0,28,17247,Метро «Октябрьская»,55.72705729,37.61314841,3,True,True,0.0
26,1,1,17247,Метро «Октябрьская»,55.72705729,37.61314841,3,True,False,0.02742488045645406
26,1,2,1001581,Метро «Октябрьская»,55.72704107,37.61162365,3,True,False,0.02742488045645406
26,1,3,7514,Фабрика «Ударница»,55.72271058,37.61037693,3,False,False,0.01828325363763604
26,1,4,7515,Метро «Шаболовская»,55.71861051,37.60887152,3,True,False,0.02742488045645406
26,1,5,7516,Улица Лестева,55.71416264,37.60710998,3,False,False,0.01828325363763604
26,1,6,7541,Серпуховский Вал,55.71094042,37.60602967,2,False,False,0.017043748013516064
26,1,7,7542,3-я Рощинская улица,55.70826712,37.60920888,2,False,False,0.017043748013516064
26,1,8,7543,Духовской переулок,55.70472969,37.61190382,2,False,False,0.017043748013516064
26,1,9,7544,Спортивная школа «Тринта»,55.70032311,37.61458372,2,False,False,0.017043748013516064
26,1,10,7545,Больница имени Алексеева,55.69757043,37.61206706,2,False,False,0.017043748013516064
26,1,11,7546,"Севастопольский проспект, 1",55.69370774,37.60668363,2,False,False,0.017043748013516064
26,1,12,7547,Загородное шоссе,55.69202928,37.60230172,2,False,False,0.017043748013516064
26,1,13,7548,Ул. Шверника,55.68907905,37.59646542,2,False,False,0.017043748013516064
26,1,14,7549,Ул. Винокурова,55.686293,37.59352235,2,False,False,0.017043748013516064
26,1,15,7550,Ул. Дмитрия Ульянова,55.68269583,37.58960901,2,False,False,0.017043748013516064
26,1,16,7551,Черемушки,55.68021859,37.5851882,1,False,False,0.015296762956014015
26,1,17,7552,Центр детского творчества,55.67715779,37.57975688,1,False,False,0.015296762956014015
26,1,18,7553,Новочеремушкинская ул.,55.67881237,37.57396122,1,False,False,0.015296762956014015
26,1,19,7554,Метро «Профсоюзная»,55.681021,37.56752311,1,True,False,0.02294514443402102
26,1,20,7555,Улица Ивана Бабушкина,55.68357592,37.56003437,1,False,False,0.015296762956014015
26,1,21,7556,Улица Вавилова,55.6853891,37.55475974,1,False,False,0.015296762956014015
26,1,22,4894,Черёмушкинский рынок,55.68463876,37.55088954,4,False,False,0.019244688893169475
26,1,23,7414,Центр здоровья детей,55.68637382,37.54784886,4,False,False,0.019244688893169475
26,1,24,4893,Ленинский проспект,55.68867271,37.54377134,4,False,False,0.019244688893169475
26,1,25,4892,Драмтеатр,55.6908799,37.54002938,4,False,False,0.019244688893169475
26,1,26,5457,Метро «Университет»,55.69260894,37.53699175,4,True,False,0.028867033339754215
26,1,27,10483,Метро «Университет»,55.69215235,37.53585096,4,True,True,0.0
