date,t_mean,t_min,precip_mm,rain_obs_day,snow_obs_day,snow_depth_cm
2022-01-01,-1.4857142857142858,-2.5,6.0,0.0,3.0,26.0
2022-01-02,-6.1125,-7.6,1.0,4.0,6.0,26.0
2022-01-03,-7.5625,-7.8,,0.0,0.0,26.0
2022-01-04,-7.5,-8.5,0.2,0.0,3.0,25.0
2022-01-05,-5.8125,-6.3,12.0,4.0,4.0,24.0
2022-01-06,-0.575,-3.8,1.7999999999999998,1.0,4.0,29.0
2022-01-07,-3.2625,-5.9,0.5,1.0,2.0,28.0
2022-01-08,-5.3125,-6.5,0.8999999999999999,0.0,3.0,28.0
2022-01-09,-4.7125,-6.7,2.2,0.0,2.0,27.0
2022-01-10,-6.4875,-7.0,13.0,0.0,6.0,32.0
2022-01-11,-9.737499999999999,-12.7,0.8999999999999999,0.0,6.0,34.0
2022-01-12,-13.649999999999999,-16.5,1.0,0.0,4.0,34.0
2022-01-13,-13.799999999999999,-18.4,4.0,0.0,3.0,33.0
2022-01-14,0.08750000000000001,-3.3,14.0,4.0,3.0,29.0
2022-01-15,-1.7,-2.2,3.8,6.0,6.0,29.0
2022-01-16,-3.375,-5.1,0.3,0.0,2.0,29.0
2022-01-17,-3.4499999999999997,-4.7,8.6,0.0,5.0,29.0
2022-01-18,-3.85,-6.3,8.4,0.0,6.0,37.0
2022-01-19,-7.025,-10.7,0.4,2.0,2.0,37.0
2022-01-20,-3.3,-4.6,0.2,0.0,0.0,37.0
2022-01-21,-4.475,-6.2,10.0,0.0,6.0,38.0
2022-01-22,-4.8875,-6.4,6.6,0.0,6.0,45.0
2022-01-23,-4.4375,-5.3,1.2999999999999998,0.0,1.0,46.0
2022-01-24,-6.125,-7.2,,0.0,0.0,46.0
2022-01-25,-8.125,-9.7,0.1,0.0,2.0,45.0
2022-01-26,-5.9875,-8.2,6.2,0.0,6.0,46.0
2022-01-27,-6.2250000000000005,-7.2,0.0,0.0,3.0,46.0
2022-01-28,-6.4375,-7.4,4.2,0.0,6.0,45.0
2022-01-29,-4.825,-6.1,3.3,0.0,4.0,47.0
2022-01-30,-3.6875,-4.3,0.8,0.0,2.0,47.0
2022-01-31,-2.3875,-3.6,7.0,0.0,6.0,47.0
2022-02-01,-1.325,-2.1,6.6,2.0,4.0,49.0
2022-02-02,-2.9625,-4.0,0.8,4.0,4.0,47.0
2022-02-03,-4.75,-6.4,0.2,0.0,4.0,46.0
2022-02-04,-4.7125,-6.2,1.7,0.0,2.0,46.0
2022-02-05,-7.550000000000001,-8.5,,0.0,0.0,45.0
2022-02-06,-8.5625,-10.8,6.0,0.0,5.0,45.0
2022-02-07,-2.0625,-5.4,8.0,3.0,5.0,48.0
2022-02-08,0.725,-0.3,4.3,0.0,1.0,49.0
2022-02-09,-0.5375,-1.6,0.4,0.0,1.0,47.0
2022-02-10,0.35,-0.6,1.9,2.0,2.0,45.0
2022-02-11,1.0875,0.3,,0.0,0.0,43.0
2022-02-12,-0.6375000000000001,-2.7,0.2,3.0,4.0,41.0
2022-02-13,-0.32499999999999996,-2.4,,0.0,0.0,39.0
2022-02-14,-0.7375,-2.0,,0.0,0.0,37.0
2022-02-15,-0.275,-2.2,,0.0,0.0,36.0
2022-02-16,-0.8,-3.1,,0.0,0.0,34.0
2022-02-17,1.2125,-0.5,0.1,1.0,0.0,34.0
2022-02-18,2.3249999999999997,1.2,11.0,4.0,0.0,28.0
2022-02-19,1.1125,-0.5,7.0,3.0,2.0,25.0
2022-02-20,1.6,0.7,6.5,4.0,4.0,23.0
2022-02-21,1.375,0.3,0.7,1.0,2.0,22.0
2022-02-22,2.85,1.2,12.0,5.0,0.0,20.0
2022-02-23,1.4625,0.3,1.5,3.0,3.0,18.0
2022-02-24,-0.725,-2.2,,0.0,0.0,18.0
2022-02-25,-0.10000000000000007,-3.7,,0.0,0.0,18.0
2022-02-26,0.8875,-1.1,0.0,0.0,1.0,17.0
2022-02-27,-0.5875,-2.8,,0.0,0.0,17.0
2022-02-28,-3.0375,-6.8,,0.0,0.0,17.0
2022-03-01,-2.2,-7.0,,0.0,0.0,17.0
2022-03-02,-0.65,-6.0,,0.0,0.0,17.0
2022-03-03,-0.1250000000000001,-4.7,,0.0,0.0,17.0
2022-03-04,-2.6125,-5.0,,0.0,0.0,17.0
2022-03-05,-1.0625,-2.0,0.0,0.0,5.0,17.0
2022-03-06,-2.75,-6.8,,0.0,0.0,17.0
2022-03-07,-0.18749999999999997,-1.4,0.0,2.0,2.0,17.0
2022-03-08,-4.275,-5.5,0.6,0.0,6.0,18.0
2022-03-09,-8.2625,-11.3,0.0,0.0,0.0,17.0
2022-03-10,-8.775,-13.6,,0.0,0.0,17.0
2022-03-11,-5.1625,-11.3,,0.0,0.0,17.0
2022-03-12,-2.825,-4.4,0.0,0.0,1.0,17.0
2022-03-13,-0.3625,-3.0,0.0,0.0,0.0,17.0
2022-03-14,2.0749999999999997,0.1,0.4,0.0,0.0,16.0
2022-03-15,-1.4625,-4.3,,0.0,0.0,16.0
2022-03-16,-3.575,-8.0,,0.0,0.0,16.0
2022-03-17,-3.475,-8.8,,0.0,0.0,15.0
2022-03-18,-1.1375,-7.8,,0.0,0.0,15.0
2022-03-19,2.425,-4.1,,0.0,0.0,15.0
2022-03-20,3.7750000000000004,-2.5,,0.0,0.0,14.0
2022-03-21,6.075,1.8,,0.0,0.0,13.0
2022-03-22,5.550000000000001,-1.0,,0.0,0.0,9.0
2022-03-23,5.25,-1.0,,0.0,0.0,8.0
2022-03-24,4.2625,-2.5,,0.0,0.0,7.0
2022-03-25,3.925,0.2,0.0,1.0,0.0,6.0
2022-03-26,4.5,1.7,4.1,3.0,1.0,5.0
2022-03-27,-2.9875,-4.0,1.2,6.0,6.0,5.0
2022-03-28,-3.9125,-7.0,10.1,0.0,4.0,4.0
2022-03-29,0.175,-1.6,5.2,5.0,5.0,13.0
2022-03-30,-2.125,-4.5,0.0,3.0,3.0,9.0
2022-03-31,-1.7375,-7.8,3.0,0.0,3.0,8.0
2022-04-01,1.2,-0.4,1.9000000000000001,0.0,2.0,11.0
2022-04-02,-0.22499999999999998,-1.9,23.0,0.0,5.0,10.0
2022-04-03,-0.18749999999999997,-2.0,17.4,0.0,4.0,31.0
2022-04-04,-0.3375,-6.8,,0.0,0.0,29.0
2022-04-05,2.175,-0.8,0.0,0.0,1.0,26.0
2022-04-06,2.275,-1.7,3.0,3.0,1.0,19.0
2022-04-07,2.25,-2.9,3.0,2.0,3.0,16.0
2022-04-08,9.95,5.3,,0.0,0.0,11.0
2022-04-09,8.0125,5.1,8.1,3.0,0.0,4.0
2022-04-10,6.9875,5.7,7.9,4.0,0.0,1.0
2022-04-11,3.7125,2.3,18.0,4.0,0.0,0.0
2022-04-12,3.675,2.0,12.0,0.0,0.0,
2022-04-13,3.9625,2.8,,0.0,0.0,
2022-04-14,6.0874999999999995,0.9,,0.0,0.0,
2022-04-15,7.0,2.8,0.5,1.0,0.0,
2022-04-16,3.1,2.0,12.5,6.0,3.0,
2022-04-17,3.1,-0.1,,0.0,0.0,
2022-04-18,5.9125,0.6,,0.0,0.0,
2022-04-19,8.3125,3.5,,0.0,0.0,
2022-04-20,10.625,5.1,,0.0,0.0,
2022-04-21,7.7125,6.7,10.1,5.0,0.0,
2022-04-22,8.6875,6.6,,0.0,0.0,
2022-04-23,10.5125,7.2,1.8,2.0,0.0,
2022-04-24,9.925,7.3,5.0,3.0,0.0,
2022-04-25,12.2375,9.3,3.5,2.0,0.0,
2022-04-26,12.975,10.6,8.0,0.0,0.0,
2022-04-27,9.0,5.8,0.6,2.0,0.0,
2022-04-28,4.875,1.1,,0.0,0.0,
2022-04-29,5.6875,0.8,0.0,1.0,0.0,
2022-04-30,4.1125,1.4,1.4,2.0,0.0,
2022-05-01,6.8625,-0.7,,0.0,0.0,
2022-05-02,10.4125,7.0,0.0,1.0,0.0,
2022-05-03,12.7875,7.7,0.0,0.0,0.0,
2022-05-04,6.7625,3.7,1.0,4.0,1.0,
2022-05-05,5.6,1.7,,0.0,0.0,
2022-05-06,10.85,4.4,,0.0,0.0,
2022-05-07,14.525,10.0,,0.0,0.0,
2022-05-08,15.075000000000001,10.9,3.0,2.0,0.0,
2022-05-09,7.6375,6.6,5.0,4.0,0.0,
2022-05-10,7.25,4.1,,0.0,0.0,
2022-05-11,12.3875,8.2,,0.0,0.0,
2022-05-12,14.1625,5.9,2.0,1.0,0.0,
2022-05-13,12.1375,9.4,11.0,3.0,0.0,
2022-05-14,12.237499999999999,9.1,1.0,0.0,0.0,
2022-05-15,12.1625,9.3,10.0,2.0,0.0,
2022-05-16,11.05,8.8,0.6,4.0,0.0,
2022-05-17,9.15,7.4,16.0,4.0,0.0,
2022-05-18,11.375,8.2,0.6,0.0,0.0,
2022-05-19,10.0125,8.1,4.4,5.0,0.0,
2022-05-20,9.1875,6.0,,0.0,0.0,
2022-05-21,10.225,3.4,,0.0,0.0,
2022-05-22,8.8875,5.1,,0.0,0.0,
2022-05-23,9.0,2.5,,0.0,0.0,
2022-05-24,8.2,6.4,,0.0,0.0,
2022-05-25,8.625,3.3,,0.0,0.0,
2022-05-26,13.225,7.9,0.3,1.0,0.0,
2022-05-27,11.625,9.8,47.0,3.0,0.0,
2022-05-28,10.0875,6.2,8.0,2.0,1.0,
2022-05-29,10.225,7.0,0.6,4.0,0.0,
2022-05-30,14.2875,5.5,,0.0,0.0,
2022-05-31,14.8,13.0,9.8,6.0,0.0,
2022-06-01,18.85,14.1,,0.0,0.0,
2022-06-02,20.75,15.8,,0.0,0.0,
2022-06-03,17.814285714285713,14.3,7.0,2.0,0.0,
2022-06-04,16.0375,11.2,,0.0,0.0,
2022-06-05,14.125,11.8,7.9,3.0,0.0,
2022-06-06,15.6625,10.6,2.0,1.0,0.0,
2022-06-07,15.4875,9.7,2.0,0.0,0.0,
2022-06-08,17.1875,9.8,,0.0,0.0,
2022-06-09,19.9875,10.3,,0.0,0.0,
2022-06-10,21.925,18.7,1.6,2.0,0.0,
2022-06-11,19.45,14.7,0.0,2.0,0.0,
2022-06-12,20.5375,16.7,0.4,0.0,0.0,
2022-06-13,19.9,17.8,2.0,2.0,0.0,
2022-06-14,19.8,15.1,6.2,2.0,0.0,
2022-06-15,15.825,12.7,6.0,0.0,0.0,
2022-06-16,17.0875,13.9,8.0,2.0,0.0,
2022-06-17,16.1,11.0,25.0,3.0,0.0,
2022-06-18,16.25,11.5,3.0,0.0,0.0,
2022-06-19,18.8625,14.6,0.6,2.0,0.0,
2022-06-20,16.7,13.2,0.8,2.0,0.0,
2022-06-21,15.3625,14.1,4.3,4.0,0.0,
2022-06-22,17.4875,14.2,,0.0,0.0,
2022-06-23,19.5125,14.3,,0.0,0.0,
2022-06-24,20.675,12.1,,0.0,0.0,
2022-06-25,22.5625,15.2,,0.0,0.0,
2022-06-26,24.25,16.4,,0.0,0.0,
2022-06-27,26.5125,18.8,,0.0,0.0,
2022-06-28,22.55,20.3,,0.0,0.0,
2022-06-29,19.037499999999998,13.3,,0.0,0.0,
2022-06-30,19.3625,12.1,,0.0,0.0,
2022-07-01,19.4625,16.5,,0.0,0.0,
2022-07-02,19.1875,10.9,,0.0,0.0,
2022-07-03,23.8,17.8,0.8,0.0,0.0,
2022-07-04,24.025000000000002,16.8,,0.0,0.0,
2022-07-05,21.8375,18.0,23.0,3.0,0.0,
2022-07-06,22.9375,16.6,3.4,1.0,0.0,
2022-07-07,24.457142857142856,19.4,6.9,2.0,0.0,
2022-07-08,19.5375,16.5,6.0,0.0,0.0,
2022-07-09,19.8875,15.9,1.2,2.0,0.0,
2022-07-10,21.175,16.7,18.0,3.0,0.0,
2022-07-11,24.9,17.1,12.0,0.0,0.0,
2022-07-12,22.7,21.0,0.8,3.0,0.0,
2022-07-13,19.9,15.0,1.4,2.0,0.0,
2022-07-14,19.1125,13.9,0.6,3.0,0.0,
2022-07-15,19.35,15.6,0.6,0.0,0.0,
2022-07-16,18.0625,14.2,,0.0,0.0,
2022-07-17,18.35,14.7,,0.0,0.0,
2022-07-18,17.0875,14.2,2.0,2.0,0.0,
2022-07-19,16.8125,13.0,,0.0,0.0,
2022-07-20,16.675,13.6,2.6,3.0,0.0,
2022-07-21,16.7,14.2,14.0,6.0,0.0,
2022-07-22,20.8625,16.4,2.0,0.0,0.0,
2022-07-23,22.3125,15.8,,0.0,0.0,
2022-07-24,23.4875,17.0,,0.0,0.0,
2022-07-25,22.5625,18.2,42.0,1.0,0.0,
2022-07-26,22.5875,18.4,44.1,2.0,0.0,
2022-07-27,24.7625,18.8,,0.0,0.0,
2022-07-28,23.175,20.0,,0.0,0.0,
2022-07-29,19.2,15.3,,0.0,0.0,
2022-07-30,17.9625,13.3,,0.0,0.0,
2022-07-31,18.4875,12.5,,0.0,0.0,
2022-08-01,20.1875,14.7,,0.0,0.0,
2022-08-02,20.3,14.0,,0.0,0.0,
2022-08-03,22.375,15.4,,0.0,0.0,
2022-08-04,22.925,16.8,,0.0,0.0,
2022-08-05,23.7875,18.3,,0.0,0.0,
2022-08-06,24.8125,17.6,,0.0,0.0,
2022-08-07,23.325,19.5,1.0,3.0,0.0,
2022-08-08,18.6875,17.0,4.0,0.0,0.0,
2022-08-09,18.1875,15.7,,0.0,0.0,
2022-08-10,18.9875,14.5,,0.0,0.0,
2022-08-11,19.575,13.4,,0.0,0.0,
2022-08-12,20.1625,13.1,,0.0,0.0,
2022-08-13,21.25,14.1,,0.0,0.0,
2022-08-14,22.1875,15.4,,0.0,0.0,
2022-08-15,22.9125,16.7,,0.0,0.0,
2022-08-16,23.0125,16.5,,0.0,0.0,
2022-08-17,23.4625,17.5,,0.0,0.0,
2022-08-18,23.475,17.0,,0.0,0.0,
2022-08-19,22.425,18.5,,0.0,0.0,
2022-08-20,18.775,14.8,0.2,1.0,0.0,
2022-08-21,20.1875,12.6,,0.0,0.0,
2022-08-22,23.1375,17.5,0.0,2.0,0.0,
2022-08-23,24.775,16.4,,0.0,0.0,
2022-08-24,24.1125,16.7,,0.0,0.0,
2022-08-25,23.4125,15.8,,0.0,0.0,
2022-08-26,23.7875,16.3,,0.0,0.0,
2022-08-27,22.9875,15.3,,0.0,0.0,
2022-08-28,23.075,18.0,,0.0,0.0,
2022-08-29,21.975,17.3,,0.0,0.0,
2022-08-30,22.5,18.0,1.0,0.0,0.0,
2022-08-31,17.6625,14.3,1.4,1.0,0.0,
2022-09-01,10.8875,9.5,1.0,2.0,0.0,
2022-09-02,9.15,7.7,8.6,4.0,0.0,
2022-09-03,10.1625,5.3,,0.0,0.0,
2022-09-04,10.45,5.8,,0.0,0.0,
2022-09-05,8.775,5.3,1.4,3.0,0.0,
2022-09-06,9.025,7.6,1.0,6.0,0.0,
2022-09-07,8.525,6.5,4.4,3.0,0.0,
2022-09-08,8.6,7.4,0.2,4.0,0.0,
2022-09-09,8.3875,4.7,,0.0,0.0,
2022-09-10,8.5875,2.2,,0.0,0.0,
2022-09-11,9.7375,2.8,,0.0,0.0,
2022-09-12,10.875,9.3,1.2,4.0,0.0,
2022-09-13,11.325,6.8,0.1,1.0,0.0,
2022-09-14,11.4625,10.1,4.6,6.0,0.0,
2022-09-15,11.925,9.6,8.2,5.0,0.0,
2022-09-16,11.5375,6.6,12.0,3.0,0.0,
2022-09-17,11.9375,7.7,4.0,2.0,0.0,
2022-09-18,11.7625,7.6,2.6,3.0,0.0,
2022-09-19,11.8625,9.8,10.0,3.0,0.0,
2022-09-20,11.875,10.0,5.4,1.0,0.0,
2022-09-21,9.7625,5.1,0.4,1.0,0.0,
2022-09-22,10.775,9.8,7.0,0.0,0.0,
2022-09-23,11.5375,10.2,,0.0,0.0,
2022-09-24,8.8,8.2,54.0,6.0,0.0,
2022-09-25,7.275,6.6,21.5,6.0,0.0,
2022-09-26,7.8625,6.7,1.4,0.0,0.0,
2022-09-27,8.0,3.9,,0.0,0.0,
2022-09-28,8.6875,7.5,0.6000000000000001,4.0,0.0,
2022-09-29,9.9875,8.3,,0.0,0.0,
2022-09-30,12.05,8.0,0.2,2.0,0.0,
2022-10-01,13.65,12.4,9.0,5.0,0.0,
2022-10-02,11.7,9.9,11.0,0.0,0.0,
2022-10-03,12.625,9.2,48.0,5.0,0.0,
2022-10-04,11.360000000000001,10.3,1.5,0.0,0.0,
2022-10-05,,,,0.0,0.0,
2022-10-06,,,,0.0,0.0,
2022-10-07,,,,0.0,0.0,
2022-10-08,,,,0.0,0.0,
2022-10-09,,,,0.0,0.0,
2022-10-10,,,,0.0,0.0,
2022-10-11,,,,0.0,0.0,
2022-10-12,,,,0.0,0.0,
2022-10-13,,,,0.0,0.0,
2022-10-14,,,,0.0,0.0,
2022-10-15,,,,0.0,0.0,
2022-10-16,,,,0.0,0.0,
2022-10-17,,,,0.0,0.0,
2022-10-18,,,,0.0,0.0,
2022-10-19,,,,0.0,0.0,
2022-10-20,,,,0.0,0.0,
2022-10-21,,,,0.0,0.0,
2022-10-22,,,,0.0,0.0,
2022-10-23,,,,0.0,0.0,
2022-10-24,,,,0.0,0.0,
2022-10-25,,,,0.0,0.0,
2022-10-26,,,,0.0,0.0,
2022-10-27,,,,0.0,0.0,
2022-10-28,,,,0.0,0.0,
2022-10-29,,,,0.0,0.0,
2022-10-30,,,,0.0,0.0,
2022-10-31,,,,0.0,0.0,
2022-11-01,0.8714285714285713,0.3,0.0,0.0,0.0,
2022-11-02,0.975,-0.5,0.0,0.0,1.0,
2022-11-03,-1.45,-2.0,,0.0,0.0,
2022-11-04,-0.8875,-1.9,0.1,0.0,2.0,
2022-11-05,-0.0375,-0.5,0.1,0.0,2.0,
2022-11-06,-0.775,-1.5,,0.0,0.0,
2022-11-07,1.8625,0.7,2.0,0.0,2.0,
2022-11-08,4.2625,2.8,4.4,6.0,0.0,
2022-11-09,8.3875,6.5,1.1,4.0,0.0,
2022-11-10,8.9,8.0,,0.0,0.0,
2022-11-11,8.0875,7.6,0.2,6.0,0.0,
2022-11-12,9.7875,8.4,4.0,5.0,0.0,
2022-11-13,7.7625,4.9,0.30000000000000004,2.0,0.0,
2022-11-14,0.6375000000000001,-0.7,0.6,2.0,2.0,
2022-11-15,-1.0125000000000002,-2.2,4.0,0.0,3.0,
2022-11-16,-3.75,-5.7,6.0,0.0,0.0,5.0
2022-11-17,-3.725,-5.4,4.0,5.0,5.0,8.0
2022-11-18,-5.8375,-6.4,4.7,6.0,6.0,9.0
2022-11-19,-4.8375,-7.2,2.9,0.0,1.0,10.0
2022-11-20,-2.825,-3.8,5.8,3.0,4.0,12.0
2022-11-21,-3.9625,-4.8,,0.0,0.0,11.0
2022-11-22,-2.0125,-5.0,15.3,5.0,4.0,11.0
2022-11-23,0.2875,-1.4,5.0,6.0,0.0,7.0
2022-11-24,-4.1875,-5.9,0.2,0.0,2.0,4.0
2022-11-25,-5.425,-5.9,,0.0,0.0,4.0
2022-11-26,-5.8875,-6.3,,0.0,0.0,4.0
2022-11-27,-4.5875,-6.5,0.2,0.0,4.0,4.0
2022-11-28,-4.325,-5.0,0.1,0.0,5.0,4.0
2022-11-29,-6.1875,-8.8,0.0,0.0,0.0,4.0
2022-11-30,-9.55,-12.0,,0.0,0.0,4.0
2022-12-01,-10.85,-13.5,,0.0,0.0,4.0
2022-12-02,-11.2,-12.4,,0.0,0.0,4.0
2022-12-03,-10.5375,-13.4,0.2,0.0,5.0,4.0
2022-12-04,-8.642857142857142,-10.0,,0.0,0.0,4.0
2022-12-05,-9.2375,-11.1,,0.0,0.0,4.0
2022-12-06,-7.0125,-8.8,,0.0,0.0,4.0
2022-12-07,-8.1125,-9.6,,0.0,0.0,4.0
2022-12-08,-7.575,-9.1,3.7,0.0,6.0,5.0
2022-12-09,-3.9375,-4.5,0.6,0.0,4.0,6.0
2022-12-10,-2.4625,-3.6,11.0,0.0,3.0,6.0
2022-12-11,-0.875,-1.3,16.0,1.0,2.0,20.0
2022-12-12,2.35,0.8,42.0,6.0,0.0,12.0
2022-12-13,0.95,-0.8,12.6,4.0,3.0,5.0
2022-12-14,-3.9625,-5.2,25.0,0.0,4.0,16.0
2022-12-15,-5.1125,-6.3,2.0,0.0,1.0,18.0
2022-12-16,-3.5625,-4.8,7.2,0.0,4.0,22.0
2022-12-17,-4.55,-5.3,8.1,0.0,6.0,23.0
2022-12-18,-5.5625,-8.4,28.0,0.0,6.0,33.0
2022-12-19,-6.237500000000001,-10.3,0.2,2.0,2.0,34.0
2022-12-20,-5.725,-9.8,,0.0,0.0,34.0
2022-12-21,-5.075,-8.6,0.4,1.0,2.0,31.0
2022-12-22,0.875,-0.2,21.1,4.0,0.0,26.0
2022-12-23,1.5625,1.1,1.2,4.0,2.0,25.0
2022-12-24,1.8375,1.3,9.1,5.0,5.0,22.0
2022-12-25,-2.6,-5.6,0.6,0.0,0.0,22.0
2022-12-26,-4.357142857142857,-5.4,,0.0,0.0,21.0
2022-12-27,-4.8125,-5.9,7.0,0.0,5.0,21.0
2022-12-28,-1.3875,-1.7,14.0,2.0,6.0,30.0
2022-12-29,-1.9875,-3.0,0.4,1.0,1.0,32.0
2022-12-30,-0.11250000000000002,-1.7,2.2,0.0,4.0,33.0
2022-12-31,1.125,0.2,10.0,4.0,1.0,30.0
2023-01-01,2.5875,1.3,3.2,5.0,0.0,28.0
2023-01-02,1.05,-1.9,12.0,2.0,0.0,23.0
2023-01-03,-0.475,-2.6,12.0,2.0,3.0,25.0
2023-01-04,-2.1375,-4.0,3.9,3.0,5.0,24.0
2023-01-05,-5.8375,-12.6,4.0,2.0,3.0,29.0
2023-01-06,-20.85,-23.0,,0.0,0.0,28.0
2023-01-07,-21.7625,-23.4,,0.0,0.0,27.0
2023-01-08,-16.425,-19.2,0.0,0.0,3.0,27.0
2023-01-09,-16.9875,-18.5,0.0,0.0,4.0,27.0
2023-01-10,-15.025,-19.0,0.2,0.0,6.0,28.0
2023-01-11,-10.2375,-11.6,0.4,0.0,4.0,27.0
2023-01-12,-7.699999999999999,-8.7,,0.0,0.0,27.0
2023-01-13,-5.2125,-6.1,0.2,0.0,2.0,27.0
2023-01-14,-2.5625,-3.6,1.2,2.0,4.0,26.0
2023-01-15,-1.7625,-2.8,1.5,3.0,3.0,27.0
2023-01-16,-3.325,-3.9,0.0,0.0,2.0,25.0
2023-01-17,-0.825,-2.8,3.4,0.0,3.0,25.0
2023-01-18,0.3625,-0.1,0.6,0.0,2.0,26.0
2023-01-19,1.2875,0.6,8.1,4.0,3.0,26.0
2023-01-20,2.9499999999999997,1.4,2.9,0.0,2.0,25.0
2023-01-21,-1.3625,-4.0,,0.0,0.0,23.0
2023-01-22,-3.3125,-4.5,0.0,0.0,1.0,23.0
2023-01-23,-2.825,-3.4,0.2,0.0,1.0,23.0
2023-01-24,-1.35,-2.3,,0.0,0.0,23.0
2023-01-25,-1.2,-1.5,,0.0,0.0,23.0
2023-01-26,-1.9875,-2.7,0.2,2.0,0.0,22.0
2023-01-27,-2.3125,-3.3,0.5,2.0,3.0,22.0
2023-01-28,-2.8125,-3.8,0.2,0.0,5.0,23.0
2023-01-29,-2.3875,-3.3,0.1,0.0,1.0,23.0
2023-01-30,-1.625,-2.6,1.5,2.0,6.0,23.0
2023-01-31,-0.35000000000000003,-1.5,1.2,0.0,2.0,25.0
2023-02-01,0.4625,0.0,1.4,2.0,3.0,24.0
2023-02-02,-0.525,-1.1,0.4,0.0,0.0,25.0
2023-02-03,0.024999999999999984,-1.3,4.2,3.0,5.0,25.0
2023-02-04,-0.3,-0.8,3.2,0.0,0.0,28.0
2023-02-05,-2.1125,-3.0,1.6,0.0,0.0,29.0
2023-02-06,-4.6,-5.3,,0.0,0.0,29.0
2023-02-07,-5.3875,-6.2,,0.0,0.0,28.0
2023-02-08,-4.65,-6.6,,0.0,0.0,28.0
2023-02-09,-1.5250000000000001,-2.7,0.8,2.0,4.0,28.0
2023-02-10,-1.4625,-3.0,0.1,1.0,1.0,27.0
2023-02-11,-1.9125,-2.9,2.3,0.0,2.0,27.0
2023-02-12,-3.3875,-5.3,10.1,4.0,6.0,33.0
2023-02-13,-3.6500000000000004,-8.4,0.7,0.0,5.0,30.0
2023-02-14,0.5875,0.1,8.3,4.0,4.0,35.0
2023-02-15,-2.6375,-3.6,0.2,3.0,5.0,34.0
2023-02-16,-4.9375,-7.4,0.4,5.0,5.0,35.0
2023-02-17,-6.1125,-8.5,,0.0,0.0,35.0
2023-02-18,-6.7375,-8.6,0.0,0.0,5.0,35.0
2023-02-19,-6.6875,-7.6,7.3,0.0,6.0,36.0
2023-02-20,-7.075,-9.1,3.2,1.0,5.0,38.0
2023-02-21,-12.8375,-16.7,0.2,0.0,1.0,37.0
2023-02-22,-13.8125,-16.6,0.0,0.0,3.0,37.0
2023-02-23,-11.0875,-14.5,0.0,0.0,3.0,36.0
2023-02-24,-6.2250000000000005,-8.8,3.0,0.0,4.0,35.0
2023-02-25,0.07499999999999998,-2.9,7.0,0.0,4.0,38.0
2023-02-26,0.8999999999999999,-1.7,12.2,2.0,4.0,37.0
2023-02-27,-3.25,-4.1,0.2,3.0,3.0,36.0
2023-02-28,-5.0874999999999995,-8.2,0.5,4.0,4.0,36.0
2023-03-01,-4.05,-5.9,0.8999999999999999,0.0,0.0,36.0
2023-03-02,-3.0875,-4.1,0.0,2.0,4.0,35.0
2023-03-03,6.938893903907228e-18,-1.0,3.4,3.0,6.0,37.0
2023-03-04,-0.9125,-2.9,6.0,3.0,4.0,36.0
2023-03-05,-1.7,-2.8,3.1,3.0,3.0,41.0
2023-03-06,-2.125,-3.5,0.4,4.0,4.0,41.0
2023-03-07,-1.9833333333333332,-3.9,0.7,2.0,2.0,41.0
2023-03-08,-4.7875,-10.2,1.9,0.0,5.0,41.0
2023-03-09,-1.8875,-5.0,3.2,0.0,3.0,42.0
2023-03-10,-5.4,-6.6,0.0,2.0,2.0,42.0
2023-03-11,-4.5125,-6.2,3.2,0.0,5.0,42.0
2023-03-12,1.5625,-3.8,34.0,6.0,4.0,39.0
2023-03-13,-3.55,-5.8,3.0,3.0,3.0,38.0
2023-03-14,1.375,-4.0,4.0,1.0,2.0,40.0
2023-03-15,5.5625,4.2,,0.0,0.0,37.0
2023-03-16,2.5625,1.9,5.5,6.0,0.0,31.0
2023-03-17,2.0875,0.9,0.2,0.0,0.0,28.0
2023-03-18,-0.26249999999999996,-4.3,,0.0,0.0,27.0
2023-03-19,-0.22500000000000003,-5.0,,0.0,0.0,26.0
2023-03-20,1.3,-5.1,,0.0,0.0,25.0
2023-03-21,4.8,2.3,0.4,3.0,0.0,24.0
2023-03-22,4.525,2.2,0.0,0.0,0.0,22.0
2023-03-23,7.75,4.6,,0.0,0.0,18.0
2023-03-24,7.6125,5.5,14.0,3.0,0.0,12.0
2023-03-25,6.925,3.5,4.0,2.0,0.0,9.0
2023-03-26,6.1875,4.6,20.0,5.0,0.0,5.0
2023-03-27,5.6125,3.5,0.8,5.0,0.0,1.0
2023-03-28,6.0,0.0,0.1,0.0,0.0,
2023-03-29,6.5875,4.3,10.0,4.0,0.0,
2023-03-30,4.4125000000000005,0.7,1.1,0.0,0.0,
2023-03-31,0.6625,-1.0,0.8999999999999999,0.0,2.0,
2023-04-01,3.85,0.2,8.6,4.0,2.0,1.0
2023-04-02,8.0375,6.3,1.9,3.0,0.0,
2023-04-03,9.775,6.1,0.5,2.0,0.0,
2023-04-04,9.75,6.4,0.30000000000000004,1.0,0.0,
2023-04-05,7.25,3.3,,0.0,0.0,
2023-04-06,8.6125,2.9,,0.0,0.0,
2023-04-07,6.7250000000000005,1.4,,0.0,0.0,
2023-04-08,6.9,0.1,,0.0,0.0,
2023-04-09,9.35,4.0,,0.0,0.0,
2023-04-10,9.275,4.9,,0.0,0.0,
2023-04-11,10.35,6.0,0.4,1.0,0.0,
2023-04-12,11.1875,2.9,,0.0,0.0,
2023-04-13,11.6875,6.1,,0.0,0.0,
2023-04-14,5.6,1.3,,0.0,0.0,
2023-04-15,4.425,-0.8,,0.0,0.0,
2023-04-16,7.85,0.5,,0.0,0.0,
2023-04-17,10.875,6.3,,0.0,0.0,
2023-04-18,11.0625,8.3,,0.0,0.0,
2023-04-19,12.4875,8.1,,0.0,0.0,
2023-04-20,10.7875,4.3,,0.0,0.0,
2023-04-21,10.9375,3.6,,0.0,0.0,
2023-04-22,10.3875,4.7,,0.0,0.0,
2023-04-23,12.524999999999999,5.0,,0.0,0.0,
2023-04-24,14.6,6.1,,0.0,0.0,
2023-04-25,15.375,10.1,,0.0,0.0,
2023-04-26,12.25,10.1,17.0,4.0,0.0,
2023-04-27,13.725,6.5,0.0,1.0,0.0,
2023-04-28,11.3,7.7,1.6,5.0,1.0,
2023-04-29,7.012499999999999,3.4,23.0,2.0,0.0,
2023-04-30,7.1875,1.9,3.0,0.0,0.0,
2023-05-01,7.1875,6.1,9.4,3.0,0.0,
2023-05-02,8.8,1.3,,0.0,0.0,
2023-05-03,11.4,8.8,0.6,4.0,0.0,
2023-05-04,9.5375,3.8,0.6,0.0,0.0,
2023-05-05,6.2875,3.0,,0.0,0.0,
2023-05-06,3.0875,-0.1,,0.0,0.0,
2023-05-07,4.25,-0.4,,0.0,0.0,
2023-05-08,5.625,-0.6,,0.0,0.0,
2023-05-09,7.4875,0.2,,0.0,0.0,
2023-05-10,11.4375,6.5,,0.0,0.0,
2023-05-11,12.5125,9.1,4.0,3.0,0.0,
2023-05-12,14.9625,7.4,,0.0,0.0,
2023-05-13,16.5375,9.8,,0.0,0.0,
2023-05-14,13.9875,10.3,,0.0,0.0,
2023-05-15,13.2,5.5,,0.0,0.0,
2023-05-16,15.1,8.7,,0.0,0.0,
2023-05-17,17.3375,9.2,,0.0,0.0,
2023-05-18,18.875,11.2,,0.0,0.0,
2023-05-19,14.2375,10.8,0.2,1.0,0.0,
2023-05-20,12.175,9.8,0.0,1.0,0.0,
2023-05-21,13.175,9.9,10.0,2.0,0.0,
2023-05-22,13.4625,9.2,24.0,3.0,0.0,
2023-05-23,15.3875,11.0,0.4,2.0,0.0,
2023-05-24,18.4875,15.5,0.1,2.0,0.0,
2023-05-25,16.8,13.5,10.0,1.0,0.0,
2023-05-26,18.8875,12.5,0.0,1.0,0.0,
2023-05-27,17.7375,15.2,,0.0,0.0,
2023-05-28,12.8375,9.5,8.0,4.0,0.0,
2023-05-29,15.525,9.0,,0.0,0.0,
2023-05-30,16.725,11.3,,0.0,0.0,
2023-05-31,11.512500000000001,10.5,6.0,5.0,0.0,
2023-06-01,14.975000000000001,6.3,,0.0,0.0,
2023-06-02,16.7,12.0,7.0,3.0,0.0,
2023-06-03,9.55,7.1,26.0,4.0,0.0,
2023-06-04,10.4625,5.7,,0.0,0.0,
2023-06-05,12.725,9.4,2.1,5.0,0.0,
2023-06-06,15.600000000000001,9.8,0.0,0.0,0.0,
2023-06-07,17.55,11.5,0.0,2.0,0.0,
2023-06-08,17.4875,11.1,0.0,0.0,0.0,
2023-06-09,18.1125,15.0,,0.0,0.0,
2023-06-10,13.45,10.4,,0.0,0.0,
2023-06-11,12.8875,8.2,,0.0,0.0,
2023-06-12,14.8625,8.7,,0.0,0.0,
2023-06-13,16.5625,9.4,,0.0,0.0,
2023-06-14,18.5125,10.1,,0.0,0.0,
2023-06-15,19.925,11.2,,0.0,0.0,
2023-06-16,21.35,13.7,,0.0,0.0,
2023-06-17,21.425,14.1,,0.0,0.0,
2023-06-18,19.925,15.4,,0.0,0.0,
2023-06-19,17.9625,12.9,,0.0,0.0,
2023-06-20,17.9,12.1,1.2,2.0,0.0,
2023-06-21,16.075,9.0,,0.0,0.0,
2023-06-22,18.5,10.6,,0.0,0.0,
2023-06-23,16.6125,13.1,33.8,5.0,0.0,
2023-06-24,16.8,15.6,2.2,0.0,0.0,
2023-06-25,17.8375,11.4,,0.0,0.0,
2023-06-26,20.2375,15.6,0.0,1.0,0.0,
2023-06-27,19.5375,15.6,0.0,0.0,0.0,
2023-06-28,18.3375,14.6,0.0,2.0,0.0,
2023-06-29,16.2875,14.4,56.0,4.0,0.0,
2023-06-30,15.5125,13.9,12.2,4.0,0.0,
2023-07-01,19.625,14.0,2.4,0.0,0.0,
2023-07-02,19.975,17.0,,0.0,0.0,
2023-07-03,20.025,15.7,,0.0,0.0,
2023-07-04,20.65,14.6,,0.0,0.0,
2023-07-05,21.65,15.8,,0.0,0.0,
2023-07-06,23.5125,17.0,,0.0,0.0,
2023-07-07,23.9875,22.2,0.7,3.0,0.0,
2023-07-08,19.95,18.6,3.0,0.0,0.0,
2023-07-09,19.9375,13.8,,0.0,0.0,
2023-07-10,16.675,14.9,,0.0,0.0,
2023-07-11,14.5125,12.5,1.8,3.0,0.0,
2023-07-12,13.2625,11.8,1.2,3.0,0.0,
2023-07-13,13.5125,12.0,34.0,5.0,0.0,
2023-07-14,15.0375,13.4,15.0,2.0,0.0,
2023-07-15,16.175,14.4,5.5,4.0,0.0,
2023-07-16,18.55,15.4,,0.0,0.0,
2023-07-17,20.65,14.6,,0.0,0.0,
2023-07-18,20.4875,17.0,44.0,3.0,0.0,
2023-07-19,16.1875,13.9,41.0,4.0,0.0,
2023-07-20,16.7375,13.2,0.2,3.0,0.0,
2023-07-21,17.0,12.7,0.6,1.0,0.0,
2023-07-22,18.2,13.6,,0.0,0.0,
2023-07-23,17.6,14.3,10.0,4.0,0.0,
2023-07-24,15.375,13.1,10.0,4.0,0.0,
2023-07-25,18.5625,13.2,20.1,2.0,0.0,
2023-07-26,20.525,17.5,64.0,3.0,0.0,
2023-07-27,20.725,16.7,9.0,0.0,0.0,
2023-07-28,20.2,17.8,22.0,5.0,0.0,
2023-07-29,15.5875,14.7,20.0,4.0,0.0,
2023-07-30,17.8625,12.7,,0.0,0.0,
2023-07-31,19.475,13.1,,0.0,0.0,
2023-08-01,21.2375,15.1,,0.0,0.0,
2023-08-02,21.2625,16.4,0.0,2.0,0.0,
2023-08-03,22.9625,18.0,,0.0,0.0,
2023-08-04,24.0625,19.6,,0.0,0.0,
2023-08-05,23.45,17.0,,0.0,0.0,
2023-08-06,25.3875,19.0,,0.0,0.0,
2023-08-07,25.975,21.9,,0.0,0.0,
2023-08-08,22.975,21.1,0.2,4.0,0.0,
2023-08-09,21.3375,18.8,,0.0,0.0,
2023-08-10,20.2625,15.7,,0.0,0.0,
2023-08-11,20.275,16.1,2.1,3.0,0.0,
2023-08-12,20.65,19.8,10.3,5.0,0.0,
2023-08-13,19.0375,17.5,1.6,3.0,0.0,
2023-08-14,19.2875,17.8,7.3999999999999995,4.0,0.0,
2023-08-15,20.825,15.8,,0.0,0.0,
2023-08-16,20.725,15.5,,0.0,0.0,
2023-08-17,21.35,15.1,,0.0,0.0,
2023-08-18,21.05,16.8,1.6,4.0,0.0,
2023-08-19,22.625,17.7,,0.0,0.0,
2023-08-20,21.0375,18.1,94.0,4.0,0.0,
2023-08-21,17.325,13.3,0.4,0.0,0.0,
2023-08-22,16.3125,12.4,,0.0,0.0,
2023-08-23,15.6,12.8,8.0,2.0,0.0,
2023-08-24,14.5625,13.6,,0.0,0.0,
2023-08-25,13.875,8.9,,0.0,0.0,
2023-08-26,13.9125,9.2,0.4,2.0,0.0,
2023-08-27,16.4875,14.3,,0.0,0.0,
2023-08-28,15.85,11.0,,0.0,0.0,
2023-08-29,14.3625,11.7,,0.0,0.0,
2023-08-30,16.375,14.0,,0.0,0.0,
2023-08-31,18.6625,13.1,,0.0,0.0,
2023-09-01,20.55,14.6,,0.0,0.0,
2023-09-02,17.4625,14.9,3.0,3.0,0.0,
2023-09-03,16.9625,13.3,1.1,0.0,0.0,
2023-09-04,16.525,12.0,0.8,2.0,0.0,
2023-09-05,16.4125,10.9,,0.0,0.0,
2023-09-06,17.0,14.2,,0.0,0.0,
2023-09-07,12.675,8.9,,0.0,0.0,
2023-09-08,12.075,10.2,2.8,3.0,0.0,
2023-09-09,12.15,9.4,,0.0,0.0,
2023-09-10,12.975,10.1,,0.0,0.0,
2023-09-11,13.3625,8.4,,0.0,0.0,
2023-09-12,13.05,7.2,,0.0,0.0,
2023-09-13,12.9125,7.4,,0.0,0.0,
2023-09-14,13.8375,7.5,,0.0,0.0,
2023-09-15,14.4125,8.5,,0.0,0.0,
2023-09-16,12.4125,8.0,0.4,2.0,0.0,
2023-09-17,11.0875,4.6,,0.0,0.0,
2023-09-18,12.85,10.3,,0.0,0.0,
2023-09-19,12.85,7.9,,0.0,0.0,
2023-09-20,18.3625,12.3,,0.0,0.0,
2023-09-21,17.7875,16.2,,0.0,0.0,
2023-09-22,18.25,13.2,,0.0,0.0,
2023-09-23,17.7875,11.9,,0.0,0.0,
2023-09-24,19.6875,15.4,,0.0,0.0,
2023-09-25,15.9625,11.9,4.0,0.0,0.0,
2023-09-26,11.75,6.9,,0.0,0.0,
2023-09-27,12.6375,7.0,,0.0,0.0,
2023-09-28,14.425,7.8,,0.0,0.0,
2023-09-29,16.2125,10.4,,0.0,0.0,
2023-09-30,16.15,9.7,,0.0,0.0,
2023-10-01,14.525,11.9,2.0,3.0,0.0,
2023-10-02,10.65,8.7,,0.0,0.0,
2023-10-03,11.9625,8.9,0.0,1.0,0.0,
2023-10-04,14.3625,12.5,2.0,2.0,0.0,
2023-10-05,10.725,8.7,1.4,3.0,0.0,
2023-10-06,9.3,4.2,22.0,6.0,0.0,
2023-10-07,4.45,0.2,31.0,4.0,0.0,
2023-10-08,4.2125,1.5,10.4,6.0,0.0,
2023-10-09,2.8625,1.7,13.0,6.0,0.0,
2023-10-10,2.5625,1.5,2.0,1.0,1.0,
2023-10-11,3.4375,-1.6,,0.0,0.0,
2023-10-12,8.8125,5.4,11.0,6.0,0.0,
2023-10-13,9.5,7.8,4.0,0.0,0.0,
2023-10-14,9.7625,5.8,5.0,3.0,0.0,
2023-10-15,12.0,10.1,12.0,3.0,0.0,
2023-10-16,7.1375,6.1,4.0,4.0,0.0,
2023-10-17,3.7875,2.1,3.3,3.0,0.0,
2023-10-18,4.7875,3.6,3.0,2.0,0.0,
2023-10-19,5.3125,4.8,8.2,6.0,0.0,
2023-10-20,4.625,3.6,30.0,6.0,0.0,
2023-10-21,2.1,-1.2,,0.0,0.0,
2023-10-22,1.35,-1.4,0.4,2.0,1.0,
2023-10-23,3.7375,2.6,12.0,6.0,0.0,
2023-10-24,1.2125,-0.4,8.0,2.0,0.0,
2023-10-25,-0.6625,-1.1,,0.0,0.0,
2023-10-26,-1.0875,-2.2,,0.0,0.0,
2023-10-27,-1.7,-2.6,12.0,3.0,6.0,2.0
2023-10-28,-0.3375,-1.1,5.5,2.0,0.0,7.0
2023-10-29,0.3375,-0.1,5.2,0.0,4.0,3.0
2023-10-30,1.5,-0.6,18.0,5.0,1.0,4.0
2023-10-31,8.7375,7.3,0.2,0.0,0.0,
2023-11-01,12.1875,8.8,,0.0,0.0,
2023-11-02,8.4,4.1,26.0,4.0,0.0,
2023-11-03,3.25,2.6,,0.0,0.0,
2023-11-04,2.8,1.2,1.5,2.0,0.0,
2023-11-05,9.4875,5.6,1.5,3.0,0.0,
2023-11-06,9.7,8.2,12.0,6.0,0.0,
2023-11-07,9.35,8.8,5.9,4.0,0.0,
2023-11-08,7.85,6.9,0.4,0.0,0.0,
2023-11-09,6.3125,5.3,,0.0,0.0,
2023-11-10,6.1125,5.4,,0.0,0.0,
2023-11-11,5.9125,4.6,,0.0,0.0,
2023-11-12,4.6625,3.4,15.1,6.0,0.0,
2023-11-13,4.9625,3.2,15.4,6.0,0.0,
2023-11-14,3.3125,2.1,12.0,6.0,0.0,
2023-11-15,2.85,2.2,2.9,2.0,0.0,
2023-11-16,0.9875,0.1,1.2,2.0,6.0,
2023-11-17,-2.7625,-4.1,0.0,1.0,3.0,
2023-11-18,-6.3875,-8.6,,0.0,0.0,
2023-11-19,-6.725,-8.1,0.0,0.0,5.0,
2023-11-20,-7.2375,-8.1,0.4,0.0,6.0,
2023-11-21,-8.375,-8.9,0.1,3.0,5.0,
2023-11-22,-8.637500000000001,-9.4,0.1,3.0,6.0,1.0
2023-11-23,-7.7125,-8.2,2.0,0.0,6.0,1.0
2023-11-24,-6.7625,-7.4,11.0,0.0,6.0,8.0
2023-11-25,-6.3625,-7.3,9.0,0.0,5.0,15.0
2023-11-26,-3.7375,-4.2,0.5,0.0,2.0,15.0
2023-11-27,-1.1,-5.4,34.0,3.0,5.0,21.0
2023-11-28,-3.25,-4.8,1.5,0.0,5.0,19.0
2023-11-29,-4.475,-5.8,0.6000000000000001,0.0,4.0,18.0
2023-11-30,-1.7625,-3.9,8.8,0.0,5.0,
2023-12-01,-3.85,-4.5,3.1,0.0,3.0,18.0
2023-12-02,-4.175,-5.0,1.4,0.0,4.0,19.0
2023-12-03,-5.2125,-6.3,21.0,3.0,4.0,19.0
2023-12-04,-7.0625,-8.7,7.2,0.0,4.0,36.0
2023-12-05,-9.875,-12.8,0.8,0.0,2.0,37.0
2023-12-06,-9.65,-12.3,0.0,0.0,3.0,36.0
2023-12-07,-10.6875,-11.0,0.4,0.0,6.0,34.0
2023-12-08,-12.725,-14.4,0.2,0.0,6.0,34.0
2023-12-09,-14.2875,-14.8,1.0,0.0,5.0,32.0
2023-12-10,-11.8875,-13.7,2.3,0.0,6.0,29.0
2023-12-11,-7.775,-9.0,1.7000000000000002,0.0,6.0,29.0
2023-12-12,-6.8625,-8.2,4.8,1.0,6.0,30.0
2023-12-13,-10.45,-11.4,4.9,0.0,6.0,30.0
2023-12-14,-10.7,-11.4,2.8,0.0,6.0,31.0
2023-12-15,-8.15,-9.4,27.0,0.0,6.0,38.0
2023-12-16,-7.1375,-11.5,0.6,3.0,6.0,39.0
2023-12-17,-1.4625,-4.0,8.0,1.0,2.0,38.0
2023-12-18,0.6125,-1.5,,0.0,0.0,35.0
2023-12-19,2.3375,1.7,4.1,4.0,0.0,31.0
2023-12-20,3.3125,2.4,3.4,3.0,0.0,24.0
2023-12-21,1.2,0.2,14.3,4.0,4.0,24.0
2023-12-22,0.725,0.0,,0.0,0.0,22.0
2023-12-23,1.5625,0.7,4.6,4.0,2.0,20.0
2023-12-24,-0.225,-0.6,3.8,3.0,6.0,20.0
2023-12-25,-0.725,-1.2,0.1,3.0,3.0,20.0
2023-12-26,-0.8625,-1.8,2.9,5.0,6.0,20.0
2023-12-27,-1.2375,-1.7,0.0,0.0,2.0,19.0
2023-12-28,-2.2875,-3.4,0.4,1.0,4.0,19.0
2023-12-29,-1.425,-3.7,1.8,5.0,6.0,19.0
2023-12-30,2.1,1.5,18.8,6.0,1.0,17.0
2023-12-31,-0.8625,-8.9,7.3,6.0,2.0,16.0
2024-01-01,-12.3375,-14.9,0.0,0.0,4.0,15.0
2024-01-02,-18.675,-20.5,,0.0,0.0,15.0
2024-01-03,-23.8125,-25.3,,0.0,0.0,13.0
2024-01-04,-25.0875,-26.9,,0.0,0.0,13.0
2024-01-05,-22.3625,-25.1,0.0,0.0,2.0,13.0
2024-01-06,-16.887500000000003,-19.6,6.4,2.0,6.0,21.0
2024-01-07,-21.5125,-24.2,0.1,0.0,0.0,21.0
2024-01-08,-19.7375,-24.0,0.2,0.0,1.0,19.0
2024-01-09,-8.9375,-12.6,6.0,5.0,6.0,21.0
2024-01-10,-7.625,-11.2,6.0,4.0,5.0,24.0
2024-01-11,-5.55,-9.5,18.0,6.0,6.0,30.0
2024-01-12,-13.25,-16.9,0.4,0.0,4.0,30.0
2024-01-13,-20.225,-23.7,,0.0,0.0,29.0
2024-01-14,-16.375,-22.3,0.1,0.0,4.0,28.0
2024-01-15,-5.1625,-10.2,9.0,2.0,6.0,29.0
2024-01-16,-1.6875,-2.2,5.0,0.0,5.0,34.0
2024-01-17,-9.0375,-12.9,0.2,0.0,4.0,33.0
2024-01-18,-11.3875,-15.4,9.0,0.0,4.0,33.0
2024-01-19,-6.1625,-8.2,11.0,0.0,2.0,42.0
2024-01-20,-6.7375,-9.7,0.0,0.0,2.0,42.0
2024-01-21,-11.6375,-15.6,0.0,0.0,1.0,41.0
2024-01-22,-8.0125,-13.4,0.0,0.0,0.0,39.0
2024-01-23,-4.3625,-5.7,2.9,0.0,5.0,39.0
2024-01-24,-1.175,-2.8,4.0,0.0,4.0,42.0
2024-01-25,-0.45,-2.0,6.4,0.0,6.0,42.0
2024-01-26,-3.4375,-4.1,5.8,0.0,6.0,46.0
2024-01-27,-4.9625,-5.8,0.0,0.0,0.0,45.0
2024-01-28,-4.0375,-4.9,0.0,0.0,2.0,44.0
2024-01-29,-3.3375,-3.9,,0.0,0.0,43.0
2024-01-30,0.4375,-1.7,,0.0,0.0,42.0
2024-01-31,-0.12499999999999999,-0.6,0.0,1.0,1.0,39.0
2024-02-01,0.8999999999999999,-0.2,3.6,3.0,2.0,38.0
2024-02-02,-0.5875,-2.7,3.4000000000000004,4.0,4.0,38.0
2024-02-03,-3.25,-6.5,0.6,0.0,1.0,39.0
2024-02-04,0.1125,-1.5,10.0,2.0,5.0,44.0
2024-02-05,-1.325,-2.6,0.30000000000000004,2.0,2.0,42.0
2024-02-06,-2.75,-3.7,5.1,4.0,5.0,42.0
2024-02-07,-6.9125,-10.2,19.9,0.0,4.0,53.0
2024-02-08,-12.2,-14.0,2.8,0.0,2.0,60.0
2024-02-09,-12.2125,-15.5,,0.0,0.0,58.0
2024-02-10,-12.75,-16.5,0.0,0.0,2.0,58.0
2024-02-11,-9.5,-13.0,,0.0,0.0,57.0
2024-02-12,-4.0875,-6.2,9.2,4.0,1.0,52.0
2024-02-13,-5.225,-8.4,2.3,3.0,4.0,50.0
2024-02-14,-10.75,-13.9,,0.0,0.0,50.0
2024-02-15,-11.0125,-12.1,21.0,0.0,6.0,54.0
2024-02-16,-8.7625,-9.8,0.9,0.0,6.0,62.0
2024-02-17,-4.725,-8.4,,0.0,0.0,62.0
2024-02-18,-1.2625,-2.9,11.8,4.0,6.0,67.0
2024-02-19,-5.2875,-8.8,,0.0,0.0,66.0
2024-02-20,-9.3625,-13.9,,0.0,0.0,64.0
2024-02-21,-5.3125,-8.4,,0.0,1.0,62.0
2024-02-22,-3.4625,-4.6,1.4,0.0,3.0,62.0
2024-02-23,-0.95,-3.0,4.0,4.0,4.0,63.0
2024-02-24,0.9125,0.2,0.30000000000000004,6.0,6.0,62.0
2024-02-25,0.4375,-0.6,12.0,4.0,6.0,62.0
2024-02-26,-1.15,-2.1,1.1,0.0,0.0,62.0
2024-02-27,-0.9875,-4.0,,0.0,0.0,61.0
2024-02-28,-0.4,-4.3,,0.0,0.0,59.0
2024-02-29,1.4000000000000001,-1.3,,0.0,0.0,59.0
2024-03-01,2.3875,1.3,,0.0,0.0,57.0
2024-03-02,1.975,1.2,,0.0,0.0,55.0
2024-03-03,0.36250000000000004,-4.0,,0.0,0.0,53.0
2024-03-04,-1.0625,-4.9,,0.0,0.0,52.0
2024-03-05,-1.7374999999999998,-4.1,,0.0,0.0,51.0
2024-03-06,-4.6,-9.3,,0.0,0.0,51.0
2024-03-07,-3.525,-10.4,,0.0,0.0,51.0
2024-03-08,-2.85,-5.6,0.0,0.0,5.0,51.0
2024-03-09,-3.25,-5.0,,0.0,0.0,50.0
2024-03-10,-6.075,-8.1,,0.0,0.0,50.0
2024-03-11,-3.1125,-9.6,,0.0,0.0,50.0
2024-03-12,1.0125,-2.2,,0.0,0.0,51.0
2024-03-13,-0.6249999999999999,-6.1,,0.0,0.0,50.0
2024-03-14,0.7374999999999999,-4.2,,0.0,0.0,50.0
2024-03-15,1.925,-2.1,,0.0,0.0,50.0
2024-03-16,4.3,1.7,,0.0,0.0,48.0
2024-03-17,2.4,-2.4,,0.0,0.0,46.0
2024-03-18,3.0125,2.1,,0.0,0.0,43.0
2024-03-19,2.1,1.4,0.2,0.0,3.0,40.0
2024-03-20,2.1,-2.4,,0.0,0.0,38.0
2024-03-21,3.0250000000000004,-3.6,,0.0,0.0,36.0
2024-03-22,3.275,-3.1,,0.0,0.0,34.0
2024-03-23,3.6875,2.7,6.3,6.0,0.0,32.0
2024-03-24,4.225,2.8,9.0,3.0,0.0,30.0
2024-03-25,3.9250000000000003,1.6,1.4,0.0,0.0,26.0
2024-03-26,3.9375,-0.1,,0.0,0.0,24.0
2024-03-27,3.8375,-1.7,,0.0,0.0,22.0
2024-03-28,4.725,-2.3,,0.0,0.0,19.0
2024-03-29,6.0125,4.4,0.4,2.0,0.0,15.0
2024-03-30,8.3375,5.2,0.5,1.0,0.0,11.0
2024-03-31,10.6,4.1,0.8999999999999999,0.0,0.0,8.0
2024-04-01,15.2125,8.7,,0.0,0.0,4.0
2024-04-02,17.025,9.3,,0.0,0.0,
2024-04-03,13.625,6.6,2.6,2.0,0.0,
2024-04-04,4.1625000000000005,0.3,1.2,2.0,0.0,
2024-04-05,0.3,-2.2,,0.0,0.0,
2024-04-06,4.0125,1.1,0.0,1.0,3.0,
2024-04-07,8.3875,2.4,0.0,2.0,0.0,
2024-04-08,12.525,8.9,,0.0,0.0,
2024-04-09,13.862499999999999,10.7,1.6,4.0,0.0,
2024-04-10,14.125,9.7,7.0,0.0,0.0,
2024-04-11,14.8375,10.5,,0.0,0.0,
2024-04-12,11.1125,8.7,2.4,2.0,0.0,
2024-04-13,9.5625,4.6,2.5,0.0,0.0,
2024-04-14,10.2875,5.1,1.2,2.0,0.0,
2024-04-15,8.0125,5.2,20.0,2.0,0.0,
2024-04-16,8.475,5.5,3.1,2.0,0.0,
2024-04-17,10.05,8.2,2.2,3.0,0.0,
2024-04-18,7.1375,4.4,5.0,3.0,0.0,
2024-04-19,8.6,5.4,13.1,6.0,0.0,
2024-04-20,7.1625,3.0,0.3,0.0,0.0,
2024-04-21,10.8125,3.8,0.0,2.0,0.0,
2024-04-22,13.3625,10.2,4.0,0.0,0.0,
2024-04-23,9.5125,6.7,,0.0,0.0,
2024-04-24,8.7625,2.6,,0.0,0.0,
2024-04-25,15.1,10.4,0.2,0.0,0.0,
2024-04-26,17.0125,11.6,,0.0,0.0,
2024-04-27,13.0375,10.4,26.8,4.0,0.0,
2024-04-28,11.175,5.5,,0.0,0.0,
2024-04-29,12.5875,5.7,,0.0,0.0,
2024-04-30,15.9,7.3,,0.0,0.0,
2024-05-01,16.4375,12.8,1.0,2.0,0.0,
2024-05-02,9.15,7.0,,0.0,0.0,
2024-05-03,6.3125,3.1,,0.0,0.0,
2024-05-04,7.6625,0.8,,0.0,0.0,
2024-05-05,9.375,7.3,14.8,3.0,0.0,
2024-05-06,6.5,2.8,,0.0,0.0,
2024-05-07,2.3625,0.1,10.0,6.0,3.0,
2024-05-08,2.8625,-0.7,4.0,4.0,4.0,
2024-05-09,1.725,-1.1,6.0,2.0,0.0,1.0
2024-05-10,7.362500000000001,2.6,0.1,1.0,0.0,
2024-05-11,8.1125,6.4,4.0,2.0,0.0,
2024-05-12,4.1,3.0,0.0,2.0,2.0,
2024-05-13,5.3125,2.3,,0.0,0.0,
2024-05-14,7.275,0.8,,0.0,0.0,
2024-05-15,10.7875,4.4,,0.0,0.0,
2024-05-16,13.575,5.0,,0.0,0.0,
2024-05-17,16.5375,11.8,6.0,0.0,0.0,
2024-05-18,15.2875,10.0,,0.0,0.0,
2024-05-19,15.0625,9.8,,0.0,0.0,
2024-05-20,18.3125,10.8,,0.0,0.0,
2024-05-21,18.9875,13.7,,0.0,0.0,
2024-05-22,17.9125,12.1,,0.0,0.0,
2024-05-23,15.875,10.4,,0.0,0.0,
2024-05-24,16.25,9.4,,0.0,0.0,
2024-05-25,18.0,10.6,,0.0,0.0,
2024-05-26,17.975,11.0,4.0,2.0,0.0,
2024-05-27,17.825,11.4,,0.0,0.0,
2024-05-28,19.4,11.3,,0.0,0.0,
2024-05-29,21.675,13.7,,0.0,0.0,
2024-05-30,23.05,17.6,,0.0,0.0,
2024-05-31,22.6125,15.8,7.0,2.0,0.0,
2024-06-01,22.8875,15.5,7.0,0.0,0.0,
2024-06-02,22.4875,17.3,,0.0,0.0,
2024-06-03,20.9875,17.5,20.0,4.0,0.0,
2024-06-04,19.675,15.2,1.0,1.0,0.0,
2024-06-05,21.8375,16.3,,0.0,0.0,
2024-06-06,19.025,15.2,118.0,2.0,0.0,
2024-06-07,18.474999999999998,15.7,,0.0,0.0,
2024-06-08,18.65,15.4,,0.0,0.0,
2024-06-09,17.6875,13.4,0.2,2.0,0.0,
2024-06-10,18.35,14.7,0.4,1.0,0.0,
2024-06-11,20.175,17.0,30.0,6.0,0.0,
2024-06-12,21.65,18.3,34.0,2.0,0.0,
2024-06-13,19.45,17.3,28.0,5.0,0.0,
2024-06-14,18.0625,15.0,13.0,0.0,0.0,
2024-06-15,19.475,12.7,,0.0,0.0,
2024-06-16,21.3375,14.5,,0.0,0.0,
2024-06-17,20.2125,17.3,23.4,4.0,1.0,
2024-06-18,19.4375,18.1,45.4,4.0,0.0,
2024-06-19,21.3125,16.4,5.0,0.0,0.0,
2024-06-20,18.75,13.2,34.0,4.0,0.0,
2024-06-21,17.5,13.8,,0.0,0.0,
2024-06-22,17.775,13.1,,0.0,0.0,
2024-06-23,18.025,11.6,,0.0,0.0,
2024-06-24,17.325,11.6,,0.0,0.0,
2024-06-25,17.6875,12.0,2.0,2.0,0.0,
2024-06-26,18.7625,16.0,2.9,3.0,0.0,
2024-06-27,20.25,13.7,1.0,0.0,0.0,
2024-06-28,21.675,14.0,,0.0,0.0,
2024-06-29,23.65,16.9,8.0,2.0,0.0,
2024-06-30,25.0125,19.1,2.0,0.0,0.0,
2024-07-01,25.6875,20.1,,0.0,0.0,
2024-07-02,27.325,22.5,,0.0,0.0,
2024-07-03,27.7625,23.4,2.0,2.0,0.0,
2024-07-04,26.05,20.7,0.4,0.0,0.0,
2024-07-05,23.7,18.4,6.0,1.0,0.0,
2024-07-06,19.0375,16.8,18.0,2.0,0.0,
2024-07-07,21.0125,13.4,,0.0,0.0,
2024-07-08,22.8,15.8,,0.0,0.0,
2024-07-09,24.425,17.8,,0.0,0.0,
2024-07-10,22.6,19.1,,0.0,0.0,
2024-07-11,21.4625,14.3,,0.0,0.0,
2024-07-12,22.975,16.1,,0.0,0.0,
2024-07-13,25.0875,20.6,,0.0,0.0,
2024-07-14,24.4,21.3,8.3,5.0,0.0,
2024-07-15,24.875,20.8,0.0,2.0,0.0,
2024-07-16,24.825,21.7,,0.0,0.0,
2024-07-17,24.525,20.3,,0.0,0.0,
2024-07-18,21.8875,19.7,14.0,2.0,0.0,
2024-07-19,20.175,17.8,14.1,4.0,0.0,
2024-07-20,20.725,17.6,,0.0,0.0,
2024-07-21,19.725,16.6,6.0,3.0,0.0,
2024-07-22,18.0875,16.1,10.3,5.0,0.0,
2024-07-23,19.7875,16.3,,0.0,0.0,
2024-07-24,20.1125,13.3,,0.0,0.0,
2024-07-25,21.2375,17.1,0.6,2.0,0.0,
2024-07-26,20.025,15.0,,0.0,0.0,
2024-07-27,21.1625,13.6,,0.0,0.0,
2024-07-28,21.5,18.1,18.0,3.0,0.0,
2024-07-29,18.0875,16.2,342.0,3.0,0.0,
2024-07-30,17.9875,15.5,2.0,2.0,0.0,
2024-07-31,16.8,14.9,17.7,5.0,0.0,
2024-08-01,15.85,14.4,12.1,5.0,0.0,
2024-08-02,17.0125,14.4,2.9,3.0,0.0,
2024-08-03,17.225,14.2,0.5,0.0,0.0,
2024-08-04,18.6375,14.7,0.0,2.0,0.0,
2024-08-05,18.4875,14.6,6.0,1.0,0.0,
2024-08-06,19.6625,15.3,,0.0,0.0,
2024-08-07,18.75,15.3,12.0,2.0,0.0,
2024-08-08,18.625,16.7,3.0,1.0,0.0,
2024-08-09,18.4,15.9,3.2,2.0,0.0,
2024-08-10,19.0,13.6,0.7,1.0,0.0,
2024-08-11,17.6125,14.4,1.7999999999999998,1.0,0.0,
2024-08-12,14.850000000000001,12.9,0.8,2.0,0.0,
2024-08-13,15.425,12.0,2.0,2.0,0.0,
2024-08-14,16.9125,13.1,4.0,0.0,0.0,
2024-08-15,16.3125,11.1,,0.0,0.0,
2024-08-16,17.25,10.3,,0.0,0.0,
2024-08-17,19.025,13.9,,0.0,0.0,
2024-08-18,21.6125,17.8,6.0,0.0,0.0,
2024-08-19,21.1375,15.0,,0.0,0.0,
2024-08-20,20.3625,18.5,12.0,2.0,0.0,
2024-08-21,18.1625,12.6,,0.0,0.0,
2024-08-22,19.2625,13.1,,0.0,0.0,
2024-08-23,19.3875,16.7,1.0,2.0,0.0,
2024-08-24,17.675,13.2,,0.0,0.0,
2024-08-25,20.575,14.3,,0.0,0.0,
2024-08-26,22.15,15.8,,0.0,0.0,
2024-08-27,23.475,18.2,,0.0,0.0,
2024-08-28,21.5,17.3,,0.0,0.0,
2024-08-29,20.35,15.8,,0.0,0.0,
2024-08-30,19.375,13.0,,0.0,0.0,
2024-08-31,19.75,12.6,,0.0,0.0,
2024-09-01,22.45,16.0,,0.0,0.0,
2024-09-02,20.75,14.2,,0.0,0.0,
2024-09-03,19.35,12.2,,0.0,0.0,
2024-09-04,18.6125,16.3,0.0,1.0,0.0,
2024-09-05,15.1375,9.3,,0.0,0.0,
2024-09-06,15.8125,8.6,,0.0,0.0,
2024-09-07,16.8625,10.2,,0.0,0.0,
2024-09-08,17.55,10.6,,0.0,0.0,
2024-09-09,18.3625,10.7,,0.0,0.0,
2024-09-10,19.225,13.0,,0.0,0.0,
2024-09-11,20.225,17.0,,0.0,0.0,
2024-09-12,21.0875,17.2,0.30000000000000004,3.0,0.0,
2024-09-13,22.625,19.3,,0.0,0.0,
2024-09-14,19.825,13.6,,0.0,0.0,
2024-09-15,18.537499999999998,10.7,,0.0,0.0,
2024-09-16,17.2,9.3,,0.0,0.0,
2024-09-17,17.3125,11.2,,0.0,0.0,
2024-09-18,16.6125,9.9,,0.0,0.0,
2024-09-19,16.425,10.9,,0.0,0.0,
2024-09-20,15.35,9.8,,0.0,0.0,
2024-09-21,17.025,11.5,,0.0,0.0,
2024-09-22,11.475,7.2,,0.0,0.0,
2024-09-23,8.3625,2.2,,0.0,0.0,
2024-09-24,11.6375,3.5,,0.0,0.0,
2024-09-25,15.6625,6.8,,0.0,0.0,
2024-09-26,17.5875,12.1,,0.0,0.0,
2024-09-27,17.0375,14.7,6.0,4.0,0.0,
2024-09-28,18.1125,14.9,12.0,4.0,0.0,
2024-09-29,16.5875,12.6,4.0,1.0,0.0,
2024-09-30,11.3,9.7,,0.0,0.0,
2024-10-01,11.2125,7.3,,0.0,0.0,
2024-10-02,11.7875,5.9,,0.0,0.0,
2024-10-03,12.3375,4.8,,0.0,0.0,
2024-10-04,11.5125,9.8,22.0,4.0,0.0,
2024-10-05,10.8875,9.6,0.1,0.0,0.0,
2024-10-06,8.95,6.9,3.0,1.0,0.0,
2024-10-07,12.7375,9.0,47.3,2.0,0.0,
2024-10-08,12.925,11.6,12.5,5.0,0.0,
2024-10-09,7.3,5.8,1.6,4.0,0.0,
2024-10-10,6.775,5.4,0.1,0.0,0.0,
2024-10-11,10.2125,8.6,,0.0,0.0,
2024-10-12,10.15,8.6,,0.0,0.0,
2024-10-13,5.9625,3.4,,0.0,0.0,
2024-10-14,2.7125,0.6,22.0,4.0,3.0,
2024-10-15,4.1,0.5,10.2,3.0,2.0,1.0
2024-10-16,6.625,5.3,0.8,4.0,0.0,
2024-10-17,4.025,0.3,,0.0,0.0,
2024-10-18,2.8,-1.9,,0.0,0.0,
2024-10-19,4.6875,-0.1,,0.0,0.0,
2024-10-20,7.05,2.9,,0.0,0.0,
2024-10-21,8.15,4.1,,0.0,0.0,
2024-10-22,8.325,6.9,,0.0,0.0,
2024-10-23,9.1375,7.2,10.9,6.0,0.0,
2024-10-24,7.6875,6.1,1.7,3.0,0.0,
2024-10-25,6.575,5.3,0.5,0.0,0.0,
2024-10-26,4.8,1.3,0.8,1.0,0.0,
2024-10-27,7.4875,6.3,,0.0,0.0,
2024-10-28,7.6625,6.9,1.4,2.0,0.0,
2024-10-29,6.575,4.4,4.6,3.0,0.0,
2024-10-30,4.125,-0.2,4.0,2.0,0.0,
2024-10-31,3.775,2.3,24.0,0.0,0.0,
2024-11-01,5.3375,2.5,32.0,6.0,0.0,
2024-11-02,2.0375,-1.0,8.1,2.0,1.0,
2024-11-03,0.4,-1.0,0.6,0.0,2.0,1.0
2024-11-04,-0.5,-1.1,14.0,0.0,4.0,6.0
2024-11-05,-0.4125,-1.5,0.8,2.0,2.0,8.0
2024-11-06,0.1875,-1.7,6.0,2.0,4.0,5.0
2024-11-07,4.8,3.6,0.4,0.0,0.0,
2024-11-08,4.975,4.4,1.0,2.0,0.0,
2024-11-09,5.075,3.2,,0.0,0.0,
2024-11-10,4.7375,2.3,0.8,0.0,0.0,
2024-11-11,0.38749999999999996,-0.2,,0.0,0.0,
2024-11-12,0.3,-0.1,,0.0,0.0,
2024-11-13,1.3125,0.6,0.2,2.0,2.0,
2024-11-14,0.125,-0.2,0.30000000000000004,0.0,2.0,
2024-11-15,0.4875,-0.3,4.9,2.0,6.0,3.0
2024-11-16,2.9875,0.6,1.4,4.0,0.0,
2024-11-17,5.5,4.7,2.1,4.0,0.0,
2024-11-18,4.4,3.8,2.3,4.0,0.0,
2024-11-19,3.5375,2.0,3.7,5.0,5.0,
2024-11-20,3.1125,0.6,2.3,0.0,3.0,
2024-11-21,7.4875,6.2,20.8,6.0,0.0,
2024-11-22,1.0125,0.5,16.0,0.0,0.0,
2024-11-23,0.525,0.1,19.4,0.0,6.0,2.0
2024-11-24,-1.4375,-2.5,5.0,0.0,0.0,5.0
2024-11-25,-2.1125,-2.3,,0.0,0.0,4.0
2024-11-26,-0.75,-4.0,,0.0,0.0,4.0
2024-11-27,-3.6875,-5.6,,0.0,0.0,4.0
2024-11-28,-1.675,-2.2,0.4,3.0,4.0,4.0
2024-11-29,0.575,-1.0,0.4,3.0,0.0,4.0
2024-11-30,1.0625,0.6,0.2,0.0,2.0,3.0
2024-12-01,1.5125,1.0,0.6,2.0,1.0,2.0
2024-12-02,0.275,-0.7,,0.0,0.0,0.0
2024-12-03,0.675,0.1,0.30000000000000004,1.0,5.0,
2024-12-04,-0.062499999999999944,-2.3,1.2000000000000002,0.0,3.0,
2024-12-05,-4.85,-6.2,,0.0,0.0,
2024-12-06,-5.15,-6.4,0.2,0.0,6.0,
2024-12-07,-3.3,-3.9,11.4,4.0,6.0,2.0
2024-12-08,-2.0,-2.7,28.0,3.0,6.0,13.0
2024-12-09,-1.325,-2.6,8.0,4.0,4.0,14.0
2024-12-10,-3.2375,-4.3,0.3,0.0,0.0,19.0
2024-12-11,-3.9125,-4.6,0.2,0.0,2.0,19.0
2024-12-12,-2.3375,-3.5,0.2,5.0,5.0,18.0
2024-12-13,-6.05,-7.9,0.2,6.0,6.0,16.0
2024-12-14,-6.475,-9.7,4.8,0.0,6.0,16.0
2024-12-15,-4.2,-4.8,8.0,3.0,6.0,19.0
2024-12-16,-1.275,-2.0,5.9,2.0,5.0,18.0
2024-12-17,-0.14999999999999997,-3.4,5.7,3.0,3.0,21.0
2024-12-18,-9.3875,-12.0,0.9,6.0,6.0,19.0
2024-12-19,-11.8,-16.3,4.0,0.0,3.0,17.0
2024-12-20,0.4875,-4.9,1.2,3.0,2.0,18.0
2024-12-21,0.9874999999999999,-2.1,4.1,2.0,0.0,12.0
2024-12-22,-2.6999999999999997,-4.3,,0.0,0.0,11.0
2024-12-23,-1.8625,-3.5,,0.0,0.0,11.0
2024-12-24,0.775,-0.4,0.4,2.0,0.0,11.0
2024-12-25,-0.4,-1.5,1.9,0.0,2.0,11.0
2024-12-26,0.16249999999999998,-0.5,0.0,0.0,2.0,11.0
2024-12-27,1.025,0.4,0.6000000000000001,4.0,0.0,10.0
2024-12-28,-0.2625,-0.5,,0.0,0.0,9.0
2024-12-29,0.3625,-0.2,0.0,2.0,1.0,7.0
2024-12-30,0.675,0.1,0.4,1.0,6.0,6.0
2024-12-31,-0.22500000000000003,-2.2,11.4,2.0,2.0,6.0
2025-01-01,-1.95,-4.1,8.0,0.0,3.0,11.0
2025-01-02,2.75,1.4,3.1,4.0,0.0,10.0
2025-01-03,-2.025,-5.4,4.0,2.0,2.0,7.0
2025-01-04,-2.9875,-3.7,1.7000000000000002,0.0,3.0,7.0
2025-01-05,-4.0625,-5.6,2.2,2.0,4.0,11.0
2025-01-06,-4.3125,-4.8,0.0,3.0,3.0,10.0
2025-01-07,-1.8125,-4.1,4.9,1.0,4.0,12.0
2025-01-08,3.2,2.1,4.8,5.0,0.0,9.0
2025-01-09,0.22499999999999998,-1.3,,0.0,0.0,5.0
2025-01-10,1.525,0.3,4.5,5.0,2.0,4.0
2025-01-11,3.3875,2.0,10.0,3.0,0.0,2.0
2025-01-12,-1.3625,-3.1,8.0,0.0,0.0,2.0
2025-01-13,-1.65,-3.1,0.8,4.0,5.0,2.0
2025-01-14,-4.6,-7.1,6.2,4.0,4.0,3.0
2025-01-15,0.1875,-1.5,1.8,6.0,2.0,6.0
2025-01-16,-0.8,-2.7,7.0,2.0,3.0,4.0
2025-01-17,2.9375,1.6,1.2,2.0,2.0,3.0
2025-01-18,1.7875,0.3,1.2,4.0,0.0,
2025-01-19,0.475,-0.6,1.1,0.0,0.0,0.0
2025-01-20,1.1875,0.0,0.2,1.0,2.0,0.0
2025-01-21,-4.925,-6.8,,0.0,0.0,0.0
2025-01-22,-5.025,-6.9,,0.0,0.0,0.0
2025-01-23,-2.5125,-3.3,,0.0,0.0,0.0
2025-01-24,-1.175,-1.8,,0.0,0.0,0.0
2025-01-25,-0.037500000000000006,-1.3,,0.0,0.0,0.0
2025-01-26,2.4875,1.4,0.6,2.0,0.0,0.0
2025-01-27,4.325,3.0,4.3,5.0,0.0,0.0
2025-01-28,4.775,4.2,0.30000000000000004,0.0,0.0,0.0
2025-01-29,4.4375,3.9,0.0,6.0,0.0,0.0
2025-01-30,5.925,4.3,0.6,2.0,0.0,
2025-01-31,3.8625,3.0,,0.0,0.0,
2025-02-01,3.5375,2.6,3.1,6.0,0.0,
2025-02-02,1.25,-0.1,1.8,2.0,2.0,
2025-02-03,-0.012499999999999997,-0.8,0.1,0.0,0.0,
2025-02-04,-0.7,-2.8,0.2,1.0,1.0,
2025-02-05,-1.1125,-2.1,0.2,1.0,4.0,
2025-02-06,-0.7125,-1.5,0.1,2.0,2.0,
2025-02-07,-2.9625,-4.2,,0.0,0.0,
2025-02-08,-3.6125,-5.1,,0.0,0.0,
2025-02-09,-5.95,-7.4,,0.0,0.0,0.0
2025-02-10,-5.625,-6.3,0.0,0.0,2.0,
2025-02-11,-6.4,-6.9,0.8,0.0,1.0,1.0
2025-02-12,-7.3125,-8.4,,0.0,0.0,1.0
2025-02-13,-7.3875,-7.8,0.0,0.0,5.0,1.0
2025-02-14,-5.85,-6.5,0.30000000000000004,2.0,4.0,
2025-02-15,-7.8625,-9.5,0.6,5.0,5.0,2.0
2025-02-16,-9.1125,-9.8,0.8,6.0,6.0,2.0
2025-02-17,-10.75,-11.9,0.4,0.0,3.0,3.0
2025-02-18,-7.8,-10.4,0.1,0.0,4.0,2.0
2025-02-19,-5.7375,-7.9,3.5,5.0,5.0,4.0
2025-02-20,-7.625,-8.9,0.5,1.0,1.0,5.0
2025-02-21,-5.1875,-7.4,,0.0,0.0,4.0
2025-02-22,-4.1625,-6.1,,0.0,0.0,4.0
2025-02-23,-6.85,-10.2,,0.0,0.0,4.0
2025-02-24,-7.7875,-13.2,,0.0,0.0,4.0
2025-02-25,-7.225,-12.6,,0.0,0.0,3.0
2025-02-26,-4.2625,-8.4,,0.0,0.0,3.0
2025-02-27,-4.0125,-8.3,,0.0,0.0,3.0
2025-02-28,-3.1,-9.1,,0.0,0.0,2.0
2025-03-01,1.1,-0.9,,0.0,0.0,2.0
2025-03-02,0.1375,-0.8,2.9,0.0,6.0,4.0
2025-03-03,0.625,-0.7,0.8,3.0,3.0,4.0
2025-03-04,1.8125,0.7,5.8,5.0,2.0,4.0
2025-03-05,1.8375,1.0,3.4,1.0,1.0,2.0
2025-03-06,4.8625,1.9,9.5,6.0,0.0,
2025-03-07,8.15,5.5,0.2,0.0,0.0,
2025-03-08,4.575,-2.5,,0.0,0.0,
2025-03-09,7.475,2.8,,0.0,0.0,
2025-03-10,5.6625,0.5,,0.0,0.0,
2025-03-11,8.5875,5.2,0.0,3.0,0.0,
2025-03-12,8.3375,6.6,2.2,1.0,0.0,
2025-03-13,7.324999999999999,4.9,8.0,0.0,0.0,
2025-03-14,9.925,4.7,12.0,4.0,0.0,
2025-03-15,0.8875,-1.9,,0.0,0.0,
2025-03-16,0.07500000000000001,-5.0,,0.0,0.0,
2025-03-17,-1.2,-2.8,4.6000000000000005,0.0,4.0,2.0
2025-03-18,-2.375,-7.2,,0.0,0.0,3.0
2025-03-19,0.7250000000000001,-3.3,0.7,1.0,2.0,
2025-03-20,4.0375,-1.2,2.9,0.0,0.0,
2025-03-21,5.7,2.4,,0.0,0.0,
2025-03-22,2.55,1.0,,0.0,0.0,
2025-03-23,0.6874999999999999,-4.7,,0.0,0.0,
2025-03-24,4.3375,-2.4,,0.0,0.0,
2025-03-25,5.3875,3.0,3.7,6.0,0.0,
2025-03-26,2.95,1.8,1.3,0.0,0.0,
2025-03-27,5.1625,2.6,4.0,5.0,0.0,
2025-03-28,6.7125,4.3,1.0,0.0,0.0,
2025-03-29,6.7749999999999995,0.1,,0.0,0.0,
2025-03-30,7.8625,1.0,,0.0,0.0,
2025-03-31,9.1875,3.3,,0.0,0.0,
2025-04-01,10.0125,8.1,9.1,5.0,0.0,
2025-04-02,9.075,6.4,13.0,2.0,0.0,
2025-04-03,9.1875,5.8,,0.0,0.0,
2025-04-04,9.85,4.4,,0.0,0.0,
2025-04-05,4.7875,3.4,,0.0,0.0,
2025-04-06,-1.2625000000000002,-2.7,13.0,0.0,6.0,5.0
2025-04-07,-0.9375,-2.5,17.0,3.0,6.0,9.0
2025-04-08,-0.9125,-1.6,11.0,0.0,6.0,11.0
2025-04-09,-1.1125,-2.6,7.4,5.0,6.0,16.0
2025-04-10,0.11249999999999999,-2.3,1.3,2.0,5.0,12.0
2025-04-11,2.3875,0.8,0.1,3.0,3.0,8.0
2025-04-12,1.95,0.1,0.0,1.0,1.0,4.0
2025-04-13,3.7375,0.1,1.0,0.0,2.0,2.0
2025-04-14,7.0,-0.5,,0.0,0.0,
2025-04-15,13.475,8.6,,0.0,0.0,
2025-04-16,14.85,6.0,0.8,0.0,0.0,
2025-04-17,13.925,8.3,0.6,2.0,0.0,
2025-04-18,17.725,12.7,0.6,0.0,0.0,
2025-04-19,19.5125,15.1,,2.0,0.0,
2025-04-20,20.0875,13.8,,0.0,0.0,
2025-04-21,19.275,10.2,,0.0,0.0,
2025-04-22,18.85,13.9,,0.0,0.0,
2025-04-23,17.099999999999998,10.5,,0.0,0.0,
2025-04-24,14.7125,10.7,,0.0,0.0,
2025-04-25,12.3125,8.9,6.0,2.0,0.0,
2025-04-26,4.2,1.8,0.1,0.0,0.0,
2025-04-27,2.4875,-0.1,0.0,2.0,2.0,
2025-04-28,5.2125,-0.2,,0.0,0.0,
2025-04-29,8.475,7.2,3.6,4.0,0.0,
2025-04-30,8.325,7.2,5.1,4.0,0.0,
2025-05-01,6.8,4.9,54.0,6.0,0.0,
2025-05-02,2.675,0.4,32.0,4.0,4.0,7.0
2025-05-03,8.125,-0.1,,4.0,0.0,
2025-05-04,11.85,6.1,2.0,3.0,0.0,
2025-05-05,12.2375,8.3,0.7,1.0,0.0,
2025-05-06,6.875,2.6,1.2,0.0,0.0,
2025-05-07,10.4125,5.6,,0.0,0.0,
2025-05-08,7.1375,5.4,,0.0,0.0,
2025-05-09,6.0125,1.8,,0.0,0.0,
2025-05-10,5.575,1.0,,0.0,0.0,
2025-05-11,4.8,3.5,3.0,5.0,0.0,
2025-05-12,5.6375,2.9,3.2,3.0,0.0,
2025-05-13,5.975,1.7,5.0,3.0,0.0,
2025-05-14,8.8,5.9,7.0,2.0,0.0,
2025-05-15,11.6875,3.7,0.5,0.0,0.0,
2025-05-16,16.5125,10.7,0.2,4.0,0.0,
2025-05-17,15.649999999999999,10.1,0.0,1.0,0.0,
2025-05-18,16.0375,12.0,0.2,4.0,0.0,
2025-05-19,12.9375,11.7,5.8,2.0,0.0,
2025-05-20,12.2125,10.3,9.3,4.0,0.0,
2025-05-21,14.775,11.0,1.8,2.0,0.0,
2025-05-22,15.475,7.2,,0.0,0.0,
2025-05-23,18.9375,12.0,,0.0,0.0,
2025-05-24,20.6375,12.7,,0.0,0.0,
2025-05-25,21.0375,13.0,,0.0,0.0,
2025-05-26,21.8125,14.3,,0.0,0.0,
2025-05-27,22.275,20.0,,0.0,0.0,
2025-05-28,21.8125,14.2,,0.0,0.0,
2025-05-29,22.3625,14.0,,0.0,0.0,
2025-05-30,21.825,18.9,0.0,2.0,0.0,
2025-05-31,20.425,17.2,0.0,2.0,0.0,
2025-06-01,17.6375,14.9,0.4,3.0,0.0,
2025-06-02,16.712500000000002,9.9,,0.0,0.0,
2025-06-03,19.0125,15.4,1.2,2.0,0.0,
2025-06-04,18.75,15.3,,0.0,0.0,
2025-06-05,19.2875,13.6,,0.0,0.0,
2025-06-06,20.775,16.1,,0.0,0.0,
2025-06-07,22.3,17.1,0.0,1.0,0.0,
2025-06-08,21.6625,17.4,17.0,3.0,0.0,
2025-06-09,22.3875,17.5,6.4,2.0,0.0,
2025-06-10,17.175,13.9,,0.0,0.0,
2025-06-11,15.9625,11.2,,0.0,0.0,
2025-06-12,17.4375,13.1,,0.0,0.0,
2025-06-13,16.6625,14.6,4.1,3.0,0.0,
2025-06-14,14.5625,13.1,20.0,4.0,0.0,
2025-06-15,14.5875,13.0,10.0,4.0,0.0,
2025-06-16,19.3875,14.3,1.0,0.0,0.0,
2025-06-17,17.8375,14.2,2.0,2.0,0.0,
2025-06-18,16.325,14.5,6.3,5.0,0.0,
2025-06-19,15.3375,13.7,2.5,5.0,0.0,
2025-06-20,12.9625,12.0,26.0,5.0,0.0,
2025-06-21,13.6625,11.0,2.1,0.0,0.0,
2025-06-22,12.925,8.2,1.8,5.0,0.0,
2025-06-23,16.2,12.7,,0.0,0.0,
2025-06-24,16.4875,10.1,0.8,1.0,0.0,
2025-06-25,16.4125,13.9,6.8,1.0,0.0,
2025-06-26,15.85,14.1,5.0,3.0,0.0,
2025-06-27,14.8125,11.8,1.0,0.0,0.0,
2025-06-28,16.8,10.2,,0.0,0.0,
2025-06-29,16.0125,14.0,11.0,3.0,0.0,
2025-06-30,12.3375,10.8,16.0,6.0,0.0,
2025-07-01,12.9,11.4,20.5,4.0,0.0,
2025-07-02,15.1,12.5,0.0,1.0,0.0,
2025-07-03,20.15,14.8,4.0,0.0,0.0,
2025-07-04,21.65,17.1,,0.0,0.0,
2025-07-05,17.55,14.5,,0.0,0.0,
2025-07-06,17.0375,11.5,0.0,1.0,0.0,
2025-07-07,23.0875,18.0,,0.0,0.0,
2025-07-08,25.162499999999998,18.2,0.0,2.0,0.0,
2025-07-09,24.675,20.6,1.2,2.0,0.0,
2025-07-10,27.6125,20.8,,0.0,0.0,
2025-07-11,27.875,20.7,,0.0,0.0,
2025-07-12,26.5,20.6,9.0,2.0,0.0,
2025-07-13,23.6875,19.7,9.2,2.0,0.0,
2025-07-14,24.25,21.2,,0.0,0.0,
2025-07-15,20.325,18.2,54.0,2.0,0.0,
2025-07-16,19.8375,17.9,13.0,3.0,0.0,
2025-07-17,20.175,17.5,10.0,1.0,0.0,
2025-07-18,21.2,15.1,,0.0,0.0,
2025-07-19,20.95,16.0,3.0,1.0,0.0,
2025-07-20,21.2125,18.5,3.1,4.0,0.0,
2025-07-21,19.1875,17.5,98.0,4.0,0.0,
2025-07-22,20.0875,18.2,0.2,3.0,0.0,
2025-07-23,20.55,17.7,0.6,1.0,0.0,
2025-07-24,20.45,17.4,2.0,2.0,0.0,
2025-07-25,23.0375,17.7,,0.0,0.0,
2025-07-26,20.925,14.7,,0.0,0.0,
2025-07-27,21.475,14.6,,0.0,0.0,
2025-07-28,23.0,17.2,,0.0,0.0,
2025-07-29,23.5375,17.8,,2.0,0.0,
2025-07-30,23.9125,18.3,0.0,2.0,0.0,
2025-07-31,23.85,19.1,0.0,2.0,0.0,
2025-08-01,21.95,19.7,3.9,3.0,0.0,
2025-08-02,20.2625,18.9,14.0,0.0,0.0,
2025-08-03,21.1375,16.3,,0.0,0.0,
2025-08-04,20.275,18.8,54.0,4.0,0.0,
2025-08-05,20.075,19.1,15.2,4.0,0.0,
2025-08-06,21.3375,17.6,,0.0,0.0,
2025-08-07,17.8,15.4,4.0,3.0,0.0,
2025-08-08,17.2875,13.0,6.0,1.0,0.0,
2025-08-09,15.825,13.2,4.0,3.0,0.0,
2025-08-10,17.2,12.5,,0.0,0.0,
2025-08-11,16.8875,14.0,0.4,1.0,0.0,
2025-08-12,16.7375,14.9,4.4,3.0,0.0,
2025-08-13,17.075,13.8,,0.0,0.0,
2025-08-14,15.4375,12.2,,0.0,0.0,
2025-08-15,19.2625,15.8,,0.0,0.0,
2025-08-16,18.5375,12.4,,0.0,0.0,
2025-08-17,18.3625,15.7,0.2,2.0,0.0,
2025-08-18,13.975,12.2,7.0,3.0,0.0,
2025-08-19,17.0625,14.1,11.0,2.0,0.0,
2025-08-20,17.4375,13.2,13.0,1.0,0.0,
2025-08-21,13.95,11.1,21.8,4.0,0.0,
2025-08-22,13.475,8.4,,0.0,0.0,
2025-08-23,12.875,11.7,0.8,3.0,0.0,
2025-08-24,13.9375,8.9,,0.0,0.0,
2025-08-25,12.762500000000001,8.4,2.0,2.0,0.0,
2025-08-26,12.75,11.2,1.0,3.0,0.0,
2025-08-27,13.3875,10.5,,0.0,0.0,
2025-08-28,14.0125,9.3,,0.0,0.0,
2025-08-29,14.25,12.3,6.8,4.0,0.0,
2025-08-30,22.1125,15.4,,0.0,0.0,
2025-08-31,21.5,14.0,,0.0,0.0,
2025-09-01,17.925,14.5,,0.0,0.0,
2025-09-02,14.5,13.7,,0.0,0.0,
2025-09-03,14.375,13.3,,0.0,0.0,
2025-09-04,14.725,12.7,,0.0,0.0,
2025-09-05,15.7875,10.6,,0.0,0.0,
2025-09-06,16.35,10.2,,0.0,0.0,
2025-09-07,18.125,13.5,,0.0,0.0,
2025-09-08,16.9,11.3,,0.0,0.0,
2025-09-09,17.1375,11.1,,0.0,0.0,
2025-09-10,14.775,9.1,,0.0,0.0,
2025-09-11,14.712499999999999,7.7,,0.0,0.0,
2025-09-12,14.5875,12.0,,0.0,0.0,
2025-09-13,12.7375,6.5,,0.0,0.0,
2025-09-14,13.175,6.7,,0.0,0.0,
2025-09-15,15.0625,7.4,,0.0,0.0,
2025-09-16,16.725,10.6,,0.0,0.0,
2025-09-17,16.3625,12.2,,0.0,0.0,
2025-09-18,15.174999999999999,9.6,,0.0,0.0,
2025-09-19,13.2375,11.4,2.0,5.0,0.0,
2025-09-20,13.75,12.3,0.8,0.0,0.0,
2025-09-21,16.3125,14.0,,0.0,0.0,
2025-09-22,20.7,15.4,,0.0,0.0,
2025-09-23,15.424999999999999,10.2,2.9,2.0,0.0,
2025-09-24,8.6,6.9,1.0,0.0,0.0,
2025-09-25,7.7125,6.0,,0.0,0.0,
2025-09-26,8.7875,2.9,,0.0,0.0,
2025-09-27,9.575,8.0,10.0,3.0,0.0,
2025-09-28,7.4,5.7,0.4,2.0,0.0,
2025-09-29,6.9875,5.4,,0.0,0.0,
2025-09-30,5.0125,-0.2,,0.0,0.0,
2025-10-01,5.9125,0.0,,0.0,0.0,
2025-10-02,8.4,3.1,,0.0,0.0,
2025-10-03,9.025,5.5,,0.0,0.0,
2025-10-04,9.8,3.7,,0.0,0.0,
2025-10-05,10.3,8.0,1.4,5.0,0.0,
2025-10-06,11.0625,10.5,2.1,3.0,0.0,
2025-10-07,10.9625,10.3,1.4,2.0,0.0,
2025-10-08,11.9625,11.0,,0.0,0.0,
2025-10-09,10.8375,7.7,,0.0,0.0,
2025-10-10,9.625,8.7,4.6,6.0,0.0,
2025-10-11,10.4,9.3,3.2,4.0,0.0,
2025-10-12,7.512499999999999,6.4,1.2,0.0,0.0,
2025-10-13,4.7375,4.0,29.0,6.0,0.0,
2025-10-14,4.6875,3.6,21.0,5.0,0.0,
2025-10-15,4.0125,3.6,14.0,6.0,0.0,
2025-10-16,4.4125,1.9,,0.0,0.0,
2025-10-17,8.4,6.3,2.5,3.0,0.0,
2025-10-18,6.2125,4.8,6.0,2.0,0.0,
2025-10-19,4.9375,4.0,0.4,3.0,0.0,
2025-10-20,5.4625,4.5,0.7,0.0,0.0,
2025-10-21,4.05,3.2,4.3,5.0,0.0,
2025-10-22,4.8625,4.0,0.6,3.0,0.0,
2025-10-23,5.6875,4.7,,0.0,0.0,
2025-10-24,7.6625,5.7,5.6,4.0,0.0,
2025-10-25,9.4375,8.9,0.1,0.0,0.0,
2025-10-26,8.0375,7.5,16.4,4.0,0.0,
2025-10-27,7.025,4.7,0.5,3.0,0.0,
2025-10-28,6.575,5.5,19.0,4.0,0.0,
2025-10-29,6.5125,5.6,11.2,4.0,0.0,
2025-10-30,6.525,5.4,12.6,4.0,0.0,
2025-10-31,6.375,5.5,21.6,4.0,0.0,
2025-11-01,5.4,5.4,,,,
