route,start,end,days,hours,type,announced
50,2025-03-15,2025-04-04,we,all,reroute,2025-03-14
7,2025-03-29,2025-03-30,all,all,short,2025-03-26
50,2025-03-29,2025-03-30,all,all,short,2025-03-26
17,2025-04-05,2025-04-18,we,all,short,2025-04-04
17,2025-04-26,2025-04-30,we,all,cancel,2025-04-22
12,2025-04-28,2025-04-29,all,night,short,2025-04-28
7,2025-06-05,2025-06-06,all,all,short,2025-06-02
50,2025-06-05,2025-06-06,all,all,short,2025-06-02
12,2025-06-07,2025-06-20,we,all,reroute,2025-06-02
7,2025-06-08,2025-06-08,all,all,short,2025-06-02
50,2025-06-08,2025-06-08,all,all,short,2025-06-02
11,2025-06-27,2025-06-28,all,all,short,2025-06-26
17,2025-06-27,2025-06-28,all,all,short,2025-06-26
25,2025-06-27,2025-06-28,all,all,short,2025-06-26
7,2025-06-28,2025-07-09,we,all,short,2025-06-28
7,2025-07-10,2025-08-10,all,all,closure,2025-07-02
50,2025-07-10,2025-08-10,all,all,merge,2025-07-02
11,2025-07-18,2025-07-22,all,night,short,2025-07-18
17,2025-07-18,2025-07-22,all,night,short,2025-07-18
25,2025-07-18,2025-07-22,all,night,short,2025-07-18
7,2025-08-15,2025-09-30,all,night,short,2025-08-15
50,2025-08-15,2025-09-30,all,night,short,2025-08-15
7,2025-08-16,2025-09-05,we,all,short,2025-08-15
7,2025-09-06,2025-11-30,we,all,short,2025-09-05
50,2025-09-06,2025-11-30,we,all,cancel,2025-09-05
11,2025-09-13,2025-09-13,all,all,short,2025-09-12
17,2025-09-13,2025-09-13,all,all,short,2025-09-12
25,2025-09-13,2025-09-13,all,all,short,2025-09-12
11,2025-09-15,2025-09-19,all,night,short,2025-09-15
17,2025-09-15,2025-09-19,all,night,short,2025-09-15
25,2025-09-15,2025-09-19,all,night,short,2025-09-15
7,2025-09-20,2025-10-03,we,all,short,2025-09-19
11,2025-09-23,2025-10-31,all,night,short,2025-09-23
17,2025-09-23,2025-10-31,all,night,short,2025-09-23
25,2025-09-23,2025-10-31,all,night,short,2025-09-23
28,2025-09-22,2025-09-24,all,all,interval,2025-09-24
7,2025-10-28,2025-12-31,all,night,short,2025-10-28
50,2025-10-28,2025-12-31,all,night,short,2025-10-28
1,2025-03-01,2025-03-02,all,all,metro_boost,2025-02-27
1,2025-03-15,2025-03-16,all,all,metro_boost,2025-02-27
1,2025-03-22,2025-03-23,all,all,metro_boost,2025-02-27
1,2025-05-31,2025-06-01,all,all,metro_boost,2025-05-28
1,2025-06-07,2025-06-08,all,all,metro_boost,2025-05-28
1,2025-09-27,2025-09-28,all,all,metro_boost,2025-09-25
26,2025-03-01,2025-03-02,all,all,metro_boost,2025-02-27
26,2025-03-15,2025-03-16,all,all,metro_boost,2025-02-27
26,2025-03-22,2025-03-23,all,all,metro_boost,2025-02-27
26,2025-05-31,2025-06-01,all,all,metro_boost,2025-05-28
26,2025-06-07,2025-06-08,all,all,metro_boost,2025-05-28
26,2025-09-27,2025-09-28,all,all,metro_boost,2025-09-25
