time,temperature_2m_mean,temperature_2m_min,temperature_2m_max,precipitation_sum,snowfall_sum,snow_depth_max,wind_speed_10m_mean
2022-01-01,-1.9958333333333333,-4.0,-0.9,2.2,1.54,0.42,13.845833333333333
2022-01-02,-7.558333333333334,-12.4,-3.9,0.0,0.0,0.42,21.491666666666664
2022-01-03,-9.895833333333334,-14.7,-8.4,0.0,0.0,0.41,13.154166666666667
2022-01-04,-9.325000000000001,-10.6,-7.8,0.1,0.07,0.41,10.495833333333334
2022-01-05,-8.054166666666667,-11.2,-5.5,5.0,3.5,0.45,17.466666666666665
2022-01-06,-1.1208333333333333,-4.4,0.4,1.2,0.8400000000000001,0.45,16.0125
2022-01-07,-4.879166666666666,-8.0,-0.6,0.6000000000000001,0.42000000000000004,0.45,20.929166666666667
2022-01-08,-7.129166666666666,-10.0,-4.0,0.30000000000000004,0.21000000000000002,0.45,16.45
2022-01-09,-5.6000000000000005,-6.6,-3.8,3.9,2.73,0.47,20.091666666666665
2022-01-10,-7.366666666666667,-9.0,-6.5,4.9,3.5,0.52,15.887500000000001
2022-01-11,-10.454166666666667,-13.1,-7.2,0.30000000000000004,0.21000000000000002,0.52,22.791666666666668
2022-01-12,-15.35,-17.5,-12.6,0.1,0.07,0.52,16.608333333333334
2022-01-13,-13.520833333333334,-19.1,-2.1,1.2,0.8400000000000001,0.55,19.341666666666665
2022-01-14,0.10416666666666667,-2.2,1.6,1.9,0.7000000000000001,0.57,31.358333333333334
2022-01-15,-2.7458333333333336,-3.7,-2.1,1.4000000000000001,0.9800000000000001,0.56,29.625
2022-01-16,-5.258333333333334,-7.2,-3.3,0.0,0.0,0.55,20.316666666666666
2022-01-17,-3.545833333333333,-6.0,-2.0,3.2,2.24,0.55,27.5625
2022-01-18,-4.620833333333334,-9.8,-2.0,2.8,2.0300000000000002,0.56,22.295833333333334
2022-01-19,-9.258333333333333,-12.1,-6.2,0.1,0.07,0.55,16.179166666666667
2022-01-20,-3.7875,-5.8,-2.9,1.4000000000000001,0.98,0.54,24.604166666666668
2022-01-21,-5.141666666666667,-7.5,-3.1,4.0,2.8000000000000003,0.58,21.4375
2022-01-22,-5.4750000000000005,-7.6,-4.2,2.2,1.54,0.59,17.412499999999998
2022-01-23,-5.520833333333333,-7.6,-4.6,0.30000000000000004,0.28,0.59,9.266666666666667
2022-01-24,-8.933333333333334,-11.9,-7.4,0.0,0.0,0.58,5.25
2022-01-25,-9.5375,-10.8,-8.1,0.7,0.49,0.58,12.720833333333333
2022-01-26,-6.945833333333333,-9.3,-4.3,2.0,1.4000000000000001,0.6,11.029166666666667
2022-01-27,-9.504166666666666,-12.1,-7.0,0.0,0.0,0.6,13.924999999999999
2022-01-28,-7.3,-8.9,-5.8,1.6,1.12,0.6,23.625
2022-01-29,-6.404166666666666,-8.0,-5.5,3.0,2.1,0.61,7.45
2022-01-30,-4.808333333333334,-6.5,-3.4,1.4,0.9800000000000001,0.6,19.504166666666666
2022-01-31,-3.0208333333333335,-4.2,-1.7,4.5,3.08,0.62,19.037499999999998
2022-02-01,-3.045833333333333,-5.8,-1.1,1.4000000000000001,0.98,0.63,14.754166666666668
2022-02-02,-4.816666666666666,-6.7,-3.5,0.1,0.07,0.62,18.483333333333334
2022-02-03,-7.045833333333333,-8.8,-5.9,1.1,0.77,0.62,10.987499999999999
2022-02-04,-7.783333333333334,-11.1,-6.1,0.9,0.6300000000000001,0.62,9.512500000000001
2022-02-05,-9.737499999999999,-12.1,-8.3,0.0,0.0,0.62,7.7
2022-02-06,-8.716666666666667,-11.8,-6.9,2.8000000000000003,1.9600000000000002,0.63,12.379166666666668
2022-02-07,-2.9458333333333333,-7.9,-0.8,2.4,1.6800000000000002,0.63,20.479166666666668
2022-02-08,-0.4166666666666667,-1.7,1.0,0.30000000000000004,0.21000000000000002,0.64,16.787499999999998
2022-02-09,-2.4791666666666665,-5.3,-0.9,0.4,0.28,0.63,11.737499999999999
2022-02-10,-0.9208333333333334,-2.2,1.1,1.2,0.77,0.62,17.508333333333333
2022-02-11,-1.2125,-3.3,0.7,0.2,0.14,0.62,18.787499999999998
2022-02-12,-2.6458333333333335,-5.3,-0.9,0.0,0.0,0.61,21.4375
2022-02-13,-1.3,-4.1,0.7,0.0,0.0,0.6,24.75
2022-02-14,-2.2125,-3.6,-0.2,0.0,0.0,0.59,22.541666666666668
2022-02-15,-2.85,-4.8,0.5,0.0,0.0,0.58,20.854166666666668
2022-02-16,-3.704166666666667,-6.2,-0.8,0.0,0.0,0.58,21.204166666666666
2022-02-17,0.004166666666666661,-2.9,1.7,2.5,0.42000000000000004,0.57,31.745833333333334
2022-02-18,0.7291666666666666,-2.6,2.4,3.3,0.28,0.56,24.21666666666667
2022-02-19,-0.44166666666666665,-3.4,1.9,3.3,2.1,0.54,30.454166666666666
2022-02-20,0.4458333333333333,-1.8,1.3,2.5,1.33,0.54,26.525000000000002
2022-02-21,-0.7625000000000001,-3.0,1.1,2.5,1.68,0.54,20.408333333333335
2022-02-22,1.7458333333333333,1.0,3.2,3.4,0.49,0.54,25.65416666666667
2022-02-23,0.033333333333333326,-3.8,1.2,0.7000000000000001,0.49000000000000005,0.53,18.708333333333332
2022-02-24,-2.1958333333333333,-5.6,-0.1,0.2,0.14,0.53,9.070833333333333
2022-02-25,-2.8375,-6.4,1.8,0.0,0.0,0.52,16.9875
2022-02-26,-1.0999999999999999,-5.1,1.7,0.1,0.07,0.51,12.166666666666666
2022-02-27,-3.3791666666666664,-7.0,-0.9,0.0,0.0,0.51,15.083333333333334
2022-02-28,-5.4624999999999995,-9.5,0.2,0.0,0.0,0.5,12.179166666666667
2022-03-01,-7.0,-13.3,1.2,0.0,0.0,0.5,7.641666666666667
2022-03-02,-5.3500000000000005,-11.3,1.7,0.0,0.0,0.5,8.070833333333333
2022-03-03,-4.670833333333333,-9.9,2.6,0.0,0.0,0.5,8.716666666666667
2022-03-04,-4.254166666666666,-7.5,-1.8,0.0,0.0,0.49,16.983333333333334
2022-03-05,-2.375,-5.2,-0.9,0.30000000000000004,0.28,0.49,20.366666666666667
2022-03-06,-4.591666666666667,-9.5,-1.1,0.0,0.0,0.49,15.883333333333333
2022-03-07,-2.0416666666666665,-3.3,-0.4,1.2000000000000002,0.9100000000000001,0.49,11.604166666666666
2022-03-08,-5.2625,-8.7,-2.8,2.3000000000000003,1.61,0.51,17.8875
2022-03-09,-11.266666666666666,-14.8,-6.5,0.0,0.0,0.51,14.395833333333334
2022-03-10,-11.591666666666667,-16.4,-5.6,0.0,0.0,0.5,14.512500000000001
2022-03-11,-9.204166666666667,-15.7,-1.2,0.0,0.0,0.5,9.358333333333333
2022-03-12,-5.058333333333333,-10.7,-1.4,0.9,0.56,0.5,11.270833333333334
2022-03-13,-3.0416666666666665,-10.6,1.7,0.0,0.0,0.5,12.975
2022-03-14,0.4291666666666667,-4.3,2.8,0.4,0.07,0.5,14.708333333333334
2022-03-15,-4.8125,-9.0,0.4,0.0,0.0,0.48,11.220833333333333
2022-03-16,-7.625,-13.7,-1.1,0.0,0.0,0.48,8.933333333333334
2022-03-17,-7.766666666666667,-13.7,-0.1,0.0,0.0,0.47,9.970833333333333
2022-03-18,-5.2749999999999995,-12.7,2.8,0.0,0.0,0.47,11.6
2022-03-19,-2.8833333333333333,-9.3,4.9,0.0,0.0,0.47,9.825000000000001
2022-03-20,-0.18333333333333335,-5.7,6.0,0.0,0.0,0.46,13.012500000000001
2022-03-21,1.5166666666666666,-2.8,6.8,0.0,0.0,0.44,13.041666666666666
2022-03-22,0.6875,-5.8,8.7,0.0,0.0,0.42,11.191666666666668
2022-03-23,-0.04583333333333334,-6.1,9.5,0.0,0.0,0.39,9.758333333333333
2022-03-24,1.0416666666666667,-5.6,10.9,0.0,0.0,0.37,5.512499999999999
2022-03-25,1.5083333333333335,-4.0,8.0,0.2,0.07,0.34,7.8500000000000005
2022-03-26,2.5208333333333335,-0.5,5.1,3.2,0.7000000000000001,0.32,23.875
2022-03-27,-3.1374999999999997,-6.1,-0.9,1.4000000000000001,0.9800000000000001,0.3,32.5875
2022-03-28,-3.6333333333333333,-8.1,3.0,6.6000000000000005,3.29,0.33,20.962500000000002
2022-03-29,-0.5625,-5.2,1.1,0.5,0.35000000000000003,0.33,16.570833333333333
2022-03-30,-4.4875,-9.4,-0.4,0.1,0.07,0.33,9.858333333333333
2022-03-31,-2.5083333333333333,-9.0,2.0,1.3,0.91,0.34,9.200000000000001
2022-04-01,0.17500000000000002,-1.8,3.5,0.1,0.07,0.34,15.5875
2022-04-02,-0.7916666666666666,-2.0,0.8,9.8,6.86,0.41,21.7
2022-04-03,-1.3041666666666665,-4.8,1.4,5.2,3.64,0.44,21.220833333333335
2022-04-04,-3.5416666666666665,-10.2,2.5,0.0,0.0,0.43,10.029166666666667
2022-04-05,-0.8333333333333334,-5.3,2.9,0.4,0.28,0.43,22.224999999999998
2022-04-06,0.1708333333333333,-3.4,2.5,2.8,1.6800000000000002,0.43,19.175
2022-04-07,1.3833333333333335,-4.0,5.5,2.4,0.98,0.43,17.470833333333335
2022-04-08,8.104166666666666,3.4,14.4,0.5,0.0,0.41,20.8
2022-04-09,7.7250000000000005,4.0,10.8,4.3,0.0,0.35,17.304166666666667
2022-04-10,6.4875,4.5,8.3,6.1,0.0,0.29,12.0625
2022-04-11,3.65,2.0,4.8,8.3,0.49,0.25,13.895833333333334
2022-04-12,5.3625,1.6,11.8,4.9,0.0,0.22,15.154166666666667
2022-04-13,4.533333333333333,1.3,7.4,0.0,0.0,0.18,20.016666666666666
2022-04-14,5.029166666666667,-0.1,10.4,0.0,0.0,0.14,16.291666666666668
2022-04-15,5.216666666666667,-0.5,9.8,2.0999999999999996,0.0,0.1,7.129166666666666
2022-04-16,2.9250000000000003,0.7,4.9,3.7,0.0,0.07,23.099999999999998
2022-04-17,2.4041666666666663,-1.2,6.3,0.0,0.0,0.05,20.770833333333332
2022-04-18,4.154166666666667,-2.3,10.2,0.0,0.0,0.04,12.629166666666668
2022-04-19,7.4375,1.6,13.7,0.0,0.0,0.02,15.933333333333332
2022-04-20,8.691666666666666,3.5,14.0,0.0,0.0,0.01,22.5
2022-04-21,6.408333333333334,3.0,7.6,7.3,0.0,0.0,21.349999999999998
2022-04-22,6.604166666666667,1.6,11.5,0.0,0.0,0.0,6.6875
2022-04-23,8.725,3.2,14.8,0.6000000000000001,0.0,0.0,6.141666666666667
2022-04-24,8.945833333333333,4.6,12.9,3.9,0.0,0.0,11.0
2022-04-25,11.862499999999999,8.4,16.7,0.5,0.0,0.0,13.666666666666666
2022-04-26,11.691666666666668,7.4,15.6,0.1,0.0,0.0,10.866666666666667
2022-04-27,8.1625,4.0,12.2,0.9,0.0,0.0,14.5375
2022-04-28,4.291666666666667,1.5,7.5,0.1,0.0,0.0,7.7375
2022-04-29,5.195833333333334,0.4,9.7,0.5,0.0,0.0,11.758333333333333
2022-04-30,3.625,0.3,7.3,0.2,0.0,0.0,13.1
2022-05-01,5.875,-2.0,12.7,0.6000000000000001,0.0,0.0,11.2125
2022-05-02,8.4125,2.6,14.4,0.3,0.0,0.0,9.558333333333334
2022-05-03,11.0375,5.9,17.2,0.4,0.0,0.0,18.6125
2022-05-04,6.1375,1.9,8.5,1.5,0.28,0.0,16.991666666666667
2022-05-05,5.1125,-0.8,10.2,0.0,0.0,0.0,12.083333333333334
2022-05-06,9.725,4.0,15.5,0.1,0.0,0.0,15.320833333333333
2022-05-07,11.683333333333332,5.2,17.7,0.0,0.0,0.0,15.929166666666667
2022-05-08,12.891666666666666,8.9,17.1,2.0,0.0,0.0,19.662499999999998
2022-05-09,7.079166666666667,4.2,9.7,3.9,0.0,0.0,19.820833333333333
2022-05-10,6.6375,2.6,9.3,0.1,0.0,0.0,24.825
2022-05-11,11.200000000000001,6.5,17.1,0.0,0.0,0.0,18.595833333333335
2022-05-12,12.891666666666666,5.3,21.5,6.1,0.0,0.0,15.429166666666667
2022-05-13,11.875,8.1,16.1,0.8,0.0,0.0,27.6125
2022-05-14,11.483333333333334,7.3,16.3,0.5,0.0,0.0,18.920833333333334
2022-05-15,11.083333333333334,6.5,16.0,0.4,0.0,0.0,13.091666666666667
2022-05-16,10.141666666666667,7.3,13.8,0.4,0.0,0.0,20.379166666666666
2022-05-17,9.541666666666666,7.0,13.3,8.1,0.0,0.0,22.59166666666667
2022-05-18,10.549999999999999,6.5,14.8,0.39999999999999997,0.0,0.0,18.95
2022-05-19,9.029166666666667,6.1,14.4,2.9,0.0,0.0,15.154166666666667
2022-05-20,8.329166666666667,4.2,12.1,0.0,0.0,0.0,10.1375
2022-05-21,9.420833333333333,2.1,15.2,0.0,0.0,0.0,7.979166666666667
2022-05-22,7.654166666666666,3.7,11.4,0.0,0.0,0.0,18.4875
2022-05-23,8.366666666666667,2.3,14.1,0.0,0.0,0.0,16.754166666666666
2022-05-24,7.358333333333333,5.6,8.7,0.0,0.0,0.0,16.962500000000002
2022-05-25,8.304166666666667,2.7,13.5,0.2,0.0,0.0,9.695833333333333
2022-05-26,12.770833333333334,5.5,19.6,6.6,0.0,0.0,8.833333333333334
2022-05-27,11.654166666666667,8.8,15.3,15.8,0.0,0.0,20.10833333333333
2022-05-28,9.475,4.9,12.5,2.9,0.0,0.0,12.141666666666666
2022-05-29,10.625,6.3,15.3,1.4000000000000001,0.0,0.0,16.029166666666665
2022-05-30,13.520833333333334,5.0,19.5,0.0,0.0,0.0,8.404166666666667
2022-05-31,14.666666666666666,12.9,18.1,7.2,0.0,0.0,12.950000000000001
2022-06-01,17.1125,10.2,22.6,0.2,0.0,0.0,10.079166666666667
2022-06-02,18.8,12.6,24.9,0.6000000000000001,0.0,0.0,10.416666666666666
2022-06-03,16.474999999999998,11.6,19.3,4.3,0.0,0.0,14.770833333333334
2022-06-04,15.129166666666668,9.2,19.8,0.0,0.0,0.0,12.1
2022-06-05,14.266666666666666,10.3,18.0,2.5,0.0,0.0,12.866666666666667
2022-06-06,15.691666666666668,10.1,21.3,0.1,0.0,0.0,14.700000000000001
2022-06-07,15.1,8.8,20.3,0.0,0.0,0.0,10.137500000000001
2022-06-08,16.2625,8.5,22.8,0.0,0.0,0.0,6.891666666666667
2022-06-09,19.337500000000002,9.6,26.7,0.0,0.0,0.0,7.658333333333332
2022-06-10,21.308333333333334,15.9,26.0,0.1,0.0,0.0,12.0
2022-06-11,20.020833333333332,12.7,25.1,0.0,0.0,0.0,7.770833333333333
2022-06-12,19.8875,14.7,24.4,0.0,0.0,0.0,10.404166666666667
2022-06-13,18.683333333333334,14.1,23.9,7.9,0.0,0.0,10.225
2022-06-14,19.545833333333334,13.9,26.5,6.3999999999999995,0.0,0.0,11.762500000000001
2022-06-15,15.674999999999999,11.9,19.4,0.0,0.0,0.0,22.0125
2022-06-16,17.270833333333332,12.7,21.8,0.2,0.0,0.0,14.791666666666666
2022-06-17,15.433333333333332,10.6,20.6,8.799999999999999,0.0,0.0,12.170833333333334
2022-06-18,16.54583333333333,10.8,21.2,0.1,0.0,0.0,14.016666666666666
2022-06-19,19.2375,14.1,24.3,0.30000000000000004,0.0,0.0,20.754166666666666
2022-06-20,16.870833333333334,13.3,20.7,2.0,0.0,0.0,14.720833333333333
2022-06-21,15.958333333333334,12.9,19.7,1.0,0.0,0.0,5.733333333333333
2022-06-22,17.304166666666667,13.6,21.6,0.5,0.0,0.0,16.745833333333334
2022-06-23,18.266666666666666,11.7,23.7,0.0,0.0,0.0,13.941666666666668
2022-06-24,19.970833333333335,10.9,27.0,0.0,0.0,0.0,12.6
2022-06-25,22.3,14.0,28.3,0.0,0.0,0.0,10.341666666666667
2022-06-26,24.504166666666666,15.4,30.3,0.0,0.0,0.0,6.820833333333333
2022-06-27,26.162499999999998,17.8,32.1,0.0,0.0,0.0,11.799999999999999
2022-06-28,22.170833333333334,17.4,25.4,0.0,0.0,0.0,13.320833333333333
2022-06-29,18.341666666666665,10.7,23.4,0.0,0.0,0.0,8.137500000000001
2022-06-30,19.55,10.7,25.4,0.0,0.0,0.0,13.383333333333333
2022-07-01,18.150000000000002,14.0,21.9,0.0,0.0,0.0,15.366666666666667
2022-07-02,18.974999999999998,9.5,25.4,0.0,0.0,0.0,10.658333333333333
2022-07-03,23.575,16.6,29.6,0.4,0.0,0.0,11.908333333333333
2022-07-04,24.150000000000002,15.6,30.0,0.0,0.0,0.0,8.258333333333333
2022-07-05,24.141666666666666,17.0,29.8,0.1,0.0,0.0,8.083333333333334
2022-07-06,23.866666666666664,17.1,29.6,0.5,0.0,0.0,7.429166666666667
2022-07-07,24.8625,20.3,31.3,1.9000000000000001,0.0,0.0,17.025000000000002
2022-07-08,20.433333333333334,15.0,24.3,0.0,0.0,0.0,7.754166666666666
2022-07-09,20.5625,14.3,25.6,1.0,0.0,0.0,7.333333333333333
2022-07-10,22.208333333333332,16.1,29.2,6.2,0.0,0.0,13.15
2022-07-11,25.0625,17.8,31.0,0.5,0.0,0.0,20.1125
2022-07-12,21.587500000000002,16.8,25.2,6.1,0.0,0.0,20.029166666666665
2022-07-13,19.529166666666665,12.8,24.4,0.2,0.0,0.0,10.012500000000001
2022-07-14,18.304166666666667,13.2,23.8,6.4,0.0,0.0,7.7375
2022-07-15,18.458333333333332,14.1,23.4,0.2,0.0,0.0,15.25
2022-07-16,17.454166666666666,11.7,21.6,0.1,0.0,0.0,11.845833333333333
2022-07-17,17.279166666666665,12.9,21.5,1.2000000000000002,0.0,0.0,5.208333333333333
2022-07-18,16.804166666666667,13.4,20.7,2.6,0.0,0.0,10.045833333333333
2022-07-19,16.341666666666665,11.4,20.8,0.5,0.0,0.0,17.120833333333334
2022-07-20,15.716666666666667,11.8,21.0,10.1,0.0,0.0,13.225
2022-07-21,16.991666666666667,12.8,21.4,19.1,0.0,0.0,16.120833333333334
2022-07-22,20.191666666666666,15.2,25.1,0.5,0.0,0.0,16.941666666666666
2022-07-23,21.537499999999998,14.2,27.5,0.0,0.0,0.0,8.55
2022-07-24,22.325,14.7,28.2,0.0,0.0,0.0,7.8999999999999995
2022-07-25,21.625,16.1,26.2,1.4,0.0,0.0,7.704166666666667
2022-07-26,22.866666666666664,18.1,27.9,0.6000000000000001,0.0,0.0,9.395833333333334
2022-07-27,24.2625,17.9,30.7,0.2,0.0,0.0,8.904166666666667
2022-07-28,21.504166666666666,18.0,25.4,7.7,0.0,0.0,10.054166666666667
2022-07-29,18.891666666666666,13.9,22.8,0.0,0.0,0.0,13.604166666666666
2022-07-30,17.620833333333334,11.4,23.2,0.0,0.0,0.0,10.154166666666667
2022-07-31,18.6375,12.0,23.5,0.0,0.0,0.0,5.7749999999999995
2022-08-01,19.595833333333335,12.5,25.0,0.0,0.0,0.0,8.666666666666666
2022-08-02,20.266666666666666,13.2,25.9,0.0,0.0,0.0,9.174999999999999
2022-08-03,22.141666666666666,14.1,28.7,0.0,0.0,0.0,9.283333333333333
2022-08-04,22.900000000000002,14.9,29.4,0.0,0.0,0.0,8.291666666666666
2022-08-05,24.045833333333334,17.1,30.2,0.0,0.0,0.0,8.6
2022-08-06,24.145833333333332,17.5,31.2,0.1,0.0,0.0,11.870833333333332
2022-08-07,22.9375,18.8,28.6,2.2,0.0,0.0,11.054166666666667
2022-08-08,19.075,16.4,21.4,4.8999999999999995,0.0,0.0,10.320833333333333
2022-08-09,17.808333333333334,15.1,21.9,24.299999999999997,0.0,0.0,10.708333333333334
2022-08-10,18.195833333333333,13.5,22.8,0.0,0.0,0.0,13.245833333333332
2022-08-11,18.2,11.5,24.1,0.0,0.0,0.0,7.8125
2022-08-12,19.320833333333333,12.9,25.7,0.0,0.0,0.0,5.8
2022-08-13,20.566666666666666,13.8,26.7,0.0,0.0,0.0,5.1625000000000005
2022-08-14,21.691666666666666,13.7,27.6,0.0,0.0,0.0,6.695833333333333
2022-08-15,22.420833333333334,15.7,27.7,0.0,0.0,0.0,10.112499999999999
2022-08-16,22.6875,16.2,28.8,0.0,0.0,0.0,13.616666666666667
2022-08-17,23.241666666666664,17.6,29.2,0.0,0.0,0.0,13.8375
2022-08-18,23.27916666666667,16.6,29.1,0.0,0.0,0.0,14.2875
2022-08-19,22.09166666666667,17.8,26.3,0.0,0.0,0.0,18.912499999999998
2022-08-20,19.091666666666665,15.8,21.2,0.1,0.0,0.0,20.395833333333332
2022-08-21,20.704166666666666,15.0,26.3,0.1,0.0,0.0,19.604166666666668
2022-08-22,22.883333333333336,17.2,29.3,0.0,0.0,0.0,14.7875
2022-08-23,24.037499999999998,18.0,30.8,0.0,0.0,0.0,11.816666666666668
2022-08-24,23.708333333333332,15.9,31.0,0.0,0.0,0.0,9.8125
2022-08-25,23.7375,15.2,30.9,0.0,0.0,0.0,7.408333333333334
2022-08-26,23.445833333333336,14.8,31.7,0.0,0.0,0.0,8.591666666666667
2022-08-27,23.329166666666666,14.5,30.8,0.0,0.0,0.0,9.758333333333333
2022-08-28,23.504166666666666,16.0,30.5,0.0,0.0,0.0,11.483333333333334
2022-08-29,21.9375,17.9,27.2,1.0,0.0,0.0,14.5
2022-08-30,21.429166666666664,16.5,28.7,3.2,0.0,0.0,12.137500000000001
2022-08-31,17.587500000000002,13.4,21.1,0.9,0.0,0.0,20.320833333333333
2022-09-01,11.483333333333334,8.5,14.8,0.1,0.0,0.0,20.208333333333332
2022-09-02,9.3125,6.8,12.9,1.3,0.0,0.0,21.4875
2022-09-03,10.362499999999999,5.0,15.3,0.0,0.0,0.0,13.6625
2022-09-04,10.075000000000001,5.0,15.0,0.0,0.0,0.0,11.408333333333333
2022-09-05,8.362499999999999,4.4,12.1,1.5,0.0,0.0,14.558333333333332
2022-09-06,8.558333333333334,5.7,11.0,0.6000000000000001,0.0,0.0,17.083333333333332
2022-09-07,8.95,6.1,13.6,4.5,0.0,0.0,16.287499999999998
2022-09-08,7.804166666666667,5.1,10.7,1.1,0.0,0.0,16.016666666666666
2022-09-09,7.395833333333333,2.9,12.3,0.0,0.0,0.0,10.279166666666667
2022-09-10,8.3375,1.0,15.3,0.0,0.0,0.0,5.8999999999999995
2022-09-11,9.466666666666667,2.0,15.5,0.0,0.0,0.0,10.691666666666668
2022-09-12,11.012500000000001,8.3,14.4,1.8,0.0,0.0,14.887500000000001
2022-09-13,10.950000000000001,6.9,14.4,2.0,0.0,0.0,16.554166666666667
2022-09-14,11.479166666666666,9.7,14.8,3.7,0.0,0.0,13.825000000000001
2022-09-15,11.445833333333333,8.0,14.0,2.9,0.0,0.0,8.174999999999999
2022-09-16,11.612499999999999,7.5,15.9,7.1,0.0,0.0,13.8125
2022-09-17,11.854166666666666,8.0,16.1,0.1,0.0,0.0,17.341666666666665
2022-09-18,11.558333333333332,7.2,16.6,1.4000000000000001,0.0,0.0,13.841666666666667
2022-09-19,11.4125,9.2,14.8,4.5,0.0,0.0,32.86666666666667
2022-09-20,11.433333333333332,7.4,15.2,0.4,0.0,0.0,23.2375
2022-09-21,9.395833333333334,5.0,14.9,3.4,0.0,0.0,8.658333333333333
2022-09-22,10.291666666666666,7.6,14.4,1.0,0.0,0.0,12.112499999999999
2022-09-23,10.258333333333333,6.6,14.2,0.30000000000000004,0.0,0.0,10.079166666666667
2022-09-24,8.670833333333333,7.9,9.7,26.2,0.0,0.0,14.4375
2022-09-25,7.7,6.8,8.6,6.6000000000000005,0.0,0.0,8.233333333333333
2022-09-26,7.479166666666667,4.0,10.4,1.5000000000000002,0.0,0.0,9.395833333333334
2022-09-27,6.6375,1.6,11.7,0.0,0.0,0.0,9.166666666666666
2022-09-28,8.5875,7.2,11.0,3.5000000000000004,0.0,0.0,13.395833333333334
2022-09-29,9.479166666666666,7.1,14.0,0.30000000000000004,0.0,0.0,8.383333333333333
2022-09-30,11.295833333333334,6.8,16.9,4.0,0.0,0.0,11.691666666666668
2022-10-01,12.616666666666667,10.6,15.2,10.600000000000001,0.0,0.0,8.383333333333333
2022-10-02,11.058333333333332,9.3,13.2,2.5999999999999996,0.0,0.0,17.0625
2022-10-03,12.320833333333333,8.7,15.5,12.5,0.0,0.0,28.162499999999998
2022-10-04,10.133333333333333,8.3,13.1,3.5,0.0,0.0,25.53333333333333
2022-10-05,7.591666666666666,5.9,9.3,1.7000000000000002,0.0,0.0,11.029166666666667
2022-10-06,8.883333333333333,4.8,11.6,0.5,0.0,0.0,12.079166666666666
2022-10-07,11.075000000000001,7.3,14.0,0.1,0.0,0.0,21.145833333333332
2022-10-08,10.133333333333333,6.6,14.9,0.0,0.0,0.0,16.391666666666666
2022-10-09,10.841666666666667,8.5,15.3,4.7,0.0,0.0,16.479166666666668
2022-10-10,8.266666666666667,3.5,11.5,1.6,0.0,0.0,12.674999999999999
2022-10-11,4.783333333333333,-0.2,11.0,0.0,0.0,0.0,8.7125
2022-10-12,4.541666666666667,-1.1,9.7,0.0,0.0,0.0,9.112499999999999
2022-10-13,5.8125,2.8,9.5,0.1,0.0,0.0,10.674999999999999
2022-10-14,5.375,3.0,8.0,0.0,0.0,0.0,6.945833333333333
2022-10-15,7.016666666666667,3.9,10.2,0.0,0.0,0.0,9.166666666666666
2022-10-16,6.0625,1.4,11.6,0.0,0.0,0.0,13.970833333333333
2022-10-17,6.616666666666667,4.6,8.8,1.6,0.0,0.0,21.791666666666668
2022-10-18,8.229166666666666,5.5,12.5,8.9,0.0,0.0,17.166666666666668
2022-10-19,6.8500000000000005,5.3,8.5,0.1,0.0,0.0,7.1000000000000005
2022-10-20,4.8625,2.6,7.4,0.1,0.0,0.0,11.008333333333333
2022-10-21,4.0625,2.4,5.7,1.1,0.0,0.0,9.887500000000001
2022-10-22,5.054166666666666,3.5,6.6,1.0,0.0,0.0,7.129166666666666
2022-10-23,5.070833333333334,1.7,7.7,0.30000000000000004,0.0,0.0,11.108333333333334
2022-10-24,4.583333333333333,-0.8,7.3,0.30000000000000004,0.0,0.0,14.079166666666666
2022-10-25,-0.39583333333333326,-4.1,4.7,0.0,0.0,0.0,6.4624999999999995
2022-10-26,0.9874999999999999,-1.5,5.0,0.0,0.0,0.0,14.183333333333335
2022-10-27,2.066666666666667,-1.4,5.6,0.0,0.0,0.0,7.183333333333334
2022-10-28,5.625,-0.6,9.5,1.4000000000000001,0.0,0.0,12.15
2022-10-29,8.729166666666666,7.7,10.1,4.9,0.0,0.0,15.133333333333333
2022-10-30,6.425,0.8,10.6,1.8,0.14,0.0,25.9875
2022-10-31,1.5958333333333332,-0.3,3.7,1.9,1.12,0.01,27.041666666666668
2022-11-01,0.8291666666666666,0.1,1.9,0.0,0.0,0.01,15.725
2022-11-02,0.10416666666666667,-2.8,1.4,0.9,0.6300000000000001,0.01,6.379166666666666
2022-11-03,-0.4083333333333334,-1.2,1.0,0.0,0.0,0.01,9.395833333333334
2022-11-04,-1.3625,-2.5,-0.3,0.0,0.0,0.01,9.200000000000001
2022-11-05,-0.725,-2.2,1.3,0.0,0.0,0.01,7.2
2022-11-06,-0.85,-2.0,0.2,0.0,0.0,0.01,12.375
2022-11-07,1.1041666666666667,0.2,2.2,2.4,1.4,0.03,13.9125
2022-11-08,4.020833333333333,2.2,5.4,4.3,0.0,0.03,16.758333333333333
2022-11-09,7.358333333333333,5.5,9.1,0.2,0.0,0.01,17.395833333333332
2022-11-10,7.1125,6.0,8.5,0.4,0.0,0.0,20.099999999999998
2022-11-11,7.675,6.9,8.7,1.9,0.0,0.0,17.349999999999998
2022-11-12,9.525,7.6,11.6,1.8,0.0,0.0,29.691666666666666
2022-11-13,6.891666666666667,3.9,9.9,0.9,0.0,0.0,30.941666666666666
2022-11-14,-0.07916666666666665,-3.3,3.2,0.1,0.0,0.0,18.258333333333333
2022-11-15,-2.475,-4.5,-0.5,4.1,2.8,0.02,9.0375
2022-11-16,-3.891666666666667,-6.5,-0.6,0.9,0.63,0.03,9.691666666666666
2022-11-17,-4.295833333333333,-6.0,-2.6,1.5,1.12,0.04,11.666666666666666
2022-11-18,-5.670833333333333,-6.6,-4.2,4.1,2.87,0.07,16.554166666666667
2022-11-19,-6.483333333333333,-11.2,-3.8,0.1,0.07,0.07,13.6
2022-11-20,-3.7375000000000003,-5.5,-2.5,3.1,2.17,0.08,9.504166666666666
2022-11-21,-5.166666666666667,-5.9,-4.1,0.0,0.0,0.08,9.700000000000001
2022-11-22,-2.2666666666666666,-5.9,0.6,11.9,6.79,0.13,20.1125
2022-11-23,-0.4666666666666666,-3.2,0.6,0.2,0.07,0.13,11.595833333333333
2022-11-24,-5.1625000000000005,-5.9,-3.5,0.2,0.21000000000000002,0.15,11.058333333333332
2022-11-25,-6.504166666666666,-7.6,-5.8,0.0,0.0,0.15,11.383333333333333
2022-11-26,-5.979166666666667,-7.2,-4.8,0.2,0.14,0.15,15.033333333333333
2022-11-27,-4.666666666666667,-7.1,-3.1,0.2,0.0,0.15,16.075
2022-11-28,-4.958333333333333,-5.5,-4.1,0.8,0.56,0.15,15.679166666666667
2022-11-29,-7.504166666666666,-12.8,-5.2,0.0,0.0,0.15,11.229166666666666
2022-11-30,-10.583333333333334,-13.6,-7.6,0.0,0.0,0.15,10.683333333333332
2022-12-01,-9.4375,-13.4,-7.5,0.0,0.0,0.15,9.35
2022-12-02,-8.795833333333333,-11.1,-6.8,0.0,0.0,0.15,12.35
2022-12-03,-8.0875,-10.7,-6.6,0.0,0.0,0.15,16.275000000000002
2022-12-04,-9.141666666666667,-10.8,-7.1,0.0,0.0,0.14,13.887500000000001
2022-12-05,-11.387500000000001,-12.6,-9.6,0.0,0.0,0.14,13.129166666666668
2022-12-06,-9.5375,-11.9,-7.5,0.0,0.0,0.14,15.979166666666666
2022-12-07,-9.4125,-10.4,-7.9,0.0,0.0,0.14,19.708333333333332
2022-12-08,-7.154166666666666,-9.9,-4.9,1.9,1.33,0.15,21.46666666666667
2022-12-09,-4.920833333333333,-8.1,-3.7,0.5,0.35000000000000003,0.16,10.9625
2022-12-10,-3.170833333333333,-6.2,-1.0,11.3,7.91,0.22,8.629166666666666
2022-12-11,-1.2125000000000001,-2.1,1.1,9.6,2.73,0.26,14.612499999999999
2022-12-12,2.525,1.2,3.1,16.3,0.14,0.26,24.474999999999998
2022-12-13,-0.3333333333333333,-2.2,1.3,5.9,3.43,0.2,11.945833333333333
2022-12-14,-5.295833333333333,-8.0,-1.8,8.7,6.09,0.29,13.916666666666666
2022-12-15,-6.55,-7.5,-5.7,2.3,1.61,0.3,16.945833333333333
2022-12-16,-5.341666666666666,-11.5,-2.4,1.5,1.05,0.31,15.654166666666667
2022-12-17,-5.825,-11.0,-4.6,4.9,3.43,0.34,16.491666666666667
2022-12-18,-6.379166666666666,-9.5,-4.7,15.6,10.92,0.47,27.25
2022-12-19,-6.279166666666666,-11.0,-2.1,0.5,0.35000000000000003,0.47,21.979166666666668
2022-12-20,-8.491666666666667,-14.8,-4.0,0.0,0.0,0.46,17.45
2022-12-21,-7.308333333333334,-15.4,-1.3,1.5,0.0,0.45,14.904166666666667
2022-12-22,0.7875000000000001,-0.7,1.3,5.6,0.0,0.46,19.629166666666666
2022-12-23,0.8458333333333333,0.3,1.4,1.4,0.07,0.44,19.270833333333332
2022-12-24,0.8500000000000001,-0.4,1.3,3.8,1.33,0.41,17.758333333333333
2022-12-25,-4.55,-9.2,-0.6,0.0,0.0,0.4,10.929166666666667
2022-12-26,-7.3374999999999995,-8.9,-5.3,0.0,0.0,0.39,8.254166666666666
2022-12-27,-5.654166666666666,-8.2,-1.5,4.0,2.8000000000000003,0.41,19.029166666666665
2022-12-28,-2.0625,-2.6,-1.3,3.7,2.5900000000000003,0.42,12.270833333333334
2022-12-29,-2.9124999999999996,-4.3,-1.4,1.1,0.77,0.42,12.637500000000001
2022-12-30,-0.9791666666666666,-3.3,0.9,3.0,1.8900000000000001,0.43,14.691666666666668
2022-12-31,0.3666666666666667,-1.6,1.4,7.7,4.97,0.45,13.225
2023-01-01,2.275,-0.4,5.9,5.2,0.56,0.45,22.854166666666668
2023-01-02,-1.2291666666666667,-5.5,5.0,4.1,0.28,0.4,22.641666666666666
2023-01-03,-1.7333333333333334,-5.7,3.1,8.3,4.27,0.42,15.9125
2023-01-04,-3.3625000000000003,-5.0,0.5,1.7000000000000002,1.1900000000000002,0.42,20.462500000000002
2023-01-05,-7.3374999999999995,-14.9,-2.7,1.3,0.91,0.43,14.575000000000001
2023-01-06,-23.108333333333334,-26.2,-16.5,0.0,0.0,0.42,15.266666666666666
2023-01-07,-25.712500000000002,-27.5,-24.4,0.0,0.0,0.42,12.145833333333334
2023-01-08,-19.345833333333335,-24.6,-16.4,0.0,0.0,0.42,11.245833333333332
2023-01-09,-20.091666666666665,-23.7,-18.6,0.0,0.0,0.42,15.891666666666666
2023-01-10,-16.020833333333332,-20.9,-12.3,0.7000000000000001,0.49000000000000005,0.42,25.537499999999998
2023-01-11,-12.108333333333334,-14.8,-9.1,1.2000000000000002,0.8400000000000001,0.43,25.729166666666668
2023-01-12,-8.825000000000001,-10.0,-7.8,0.0,0.0,0.43,22.6125
2023-01-13,-6.133333333333333,-8.2,-4.4,0.0,0.0,0.43,21.71666666666667
2023-01-14,-3.091666666666667,-4.2,-2.2,3.2,2.17,0.42,21.308333333333334
2023-01-15,-3.2708333333333335,-4.2,-2.6,0.5,0.35000000000000003,0.42,21.691666666666666
2023-01-16,-4.4375,-5.3,-3.3,0.4,0.35000000000000003,0.42,25.72083333333333
2023-01-17,-1.4041666666666668,-3.4,0.9,3.3000000000000003,2.31,0.43,24.8875
2023-01-18,0.22083333333333333,-0.9,1.1,1.4000000000000001,0.63,0.43,29.65416666666667
2023-01-19,1.5583333333333333,0.7,2.1,7.300000000000001,1.54,0.42,28.1375
2023-01-20,2.3333333333333335,1.3,2.8,2.2,0.14,0.4,24.854166666666668
2023-01-21,-3.3791666666666664,-6.4,0.9,0.0,0.0,0.37,15.304166666666667
2023-01-22,-4.891666666666667,-8.5,-3.2,0.0,0.0,0.36,9.220833333333333
2023-01-23,-4.733333333333333,-6.7,-3.3,0.0,0.0,0.36,8.1
2023-01-24,-3.283333333333333,-6.3,-1.6,0.0,0.0,0.36,12.125
2023-01-25,-3.8666666666666667,-9.1,-2.0,0.1,0.07,0.36,13.004166666666668
2023-01-26,-2.75,-3.4,-2.0,0.0,0.0,0.36,19.925
2023-01-27,-3.1291666666666664,-3.6,-2.5,0.9,0.6300000000000001,0.36,16.008333333333333
2023-01-28,-3.6875,-4.5,-1.8,0.2,0.14,0.36,7.145833333333333
2023-01-29,-3.841666666666667,-4.9,-2.0,0.1,0.07,0.36,11.041666666666666
2023-01-30,-2.920833333333333,-4.5,-1.6,1.7000000000000002,1.1900000000000002,0.37,23.1125
2023-01-31,-1.4625000000000001,-2.3,-0.5,0.8,0.6300000000000001,0.37,25.15833333333333
2023-02-01,-0.9583333333333334,-2.4,-0.3,0.6000000000000001,0.49000000000000005,0.37,16.9
2023-02-02,-2.6374999999999997,-4.0,-1.4,0.1,0.14,0.37,17.25
2023-02-03,-1.3041666666666667,-2.5,0.1,1.9,1.33,0.38,15.112499999999999
2023-02-04,-1.9625000000000001,-3.5,-0.5,0.30000000000000004,0.21000000000000002,0.39,8.029166666666667
2023-02-05,-3.6166666666666667,-5.9,-2.0,1.9000000000000001,1.33,0.4,11.404166666666667
2023-02-06,-6.55,-7.9,-4.2,0.0,0.07,0.4,7.829166666666667
2023-02-07,-10.108333333333333,-14.5,-6.3,0.0,0.0,0.4,5.3625
2023-02-08,-8.295833333333333,-14.3,-3.7,0.1,0.07,0.39,15.679166666666667
2023-02-09,-2.5875,-3.6,-1.2,0.30000000000000004,0.21000000000000002,0.39,10.345833333333333
2023-02-10,-3.658333333333333,-5.1,-1.6,0.2,0.14,0.39,25.337500000000002
2023-02-11,-3.7458333333333336,-6.3,-1.7,3.9,2.73,0.41,27.462500000000002
2023-02-12,-4.820833333333334,-9.9,-1.2,2.7,1.89,0.43,30.133333333333336
2023-02-13,-4.733333333333333,-12.0,0.4,3.1,2.17,0.44,18.416666666666668
2023-02-14,-0.5416666666666666,-1.7,0.6,1.2,0.84,0.45,26.3
2023-02-15,-3.6166666666666667,-4.9,-2.5,0.0,0.0,0.44,22.71666666666667
2023-02-16,-6.075,-8.3,-4.4,0.0,0.0,0.44,12.004166666666668
2023-02-17,-9.129166666666666,-11.8,-6.0,0.0,0.0,0.44,8.924999999999999
2023-02-18,-7.854166666666667,-12.0,-5.9,0.1,0.07,0.44,26.245833333333334
2023-02-19,-7.4750000000000005,-8.3,-6.8,4.0,2.8000000000000003,0.47,22.829166666666666
2023-02-20,-8.120833333333334,-11.6,-6.7,1.0,0.7000000000000001,0.48,10.804166666666667
2023-02-21,-14.0875,-15.7,-12.0,0.0,0.0,0.48,15.4625
2023-02-22,-15.754166666666668,-17.9,-13.2,0.0,0.0,0.48,21.787499999999998
2023-02-23,-12.9625,-16.0,-8.8,0.0,0.0,0.48,20.783333333333335
2023-02-24,-7.341666666666666,-12.0,-4.1,2.2,1.54,0.49,19.9625
2023-02-25,-0.5791666666666666,-3.9,1.3,1.0,0.7000000000000001,0.5,18.474999999999998
2023-02-26,-0.06249999999999998,-3.5,1.2,3.3000000000000003,1.96,0.52,31.429166666666664
2023-02-27,-4.8125,-8.7,-3.6,0.30000000000000004,0.21000000000000002,0.52,24.537499999999998
2023-02-28,-5.954166666666667,-10.2,-1.8,0.7000000000000001,0.49000000000000005,0.51,27.55
2023-03-01,-5.9125000000000005,-8.3,-3.5,0.0,0.0,0.51,23.22083333333333
2023-03-02,-4.991666666666666,-8.0,-2.5,0.30000000000000004,0.21000000000000002,0.51,21.675
2023-03-03,-1.4333333333333333,-4.7,1.1,1.3,0.8400000000000001,0.52,20.879166666666666
2023-03-04,-3.6,-7.3,-0.6,2.6,1.82,0.53,17.941666666666666
2023-03-05,-3.3625000000000003,-6.8,-0.9,2.8,1.96,0.55,19.370833333333334
2023-03-06,-4.629166666666666,-7.6,-2.5,0.7000000000000001,0.49000000000000005,0.55,15.320833333333333
2023-03-07,-5.325,-8.1,-1.4,0.5,0.28,0.55,15.608333333333334
2023-03-08,-5.9125000000000005,-10.8,0.6,2.2,1.54,0.57,21.620833333333334
2023-03-09,-3.9916666666666667,-7.9,-1.0,0.6,0.42000000000000004,0.57,22.1375
2023-03-10,-6.941666666666666,-8.9,-4.3,0.0,0.0,0.57,12.674999999999999
2023-03-11,-5.770833333333333,-9.8,-0.4,2.5,1.6800000000000002,0.57,23.40416666666667
2023-03-12,1.3833333333333335,-3.6,5.6,16.7,2.03,0.58,29.866666666666664
2023-03-13,-4.9750000000000005,-7.9,-1.5,0.0,0.0,0.57,23.104166666666668
2023-03-14,-0.19166666666666668,-8.0,3.4,2.3,0.9100000000000001,0.57,34.0625
2023-03-15,2.670833333333333,1.1,4.8,1.0,0.7,0.56,27.75
2023-03-16,1.2375,0.5,2.4,2.0,0.07,0.54,11.329166666666666
2023-03-17,-0.9375,-6.6,2.7,0.0,0.0,0.54,18.754166666666666
2023-03-18,-4.6875,-10.2,1.8,0.0,0.0,0.52,10.654166666666667
2023-03-19,-5.541666666666667,-10.8,0.7,0.0,0.0,0.52,9.079166666666667
2023-03-20,-3.4499999999999997,-9.2,3.1,0.0,0.0,0.52,9.258333333333335
2023-03-21,1.0458333333333332,-3.6,5.3,0.5,0.0,0.51,14.229166666666666
2023-03-22,1.8583333333333334,-0.5,4.0,0.0,0.0,0.49,12.0
2023-03-23,3.9166666666666665,0.2,7.6,0.0,0.0,0.46,17.837500000000002
2023-03-24,4.754166666666667,-0.3,7.4,5.1,0.0,0.41,15.520833333333334
2023-03-25,4.504166666666666,-2.4,9.5,2.1,0.0,0.36,14.879166666666668
2023-03-26,3.829166666666666,1.0,7.8,8.5,0.0,0.32,9.395833333333334
2023-03-27,4.4624999999999995,0.4,9.2,0.39999999999999997,0.0,0.3,11.362499999999999
2023-03-28,4.095833333333333,-2.4,9.8,0.0,0.0,0.26,12.362499999999999
2023-03-29,5.7124999999999995,2.8,7.9,4.0,0.0,0.22,22.916666666666668
2023-03-30,3.4499999999999997,-0.5,6.2,0.2,0.0,0.18,11.679166666666667
2023-03-31,1.05,-3.9,5.5,1.3,0.49,0.16,11.6625
2023-04-01,3.841666666666667,-0.2,9.1,2.6,1.75,0.17,9.9625
2023-04-02,6.487500000000001,3.4,9.9,0.30000000000000004,0.0,0.14,16.004166666666666
2023-04-03,7.9875,3.5,13.5,0.6,0.0,0.1,6.808333333333334
2023-04-04,8.3375,4.4,13.6,0.5,0.0,0.06,6.1125
2023-04-05,7.4375,1.5,14.2,0.0,0.0,0.04,11.762500000000001
2023-04-06,7.020833333333333,1.7,13.9,0.0,0.0,0.02,16.3875
2023-04-07,4.929166666666666,-0.6,10.6,0.0,0.0,0.01,13.695833333333333
2023-04-08,5.320833333333334,-1.8,12.2,0.0,0.0,0.0,9.491666666666667
2023-04-09,7.0125,0.1,14.0,0.0,0.0,0.0,7.575
2023-04-10,6.904166666666666,0.8,12.7,0.2,0.0,0.0,6.5249999999999995
2023-04-11,8.5875,2.6,15.3,2.6,0.0,0.0,8.220833333333333
2023-04-12,9.4375,2.2,17.0,0.0,0.0,0.0,7.8999999999999995
2023-04-13,9.8375,3.8,16.7,0.0,0.0,0.0,19.016666666666666
2023-04-14,3.9,0.6,7.6,0.0,0.0,0.0,25.058333333333334
2023-04-15,2.954166666666667,-1.9,8.1,0.0,0.0,0.0,16.154166666666665
2023-04-16,5.579166666666667,-1.0,12.3,0.0,0.0,0.0,11.375
2023-04-17,7.454166666666667,0.2,13.9,0.3,0.07,0.0,8.008333333333333
2023-04-18,9.679166666666667,4.7,14.9,0.1,0.0,0.0,7.395833333333333
2023-04-19,10.029166666666667,4.3,16.2,0.0,0.0,0.0,13.354166666666666
2023-04-20,9.525,1.9,16.4,0.0,0.0,0.0,10.862499999999999
2023-04-21,9.5375,2.1,15.7,0.0,0.0,0.0,12.491666666666667
2023-04-22,9.545833333333333,3.1,15.1,0.0,0.0,0.0,10.158333333333333
2023-04-23,11.237499999999999,2.3,18.4,0.0,0.0,0.0,9.533333333333333
2023-04-24,13.137500000000001,3.4,20.7,0.0,0.0,0.0,10.883333333333333
2023-04-25,12.404166666666667,5.5,18.1,0.5,0.0,0.0,9.366666666666667
2023-04-26,11.329166666666666,7.8,15.8,7.0,0.0,0.0,15.0625
2023-04-27,13.058333333333332,4.0,20.1,0.7,0.0,0.0,9.766666666666667
2023-04-28,10.991666666666667,7.1,15.5,3.6,0.0,0.0,13.095833333333333
2023-04-29,6.879166666666666,2.7,12.9,13.9,0.0,0.02,15.612499999999999
2023-04-30,7.070833333333333,0.4,12.3,3.3,0.0,0.01,11.154166666666667
2023-05-01,6.604166666666667,3.1,10.9,2.3000000000000003,0.0,0.0,13.637500000000001
2023-05-02,7.716666666666666,-0.6,14.3,0.0,0.0,0.0,8.9
2023-05-03,10.0625,5.7,14.4,1.4,0.0,0.0,17.516666666666666
2023-05-04,8.629166666666666,1.0,14.0,0.0,0.0,0.0,7.05
2023-05-05,5.333333333333333,1.6,8.0,0.5,0.0,0.0,14.158333333333333
2023-05-06,2.6416666666666666,-1.5,7.0,0.30000000000000004,0.21000000000000002,0.0,16.916666666666668
2023-05-07,3.1125000000000003,-2.7,8.3,0.1,0.0,0.0,11.579166666666666
2023-05-08,5.116666666666666,-2.5,10.7,0.30000000000000004,0.0,0.0,8.766666666666667
2023-05-09,7.529166666666666,-0.7,13.1,0.0,0.0,0.0,5.870833333333334
2023-05-10,10.408333333333333,2.5,15.9,0.0,0.0,0.0,7.2625
2023-05-11,12.387500000000001,6.4,17.6,1.2,0.0,0.0,8.741666666666667
2023-05-12,13.891666666666666,6.1,21.0,0.0,0.0,0.0,7.791666666666667
2023-05-13,15.595833333333333,8.2,22.4,0.0,0.0,0.0,14.545833333333334
2023-05-14,12.866666666666667,8.3,17.2,0.0,0.0,0.0,12.895833333333334
2023-05-15,12.658333333333333,3.9,18.8,0.0,0.0,0.0,7.5874999999999995
2023-05-16,14.304166666666667,7.8,20.0,0.0,0.0,0.0,11.708333333333334
2023-05-17,16.429166666666667,8.1,23.3,0.0,0.0,0.0,11.012500000000001
2023-05-18,18.1375,9.0,25.4,0.0,0.0,0.0,11.35
2023-05-19,14.066666666666668,11.3,17.2,3.6999999999999997,0.0,0.0,15.779166666666667
2023-05-20,11.200000000000001,8.4,14.5,4.9,0.0,0.0,12.991666666666667
2023-05-21,12.454166666666666,7.6,17.0,2.6,0.0,0.0,9.858333333333333
2023-05-22,13.916666666666666,6.8,21.2,3.1,0.0,0.0,8.020833333333334
2023-05-23,15.466666666666667,9.4,19.4,1.2,0.0,0.0,11.116666666666667
2023-05-24,17.2375,13.2,21.6,1.7,0.0,0.0,6.95
2023-05-25,17.070833333333333,13.0,20.8,5.2,0.0,0.0,5.345833333333334
2023-05-26,18.420833333333334,10.1,24.9,0.0,0.0,0.0,7.895833333333333
2023-05-27,16.775,12.5,21.4,0.0,0.0,0.0,15.225
2023-05-28,12.387500000000001,8.3,17.2,5.7,0.0,0.0,15.933333333333335
2023-05-29,14.450000000000001,6.9,20.7,0.0,0.0,0.0,9.891666666666667
2023-05-30,15.987499999999999,7.3,21.6,0.0,0.0,0.0,6.541666666666667
2023-05-31,11.441666666666668,8.5,14.3,9.1,0.0,0.0,15.066666666666668
2023-06-01,14.683333333333332,5.6,20.9,0.0,0.0,0.0,13.520833333333334
2023-06-02,15.924999999999999,7.5,24.0,0.30000000000000004,0.0,0.0,9.762500000000001
2023-06-03,9.358333333333333,7.1,12.4,5.9,0.0,0.0,15.458333333333334
2023-06-04,9.975,3.4,14.5,0.2,0.0,0.0,13.625
2023-06-05,12.391666666666667,6.9,18.0,1.2000000000000002,0.0,0.0,13.641666666666666
2023-06-06,14.279166666666667,6.5,19.8,0.0,0.0,0.0,11.945833333333333
2023-06-07,16.8125,8.6,22.4,0.0,0.0,0.0,14.929166666666667
2023-06-08,17.3625,10.6,22.9,0.0,0.0,0.0,6.908333333333334
2023-06-09,17.604166666666668,12.4,24.2,0.2,0.0,0.0,15.054166666666667
2023-06-10,12.766666666666666,8.4,16.8,0.0,0.0,0.0,16.212500000000002
2023-06-11,12.145833333333334,5.6,17.0,0.0,0.0,0.0,15.383333333333333
2023-06-12,14.0875,6.7,19.1,0.0,0.0,0.0,17.058333333333334
2023-06-13,15.741666666666667,8.0,21.4,0.0,0.0,0.0,13.970833333333333
2023-06-14,17.4875,7.6,23.9,0.0,0.0,0.0,10.279166666666667
2023-06-15,19.712500000000002,10.1,25.9,0.0,0.0,0.0,10.454166666666667
2023-06-16,21.3625,11.9,27.5,0.0,0.0,0.0,8.616666666666667
2023-06-17,21.3125,12.7,27.1,0.0,0.0,0.0,11.0375
2023-06-18,19.083333333333332,12.5,24.6,0.0,0.0,0.0,9.362499999999999
2023-06-19,17.179166666666667,10.1,22.2,0.0,0.0,0.0,9.783333333333333
2023-06-20,18.304166666666667,10.5,24.5,0.1,0.0,0.0,16.025000000000002
2023-06-21,16.454166666666666,9.5,21.7,0.0,0.0,0.0,8.0875
2023-06-22,18.566666666666666,8.1,25.7,0.0,0.0,0.0,8.816666666666666
2023-06-23,17.287499999999998,13.3,20.7,2.5,0.0,0.0,8.075000000000001
2023-06-24,16.533333333333335,13.5,19.6,0.7000000000000001,0.0,0.0,15.458333333333334
2023-06-25,17.870833333333334,10.8,23.0,0.0,0.0,0.0,6.704166666666667
2023-06-26,19.320833333333333,12.5,24.1,0.0,0.0,0.0,10.075000000000001
2023-06-27,18.241666666666667,13.5,24.0,0.1,0.0,0.0,12.141666666666666
2023-06-28,17.170833333333334,13.5,22.0,2.1,0.0,0.0,12.720833333333333
2023-06-29,17.037499999999998,13.9,21.1,12.9,0.0,0.0,14.033333333333333
2023-06-30,15.6,12.4,18.5,5.0,0.0,0.0,7.733333333333333
2023-07-01,19.008333333333333,13.5,24.6,1.4,0.0,0.0,16.166666666666668
2023-07-02,19.104166666666668,15.2,23.3,0.1,0.0,0.0,15.583333333333334
2023-07-03,19.287499999999998,14.6,23.4,3.0,0.0,0.0,17.720833333333335
2023-07-04,19.291666666666668,11.6,25.3,0.0,0.0,0.0,10.737499999999999
2023-07-05,20.379166666666666,13.7,25.7,0.5,0.0,0.0,11.112499999999999
2023-07-06,22.2375,14.1,28.2,0.0,0.0,0.0,7.829166666666667
2023-07-07,22.733333333333334,18.8,27.3,12.6,0.0,0.0,11.1
2023-07-08,19.933333333333334,16.8,22.7,2.6,0.0,0.0,9.829166666666667
2023-07-09,19.320833333333333,13.1,24.1,0.0,0.0,0.0,11.291666666666666
2023-07-10,16.679166666666667,14.3,20.4,0.5,0.0,0.0,22.429166666666664
2023-07-11,14.566666666666668,12.1,17.8,1.3,0.0,0.0,18.816666666666666
2023-07-12,13.679166666666667,10.5,16.5,0.2,0.0,0.0,17.104166666666668
2023-07-13,13.666666666666666,12.1,16.6,16.2,0.0,0.0,16.7
2023-07-14,15.529166666666667,12.6,18.2,1.7000000000000002,0.0,0.0,9.195833333333333
2023-07-15,15.795833333333334,13.6,19.2,4.8,0.0,0.0,11.770833333333334
2023-07-16,17.679166666666667,12.6,22.3,0.6000000000000001,0.0,0.0,12.375
2023-07-17,20.658333333333335,12.7,26.4,0.0,0.0,0.0,7.179166666666667
2023-07-18,21.0125,16.7,26.4,8.6,0.0,0.0,9.804166666666667
2023-07-19,16.429166666666667,14.2,19.3,7.4,0.0,0.0,25.099999999999998
2023-07-20,16.854166666666668,12.6,20.5,0.6,0.0,0.0,20.254166666666666
2023-07-21,16.554166666666667,11.6,20.9,0.2,0.0,0.0,13.066666666666668
2023-07-22,17.570833333333333,12.2,22.8,0.0,0.0,0.0,15.054166666666667
2023-07-23,17.108333333333334,12.5,22.0,8.399999999999999,0.0,0.0,12.3375
2023-07-24,15.75,12.1,19.2,2.4,0.0,0.0,14.370833333333335
2023-07-25,18.191666666666666,11.8,23.5,4.7,0.0,0.0,9.4
2023-07-26,20.224999999999998,16.5,24.2,4.5,0.0,0.0,15.429166666666667
2023-07-27,20.070833333333333,15.0,24.5,23.299999999999997,0.0,0.0,9.354166666666666
2023-07-28,20.704166666666666,16.8,24.4,6.6,0.0,0.0,13.966666666666667
2023-07-29,15.775,13.7,17.5,10.7,0.0,0.0,13.079166666666666
2023-07-30,17.625,11.7,22.7,0.4,0.0,0.0,12.120833333333332
2023-07-31,18.804166666666667,12.4,24.5,0.0,0.0,0.0,9.625
2023-08-01,20.104166666666668,13.4,26.1,0.0,0.0,0.0,7.0
2023-08-02,20.270833333333332,14.9,25.7,0.5,0.0,0.0,8.3125
2023-08-03,22.570833333333336,17.1,28.5,0.0,0.0,0.0,10.295833333333333
2023-08-04,23.09583333333333,18.7,27.8,0.4,0.0,0.0,12.154166666666667
2023-08-05,22.804166666666664,16.0,30.6,0.0,0.0,0.0,8.35
2023-08-06,24.441666666666666,17.8,30.7,0.0,0.0,0.0,11.804166666666667
2023-08-07,24.59166666666667,19.6,29.3,0.0,0.0,0.0,20.358333333333334
2023-08-08,22.854166666666668,19.8,26.0,1.1,0.0,0.0,13.345833333333333
2023-08-09,20.858333333333334,16.6,24.7,0.2,0.0,0.0,10.975
2023-08-10,19.804166666666667,14.4,24.7,0.0,0.0,0.0,9.083333333333334
2023-08-11,21.0625,14.8,26.0,1.4,0.0,0.0,13.2875
2023-08-12,21.441666666666666,19.5,24.2,3.0,0.0,0.0,16.970833333333335
2023-08-13,18.787499999999998,16.7,20.3,1.5,0.0,0.0,17.125
2023-08-14,19.204166666666666,15.5,23.6,3.7,0.0,0.0,15.5
2023-08-15,20.195833333333333,15.0,25.0,0.1,0.0,0.0,10.625
2023-08-16,20.070833333333333,14.4,25.7,0.0,0.0,0.0,10.058333333333334
2023-08-17,20.954166666666666,14.5,26.6,0.0,0.0,0.0,4.791666666666667
2023-08-18,21.65416666666667,15.0,27.7,0.7,0.0,0.0,7.541666666666667
2023-08-19,21.712500000000002,16.6,27.3,0.0,0.0,0.0,6.3999999999999995
2023-08-20,20.650000000000002,16.8,25.2,6.3,0.0,0.0,9.041666666666666
2023-08-21,17.070833333333333,12.7,20.9,0.0,0.0,0.0,9.958333333333334
2023-08-22,16.099999999999998,12.3,19.4,0.5,0.0,0.0,5.533333333333334
2023-08-23,15.608333333333334,11.8,19.9,1.8,0.0,0.0,11.7875
2023-08-24,14.729166666666666,12.0,17.2,0.6000000000000001,0.0,0.0,8.0375
2023-08-25,14.4375,8.4,18.6,0.0,0.0,0.0,4.645833333333333
2023-08-26,14.549999999999999,8.5,19.3,0.0,0.0,0.0,8.741666666666667
2023-08-27,15.358333333333334,10.4,21.1,0.2,0.0,0.0,6.7875000000000005
2023-08-28,15.620833333333332,9.9,20.3,0.0,0.0,0.0,5.770833333333333
2023-08-29,13.741666666666667,9.9,17.4,0.4,0.0,0.0,8.674999999999999
2023-08-30,15.9,11.3,20.2,0.0,0.0,0.0,5.716666666666666
2023-08-31,18.191666666666666,11.7,24.7,0.0,0.0,0.0,12.637500000000001
2023-09-01,20.191666666666666,14.3,26.7,0.0,0.0,0.0,11.858333333333334
2023-09-02,17.233333333333334,14.3,20.8,6.1,0.0,0.0,7.1375
2023-09-03,16.900000000000002,12.6,22.0,0.0,0.0,0.0,7.533333333333334
2023-09-04,16.154166666666665,10.5,21.7,0.30000000000000004,0.0,0.0,8.4375
2023-09-05,16.087500000000002,10.0,21.6,0.0,0.0,0.0,8.025
2023-09-06,16.091666666666665,12.0,21.2,0.5,0.0,0.0,19.1375
2023-09-07,12.304166666666667,8.2,16.4,0.0,0.0,0.0,18.379166666666666
2023-09-08,11.5875,8.4,14.8,0.30000000000000004,0.0,0.0,19.1375
2023-09-09,11.820833333333333,6.4,16.3,0.0,0.0,0.0,14.604166666666666
2023-09-10,13.283333333333333,8.3,18.1,0.0,0.0,0.0,8.579166666666667
2023-09-11,12.779166666666667,7.2,19.2,0.0,0.0,0.0,4.704166666666667
2023-09-12,12.683333333333332,6.5,19.1,0.0,0.0,0.0,7.345833333333334
2023-09-13,13.341666666666667,6.7,19.8,0.0,0.0,0.0,8.1625
2023-09-14,13.6625,6.7,19.9,0.0,0.0,0.0,10.075000000000001
2023-09-15,14.416666666666666,8.0,20.6,0.30000000000000004,0.0,0.0,8.354166666666666
2023-09-16,12.341666666666667,7.3,16.2,0.1,0.0,0.0,11.508333333333333
2023-09-17,11.191666666666668,4.1,17.5,0.0,0.0,0.0,7.491666666666667
2023-09-18,12.658333333333333,8.4,17.0,0.0,0.0,0.0,11.766666666666666
2023-09-19,13.691666666666668,7.3,20.4,0.5,0.0,0.0,12.095833333333333
2023-09-20,17.629166666666666,12.3,23.7,0.0,0.0,0.0,18.708333333333332
2023-09-21,16.879166666666666,13.6,20.2,0.0,0.0,0.0,10.270833333333334
2023-09-22,17.3,11.4,24.4,0.0,0.0,0.0,9.554166666666667
2023-09-23,17.629166666666666,12.6,23.9,0.0,0.0,0.0,15.475
2023-09-24,18.308333333333334,13.2,24.4,0.0,0.0,0.0,17.541666666666668
2023-09-25,15.458333333333334,9.8,19.0,2.2,0.0,0.0,10.941666666666668
2023-09-26,11.454166666666666,6.0,17.0,0.0,0.0,0.0,5.5375000000000005
2023-09-27,12.229166666666666,5.9,18.9,0.0,0.0,0.0,7.783333333333334
2023-09-28,14.1,6.9,21.3,0.0,0.0,0.0,12.625
2023-09-29,15.6875,10.4,22.7,0.0,0.0,0.0,8.975
2023-09-30,15.979166666666666,10.8,22.1,0.0,0.0,0.0,13.808333333333332
2023-10-01,13.720833333333333,10.3,17.3,2.6,0.0,0.0,15.637500000000001
2023-10-02,10.2875,7.2,13.8,0.2,0.0,0.0,11.058333333333332
2023-10-03,10.945833333333333,6.0,15.8,0.0,0.0,0.0,14.883333333333333
2023-10-04,13.633333333333333,11.1,17.3,1.2999999999999998,0.0,0.0,26.895833333333332
2023-10-05,10.933333333333332,8.1,14.2,0.2,0.0,0.0,18.55
2023-10-06,8.995833333333334,4.7,12.9,3.5,0.0,0.0,24.27916666666667
2023-10-07,4.7875000000000005,0.2,9.4,13.1,0.42,0.0,22.275000000000002
2023-10-08,3.8125,1.9,6.5,6.2,0.35,0.0,31.75
2023-10-09,3.125,1.8,4.8,2.6999999999999997,0.21,0.0,25.775000000000002
2023-10-10,2.475,0.6,3.7,1.1,0.28,0.0,17.925
2023-10-11,3.5041666666666664,-1.6,7.1,0.0,0.0,0.0,18.791666666666668
2023-10-12,9.333333333333334,5.2,12.3,3.5,0.0,0.0,30.795833333333334
2023-10-13,8.85,5.5,12.1,0.0,0.0,0.0,23.204166666666666
2023-10-14,9.429166666666667,5.2,13.8,4.9,0.0,0.0,22.275000000000002
2023-10-15,11.170833333333334,7.8,13.5,6.4,0.0,0.0,17.7375
2023-10-16,6.691666666666666,5.3,7.8,5.0,0.0,0.0,9.408333333333333
2023-10-17,3.5541666666666667,1.4,5.5,2.1,0.35,0.0,23.833333333333332
2023-10-18,4.1125,1.4,5.7,2.7,0.0,0.0,16.087500000000002
2023-10-19,4.679166666666666,3.9,5.9,2.4,0.0,0.0,6.558333333333334
2023-10-20,4.0249999999999995,2.9,5.9,1.0,0.0,0.0,9.512500000000001
2023-10-21,1.7166666666666668,-3.0,5.0,0.30000000000000004,0.0,0.0,13.966666666666667
2023-10-22,1.175,-3.2,3.6,0.6,0.28,0.0,11.366666666666667
2023-10-23,3.9333333333333336,1.6,6.0,10.7,0.07,0.0,10.258333333333335
2023-10-24,1.0166666666666666,-1.0,2.4,2.2,0.77,0.0,14.645833333333334
2023-10-25,-1.55,-3.8,0.8,0.0,0.0,0.01,5.445833333333333
2023-10-26,-1.8625,-4.3,0.8,0.6000000000000001,0.42000000000000004,0.01,18.104166666666668
2023-10-27,-1.6166666666666665,-2.8,-0.3,9.5,6.65,0.07,19.241666666666667
2023-10-28,-0.7583333333333333,-1.7,0.3,7.4,4.34,0.08,15.379166666666668
2023-10-29,-0.375,-0.9,0.7,1.9,1.33,0.1,14.945833333333333
2023-10-30,0.6041666666666666,-5.2,5.4,9.9,3.08,0.13,13.275
2023-10-31,6.95,4.6,10.3,0.0,0.0,0.07,12.3375
2023-11-01,11.262500000000001,8.2,14.6,0.0,0.0,0.02,17.841666666666665
2023-11-02,7.283333333333334,1.3,11.3,9.3,0.0,0.0,17.054166666666667
2023-11-03,0.9500000000000001,-1.3,5.5,0.0,0.0,0.0,7.5375000000000005
2023-11-04,2.1875,-1.8,6.6,2.1,0.0,0.0,18.491666666666667
2023-11-05,9.220833333333333,6.9,11.7,9.7,0.0,0.0,27.858333333333334
2023-11-06,9.208333333333334,7.3,10.5,6.5,0.0,0.0,19.754166666666666
2023-11-07,7.908333333333334,5.7,9.3,0.6000000000000001,0.0,0.0,18.520833333333332
2023-11-08,5.95,2.9,7.8,0.8,0.0,0.0,14.333333333333334
2023-11-09,3.6,0.4,7.3,0.1,0.0,0.0,8.762500000000001
2023-11-10,4.495833333333333,3.0,6.3,0.0,0.0,0.0,11.791666666666666
2023-11-11,3.7375000000000003,2.2,6.4,0.0,0.0,0.0,15.0875
2023-11-12,3.9875000000000003,1.4,7.5,7.4,0.0,0.0,22.90416666666667
2023-11-13,4.066666666666666,1.9,7.3,6.3,0.07,0.0,22.641666666666666
2023-11-14,3.045833333333333,2.3,4.0,5.3,0.0,0.0,20.779166666666665
2023-11-15,1.6333333333333335,-0.2,3.3,0.0,0.0,0.0,6.5
2023-11-16,0.15833333333333333,-1.4,1.2,0.2,0.14,0.01,8.345833333333333
2023-11-17,-4.066666666666666,-7.2,-1.7,0.0,0.0,0.01,10.429166666666667
2023-11-18,-7.170833333333333,-8.5,-4.2,0.0,0.0,0.01,4.733333333333333
2023-11-19,-6.7,-8.9,-5.2,0.0,0.0,0.01,5.179166666666666
2023-11-20,-6.9125000000000005,-8.8,-5.0,0.0,0.0,0.02,11.700000000000001
2023-11-21,-8.116666666666667,-9.4,-6.4,0.5,0.42000000000000004,0.02,17.754166666666666
2023-11-22,-7.629166666666666,-8.8,-6.7,0.4,0.28,0.03,18.029166666666665
2023-11-23,-7.629166666666666,-8.0,-6.6,2.3,1.6099999999999999,0.04,19.033333333333335
2023-11-24,-6.6000000000000005,-7.6,-5.6,2.9,2.0300000000000002,0.08,12.591666666666667
2023-11-25,-6.6625000000000005,-7.5,-5.6,1.1,0.77,0.1,8.429166666666665
2023-11-26,-5.841666666666666,-7.7,-4.8,0.9,0.63,0.11,12.016666666666666
2023-11-27,-0.9833333333333334,-5.4,2.2,17.1,10.71,0.22,27.474999999999998
2023-11-28,-5.345833333333334,-7.6,-2.3,0.9,0.6300000000000001,0.21,20.804166666666667
2023-11-29,-9.016666666666667,-17.5,-1.8,1.0,0.7,0.21,19.104166666666668
2023-11-30,-2.858333333333333,-5.6,0.2,3.4,2.38,0.24,24.808333333333334
2023-12-01,-5.375,-7.2,-3.7,1.6,1.12,0.27,14.008333333333333
2023-12-02,-6.504166666666666,-8.3,-4.9,0.30000000000000004,0.21000000000000002,0.27,8.299999999999999
2023-12-03,-6.045833333333333,-6.6,-5.3,8.9,6.23,0.33,16.224999999999998
2023-12-04,-7.508333333333333,-9.1,-6.4,0.8,0.56,0.34,19.474999999999998
2023-12-05,-12.433333333333332,-16.3,-10.4,0.4,0.28,0.34,9.4625
2023-12-06,-14.795833333333334,-17.4,-11.5,0.0,0.0,0.34,3.475
2023-12-07,-12.700000000000001,-15.1,-11.0,0.0,0.0,0.34,10.729166666666666
2023-12-08,-14.354166666666666,-15.4,-13.3,0.0,0.0,0.34,17.787499999999998
2023-12-09,-14.741666666666667,-15.7,-13.3,1.7000000000000002,1.1900000000000002,0.37,21.741666666666664
2023-12-10,-11.745833333333332,-14.3,-9.9,2.5,1.7500000000000002,0.39,22.191666666666666
2023-12-11,-8.070833333333335,-9.7,-6.7,2.9,1.8900000000000001,0.41,22.900000000000002
2023-12-12,-6.941666666666666,-8.0,-5.1,3.8,2.73,0.42,26.71666666666667
2023-12-13,-11.120833333333332,-12.5,-7.9,2.9,2.0300000000000002,0.43,26.4875
2023-12-14,-11.008333333333333,-11.8,-9.5,5.800000000000001,4.0600000000000005,0.45,23.016666666666666
2023-12-15,-8.7875,-12.1,-6.7,10.2,7.07,0.54,18.891666666666666
2023-12-16,-7.466666666666666,-12.0,-3.8,0.4,0.28,0.54,17.912499999999998
2023-12-17,-2.3041666666666667,-7.6,2.5,2.6,1.6800000000000002,0.53,26.270833333333332
2023-12-18,-1.7541666666666667,-5.8,1.7,0.0,0.0,0.53,19.900000000000002
2023-12-19,1.8041666666666665,1.1,3.1,2.0,0.49,0.51,25.425
2023-12-20,1.8250000000000002,-0.6,3.3,1.1,0.0,0.45,20.875
2023-12-21,0.31666666666666665,-0.3,1.0,6.300000000000001,4.2700000000000005,0.42,16.404166666666665
2023-12-22,-1.0374999999999999,-2.5,1.1,0.0,0.0,0.42,24.087500000000002
2023-12-23,0.6041666666666666,-0.9,1.4,1.4000000000000001,0.56,0.41,17.070833333333333
2023-12-24,-3.85,-8.7,-1.4,2.2,1.54,0.41,13.154166666666667
2023-12-25,-4.704166666666667,-9.4,-2.9,1.0,0.7000000000000001,0.41,13.208333333333334
2023-12-26,-1.9791666666666667,-3.6,0.7,1.4000000000000001,0.9800000000000001,0.42,16.504166666666666
2023-12-27,-4.266666666666667,-8.0,-2.2,0.1,0.07,0.42,9.612499999999999
2023-12-28,-4.291666666666667,-6.7,-2.9,0.0,0.0,0.42,14.945833333333333
2023-12-29,-2.2958333333333334,-7.0,1.7,2.7,1.61,0.43,14.366666666666667
2023-12-30,1.2958333333333334,0.2,1.9,8.9,2.66,0.45,18.583333333333332
2023-12-31,-2.891666666666667,-12.8,1.2,1.1,0.7000000000000001,0.45,16.583333333333332
2024-01-01,-15.970833333333333,-19.0,-12.9,0.0,0.0,0.45,13.229166666666666
2024-01-02,-21.891666666666666,-24.5,-19.0,0.0,0.0,0.44,14.245833333333335
2024-01-03,-26.662499999999998,-28.6,-24.8,0.0,0.0,0.44,9.950000000000001
2024-01-04,-27.5125,-29.8,-24.8,0.0,0.0,0.44,7.6499999999999995
2024-01-05,-24.354166666666668,-27.8,-20.3,0.0,0.0,0.44,7.254166666666666
2024-01-06,-18.4375,-23.4,-16.0,2.2,1.54,0.5,7.833333333333333
2024-01-07,-24.820833333333336,-28.3,-22.6,0.0,0.0,0.5,10.229166666666666
2024-01-08,-20.5125,-28.7,-11.3,0.7,0.49,0.5,13.1875
2024-01-09,-8.283333333333333,-10.7,-4.5,3.1,2.17,0.53,18.241666666666667
2024-01-10,-8.450000000000001,-12.1,-1.1,2.7,1.8900000000000001,0.54,17.875
2024-01-11,-6.245833333333334,-12.5,0.3,6.5,4.55,0.57,31.03333333333333
2024-01-12,-15.549999999999999,-23.2,-11.6,0.5,0.35000000000000003,0.57,24.304166666666664
2024-01-13,-27.304166666666664,-31.0,-23.0,0.0,0.0,0.57,12.35
2024-01-14,-18.466666666666665,-28.0,-7.7,0.4,0.28,0.57,17.979166666666668
2024-01-15,-3.7624999999999997,-7.2,-1.7,1.8,1.2600000000000002,0.58,25.7625
2024-01-16,-3.125,-4.9,-1.9,2.3,1.61,0.58,20.4375
2024-01-17,-11.391666666666666,-15.5,-4.9,0.4,0.28,0.58,22.787499999999998
2024-01-18,-13.333333333333334,-21.0,-4.7,9.2,6.44,0.63,26.95
2024-01-19,-6.991666666666667,-12.7,0.3,2.3,1.6099999999999999,0.65,13.116666666666667
2024-01-20,-10.083333333333334,-14.5,-5.0,0.0,0.0,0.64,12.383333333333333
2024-01-21,-13.637500000000001,-17.3,-11.7,0.0,0.0,0.63,12.595833333333333
2024-01-22,-10.395833333333334,-13.0,-8.5,0.0,0.0,0.63,21.833333333333332
2024-01-23,-5.125,-9.1,-3.1,2.1,1.47,0.62,31.704166666666666
2024-01-24,-1.4041666666666668,-3.5,0.3,0.4,0.21000000000000002,0.62,23.383333333333336
2024-01-25,-1.0999999999999999,-2.6,-0.3,4.0,2.87,0.62,21.974999999999998
2024-01-26,-4.245833333333334,-6.0,-2.6,2.8000000000000003,1.8900000000000001,0.63,8.741666666666667
2024-01-27,-6.5625,-8.7,-5.0,1.0,0.77,0.63,8.204166666666667
2024-01-28,-7.5125,-15.4,-3.7,0.1,0.07,0.62,7.420833333333333
2024-01-29,-6.1875,-14.9,-2.2,0.0,0.0,0.61,18.416666666666668
2024-01-30,-1.0208333333333333,-5.2,1.0,0.0,0.0,0.6,18.4875
2024-01-31,-4.741666666666666,-9.6,-1.2,0.0,0.0,0.59,10.795833333333334
2024-02-01,-0.13333333333333333,-2.9,1.4,1.9999999999999998,1.33,0.58,16.783333333333335
2024-02-02,-2.245833333333333,-4.9,-0.8,2.3000000000000003,1.61,0.58,23.741666666666664
2024-02-03,-5.7250000000000005,-10.2,-2.2,0.4,0.28,0.58,18.5125
2024-02-04,-0.7291666666666666,-2.9,1.0,4.8,3.15,0.6,23.59583333333333
2024-02-05,-5.333333333333333,-8.4,-2.0,0.0,0.0,0.6,13.554166666666667
2024-02-06,-6.404166666666666,-11.8,-3.4,0.2,0.14,0.59,15.5875
2024-02-07,-10.075000000000001,-16.1,-6.2,7.0,4.8999999999999995,0.63,15.695833333333333
2024-02-08,-14.8125,-18.0,-8.9,0.8,0.56,0.63,23.34166666666667
2024-02-09,-15.166666666666666,-19.7,-10.5,0.0,0.0,0.63,19.841666666666665
2024-02-10,-20.970833333333335,-23.9,-17.1,0.0,0.0,0.63,7.420833333333333
2024-02-11,-12.820833333333333,-18.9,-6.9,0.0,0.0,0.62,16.816666666666666
2024-02-12,-3.75,-6.6,-1.7,4.1,0.98,0.65,14.420833333333334
2024-02-13,-6.933333333333334,-12.2,-3.0,0.0,0.0,0.65,17.983333333333334
2024-02-14,-12.216666666666667,-15.6,-9.5,0.0,0.0,0.64,22.65416666666667
2024-02-15,-11.779166666666667,-13.1,-10.3,11.3,7.91,0.73,22.616666666666664
2024-02-16,-9.316666666666666,-10.5,-8.3,2.2,1.54,0.75,14.591666666666667
2024-02-17,-5.75,-9.2,-1.5,0.0,0.0,0.75,22.400000000000002
2024-02-18,-1.6833333333333333,-5.0,0.5,5.5,3.85,0.77,24.208333333333332
2024-02-19,-7.283333333333334,-9.5,-5.5,0.0,0.0,0.76,11.804166666666667
2024-02-20,-8.841666666666667,-10.6,-7.1,0.0,0.0,0.75,13.75
2024-02-21,-8.075000000000001,-11.8,-4.3,0.0,0.0,0.74,19.429166666666667
2024-02-22,-4.029166666666667,-5.4,-2.2,0.0,0.0,0.73,20.720833333333335
2024-02-23,-0.8708333333333332,-2.9,1.3,1.4000000000000001,0.9800000000000001,0.73,25.045833333333334
2024-02-24,-0.075,-1.6,1.3,1.1,0.7000000000000001,0.72,29.349999999999998
2024-02-25,-0.45,-1.6,0.9,1.5,1.05,0.71,28.854166666666668
2024-02-26,-3.408333333333333,-6.4,-1.2,0.0,0.0,0.71,24.320833333333336
2024-02-27,-3.954166666666667,-7.2,0.9,0.0,0.0,0.7,18.650000000000002
2024-02-28,-3.6791666666666667,-7.7,1.9,0.0,0.0,0.69,18.837500000000002
2024-02-29,-1.3583333333333334,-4.5,1.8,0.1,0.07,0.68,16.708333333333332
2024-03-01,-0.3458333333333334,-2.3,1.2,0.0,0.0,0.68,5.866666666666667
2024-03-02,-3.1625,-7.3,0.2,0.0,0.0,0.66,8.316666666666666
2024-03-03,-4.908333333333333,-11.0,1.5,0.0,0.0,0.65,12.237499999999999
2024-03-04,-6.0,-12.4,0.5,0.0,0.0,0.64,8.454166666666667
2024-03-05,-5.0625,-11.2,0.1,0.0,0.0,0.63,15.799999999999999
2024-03-06,-8.5375,-14.4,-2.4,0.0,0.0,0.63,9.175
2024-03-07,-8.4125,-16.8,1.5,0.0,0.0,0.62,11.891666666666666
2024-03-08,-4.679166666666666,-9.5,-0.4,0.30000000000000004,0.21000000000000002,0.62,18.825
2024-03-09,-6.970833333333334,-12.7,-3.0,0.0,0.0,0.62,16.566666666666666
2024-03-10,-9.783333333333333,-14.9,-3.8,0.0,0.0,0.61,9.775
2024-03-11,-5.7,-14.8,1.5,0.1,0.07,0.61,18.929166666666667
2024-03-12,-2.1958333333333333,-8.9,2.1,0.0,0.0,0.61,12.941666666666668
2024-03-13,-5.1,-11.7,1.7,0.0,0.0,0.6,13.079166666666666
2024-03-14,-3.795833333333334,-10.0,2.9,0.0,0.0,0.6,14.554166666666667
2024-03-15,-1.0458333333333334,-6.1,3.4,0.0,0.0,0.59,17.375
2024-03-16,0.5958333333333333,-3.5,4.4,0.0,0.0,0.58,15.108333333333334
2024-03-17,-0.7291666666666666,-5.8,3.7,0.0,0.0,0.55,12.904166666666667
2024-03-18,0.8833333333333333,-2.3,3.5,0.0,0.0,0.52,8.429166666666667
2024-03-19,-0.07916666666666666,-2.0,2.6,0.0,0.0,0.5,11.929166666666667
2024-03-20,-2.5416666666666665,-7.8,2.9,0.0,0.0,0.47,5.191666666666666
2024-03-21,-2.7708333333333335,-7.9,3.3,0.0,0.0,0.45,7.5375000000000005
2024-03-22,-2.658333333333333,-9.6,4.5,0.0,0.0,0.43,13.674999999999999
2024-03-23,2.591666666666667,1.5,3.8,4.2,0.0,0.41,24.3875
2024-03-24,1.8541666666666667,-1.6,4.6,2.5,0.0,0.38,16.679166666666667
2024-03-25,1.2874999999999999,-3.8,4.4,0.0,0.0,0.35,11.645833333333334
2024-03-26,-0.19583333333333333,-5.9,3.8,0.0,0.0,0.31,7.970833333333334
2024-03-27,0.6083333333333333,-4.7,6.5,0.0,0.0,0.29,7.279166666666666
2024-03-28,-0.29583333333333334,-6.7,5.1,0.0,0.0,0.26,10.383333333333333
2024-03-29,3.108333333333333,0.1,5.7,0.2,0.0,0.24,15.25
2024-03-30,5.629166666666666,2.0,11.3,1.5,0.0,0.21,14.183333333333332
2024-03-31,7.425,0.4,15.4,0.0,0.0,0.17,8.683333333333334
2024-04-01,12.729166666666666,6.6,19.5,0.0,0.0,0.13,17.675
2024-04-02,14.304166666666667,7.4,21.8,0.0,0.0,0.07,12.970833333333333
2024-04-03,11.254166666666668,4.7,16.4,1.0,0.0,0.03,28.454166666666666
2024-04-04,3.6750000000000003,-0.8,5.6,0.5,0.0,0.01,17.966666666666665
2024-04-05,-0.5833333333333334,-4.8,3.7,0.0,0.0,0.01,10.950000000000001
2024-04-06,2.3291666666666666,-2.7,8.0,0.6,0.35,0.01,12.145833333333334
2024-04-07,6.908333333333332,-0.4,14.7,0.1,0.0,0.01,10.049999999999999
2024-04-08,11.170833333333334,5.1,17.6,2.0,0.0,0.0,15.841666666666667
2024-04-09,13.174999999999999,7.3,18.7,0.5,0.0,0.0,9.0375
2024-04-10,13.958333333333334,7.1,19.9,0.0,0.0,0.0,8.970833333333333
2024-04-11,13.829166666666666,8.6,17.4,0.0,0.0,0.0,16.529166666666665
2024-04-12,10.745833333333332,6.7,14.8,1.4,0.0,0.0,23.2625
2024-04-13,8.7875,3.0,13.3,0.1,0.0,0.0,10.345833333333333
2024-04-14,9.225,3.1,13.7,2.6,0.0,0.0,13.133333333333333
2024-04-15,7.375,4.1,10.0,2.7,0.0,0.0,24.454166666666666
2024-04-16,8.112499999999999,3.6,12.8,0.2,0.0,0.0,17.654166666666665
2024-04-17,9.145833333333334,6.4,12.4,5.9,0.0,0.0,9.779166666666667
2024-04-18,6.454166666666667,2.5,10.0,4.0,0.0,0.0,14.433333333333332
2024-04-19,8.058333333333334,2.6,15.6,3.6,0.0,0.0,28.575
2024-04-20,5.320833333333334,0.3,11.3,1.2,0.07,0.0,16.625
2024-04-21,10.141666666666667,2.1,16.2,0.0,0.0,0.0,22.116666666666664
2024-04-22,12.737499999999999,6.7,16.8,0.0,0.0,0.0,24.275000000000002
2024-04-23,8.520833333333334,4.0,13.4,0.0,0.0,0.0,14.054166666666667
2024-04-24,7.383333333333333,-0.1,13.4,0.0,0.0,0.0,8.770833333333334
2024-04-25,13.229166666666666,8.4,20.0,1.4,0.0,0.0,18.825
2024-04-26,15.225,8.6,21.3,2.9,0.0,0.0,11.645833333333334
2024-04-27,11.529166666666667,5.9,14.2,16.9,0.0,0.0,12.470833333333333
2024-04-28,10.1875,3.4,15.6,0.0,0.0,0.0,6.875
2024-04-29,11.941666666666668,3.7,18.4,0.0,0.0,0.0,8.075000000000001
2024-04-30,14.700000000000001,7.5,21.1,0.0,0.0,0.0,16.375
2024-05-01,14.120833333333332,8.7,18.5,0.1,0.0,0.0,13.841666666666667
2024-05-02,8.379166666666666,5.0,11.4,0.0,0.0,0.0,13.995833333333332
2024-05-03,5.520833333333333,3.0,9.1,0.0,0.0,0.0,13.741666666666667
2024-05-04,7.0874999999999995,-1.4,13.6,0.1,0.0,0.0,11.729166666666666
2024-05-05,8.75,2.7,11.6,4.4,0.0,0.0,21.983333333333334
2024-05-06,5.591666666666666,1.3,9.0,0.0,0.0,0.0,11.116666666666667
2024-05-07,2.6999999999999997,1.6,4.7,8.4,2.52,0.0,19.60833333333333
2024-05-08,2.4625,-0.8,5.8,2.0,1.19,0.0,21.287499999999998
2024-05-09,1.6875,-1.8,5.7,1.8,1.1900000000000002,0.01,23.645833333333332
2024-05-10,6.4875,0.6,12.2,0.5,0.0,0.01,19.545833333333334
2024-05-11,7.370833333333334,4.0,10.7,3.1,0.0,0.0,18.479166666666668
2024-05-12,3.8083333333333336,1.1,6.1,0.2,0.0,0.0,13.058333333333332
2024-05-13,4.854166666666667,-1.1,9.7,0.0,0.0,0.0,7.733333333333333
2024-05-14,6.466666666666666,0.1,11.8,0.1,0.0,0.0,6.7
2024-05-15,9.670833333333333,1.6,16.1,0.1,0.0,0.0,5.545833333333333
2024-05-16,13.079166666666666,4.9,20.0,0.1,0.0,0.0,11.174999999999999
2024-05-17,15.095833333333333,9.3,20.4,3.3,0.0,0.0,12.308333333333332
2024-05-18,13.729166666666666,6.5,19.8,0.0,0.0,0.0,10.920833333333334
2024-05-19,13.3125,5.7,19.1,0.0,0.0,0.0,10.129166666666666
2024-05-20,16.779166666666665,9.0,23.9,0.0,0.0,0.0,13.070833333333333
2024-05-21,17.087500000000002,11.1,23.5,7.4,0.0,0.0,9.7375
2024-05-22,16.383333333333333,10.1,21.8,0.0,0.0,0.0,13.308333333333332
2024-05-23,14.279166666666667,7.7,19.3,0.0,0.0,0.0,11.929166666666667
2024-05-24,14.654166666666667,6.6,20.9,0.0,0.0,0.0,6.9750000000000005
2024-05-25,16.491666666666667,8.0,23.3,0.0,0.0,0.0,10.729166666666666
2024-05-26,17.375,9.8,23.7,1.8,0.0,0.0,10.9
2024-05-27,17.087500000000002,10.2,22.5,0.0,0.0,0.0,9.091666666666667
2024-05-28,19.058333333333334,9.4,25.3,0.0,0.0,0.0,6.541666666666667
2024-05-29,21.233333333333334,12.6,27.6,0.0,0.0,0.0,5.9875
2024-05-30,22.241666666666664,14.4,28.2,0.0,0.0,0.0,9.041666666666666
2024-05-31,22.354166666666668,14.1,28.8,0.0,0.0,0.0,8.045833333333333
2024-06-01,23.22083333333333,14.8,29.7,0.0,0.0,0.0,10.020833333333334
2024-06-02,21.90833333333333,14.7,27.5,1.6,0.0,0.0,9.104166666666666
2024-06-03,20.6875,16.4,24.6,2.5,0.0,0.0,14.200000000000001
2024-06-04,19.591666666666665,14.2,25.0,1.6,0.0,0.0,16.45
2024-06-05,21.425,15.0,26.3,0.0,0.0,0.0,9.783333333333333
2024-06-06,20.183333333333334,15.8,25.3,2.3,0.0,0.0,5.670833333333333
2024-06-07,19.970833333333335,15.5,23.5,0.4,0.0,0.0,17.462500000000002
2024-06-08,19.254166666666666,14.8,23.2,0.0,0.0,0.0,11.729166666666666
2024-06-09,17.795833333333334,11.9,22.1,1.0,0.0,0.0,9.7125
2024-06-10,18.2375,11.6,23.9,0.4,0.0,0.0,14.2125
2024-06-11,20.9375,16.3,25.5,33.0,0.0,0.0,18.6375
2024-06-12,21.53333333333333,16.7,25.9,11.9,0.0,0.0,10.041666666666666
2024-06-13,19.979166666666668,17.1,23.4,3.8,0.0,0.0,10.058333333333334
2024-06-14,18.608333333333334,14.5,22.3,1.6,0.0,0.0,15.945833333333333
2024-06-15,19.329166666666666,13.5,24.5,0.0,0.0,0.0,5.395833333333333
2024-06-16,20.5125,14.1,25.5,1.5,0.0,0.0,13.887500000000001
2024-06-17,20.495833333333334,18.1,24.9,13.8,0.0,0.0,16.900000000000002
2024-06-18,20.191666666666666,18.0,23.5,3.1,0.0,0.0,14.995833333333332
2024-06-19,20.7625,15.3,24.9,0.2,0.0,0.0,15.674999999999999
2024-06-20,18.695833333333333,14.1,23.5,16.8,0.0,0.0,21.71666666666667
2024-06-21,16.895833333333332,12.3,20.9,0.0,0.0,0.0,18.529166666666665
2024-06-22,17.070833333333333,11.9,21.3,0.0,0.0,0.0,13.029166666666667
2024-06-23,17.154166666666665,10.7,22.1,0.0,0.0,0.0,7.458333333333333
2024-06-24,16.670833333333334,10.4,20.6,0.4,0.0,0.0,9.9375
2024-06-25,17.554166666666667,10.3,22.6,0.1,0.0,0.0,15.112499999999999
2024-06-26,18.420833333333334,14.6,22.1,0.30000000000000004,0.0,0.0,16.783333333333335
2024-06-27,19.683333333333334,12.2,25.0,0.0,0.0,0.0,12.954166666666666
2024-06-28,20.704166666666666,12.7,27.1,0.0,0.0,0.0,4.945833333333334
2024-06-29,23.849999999999998,16.4,29.9,0.1,0.0,0.0,7.2625
2024-06-30,24.258333333333336,18.3,29.9,0.5,0.0,0.0,9.666666666666666
2024-07-01,25.429166666666664,18.5,30.5,0.0,0.0,0.0,8.450000000000001
2024-07-02,26.59166666666667,20.5,31.3,0.0,0.0,0.0,13.174999999999999
2024-07-03,26.429166666666664,21.3,32.9,0.0,0.0,0.0,16.879166666666666
2024-07-04,25.90833333333333,18.4,32.8,0.0,0.0,0.0,11.3125
2024-07-05,23.116666666666664,18.4,28.6,16.8,0.0,0.0,12.875
2024-07-06,19.408333333333335,15.7,23.0,0.7000000000000001,0.0,0.0,16.845833333333335
2024-07-07,20.587500000000002,12.4,26.5,0.0,0.0,0.0,7.708333333333333
2024-07-08,22.099999999999998,13.5,28.0,0.0,0.0,0.0,8.512500000000001
2024-07-09,23.691666666666666,15.8,29.8,0.0,0.0,0.0,9.291666666666666
2024-07-10,22.150000000000002,17.3,26.8,0.1,0.0,0.0,12.958333333333334
2024-07-11,21.662499999999998,13.1,27.1,0.0,0.0,0.0,6.483333333333333
2024-07-12,22.849999999999998,15.3,29.0,0.0,0.0,0.0,8.629166666666666
2024-07-13,23.566666666666666,17.5,29.2,0.1,0.0,0.0,8.579166666666667
2024-07-14,24.90416666666667,19.9,30.0,0.30000000000000004,0.0,0.0,5.6375
2024-07-15,24.683333333333334,19.5,29.0,1.2,0.0,0.0,6.745833333333334
2024-07-16,24.579166666666666,19.3,29.4,1.3,0.0,0.0,8.858333333333333
2024-07-17,24.72083333333333,18.4,29.6,0.0,0.0,0.0,6.558333333333334
2024-07-18,24.349999999999998,20.6,27.1,0.9,0.0,0.0,4.991666666666666
2024-07-19,21.241666666666667,18.9,24.5,5.5,0.0,0.0,10.241666666666667
2024-07-20,20.087500000000002,15.9,23.9,1.2000000000000002,0.0,0.0,11.0
2024-07-21,19.912499999999998,15.3,24.3,1.4,0.0,0.0,9.516666666666667
2024-07-22,18.75,15.2,22.2,7.9,0.0,0.0,9.208333333333334
2024-07-23,18.9875,14.3,23.1,0.1,0.0,0.0,12.270833333333334
2024-07-24,19.8,11.5,26.2,0.0,0.0,0.0,8.295833333333333
2024-07-25,20.183333333333334,14.4,25.2,5.7,0.0,0.0,8.154166666666667
2024-07-26,19.329166666666666,12.0,24.4,0.0,0.0,0.0,7.7124999999999995
2024-07-27,21.0,12.6,26.8,0.0,0.0,0.0,7.966666666666666
2024-07-28,20.754166666666666,16.3,24.7,7.300000000000001,0.0,0.0,12.254166666666668
2024-07-29,18.095833333333335,15.2,22.0,11.1,0.0,0.0,12.470833333333333
2024-07-30,17.333333333333332,11.9,21.7,0.7,0.0,0.0,10.483333333333333
2024-07-31,16.733333333333334,13.5,19.6,1.4,0.0,0.0,15.475
2024-08-01,16.55,13.4,20.4,5.4,0.0,0.0,15.029166666666667
2024-08-02,17.125,12.7,21.6,1.0,0.0,0.0,13.4375
2024-08-03,18.216666666666665,13.1,22.6,0.6000000000000001,0.0,0.0,9.341666666666667
2024-08-04,17.841666666666665,12.8,23.7,1.7,0.0,0.0,8.241666666666667
2024-08-05,18.474999999999998,13.2,23.5,2.0999999999999996,0.0,0.0,8.758333333333333
2024-08-06,18.741666666666667,13.5,23.7,1.4000000000000001,0.0,0.0,7.458333333333333
2024-08-07,18.945833333333333,13.0,23.3,0.2,0.0,0.0,5.908333333333334
2024-08-08,18.462500000000002,14.7,23.2,2.3,0.0,0.0,8.108333333333333
2024-08-09,17.8125,13.8,22.6,0.8,0.0,0.0,9.625
2024-08-10,18.529166666666665,12.6,24.1,0.30000000000000004,0.0,0.0,8.258333333333333
2024-08-11,17.075,13.7,19.7,7.7,0.0,0.0,13.620833333333332
2024-08-12,15.275,11.4,19.2,0.1,0.0,0.0,18.720833333333335
2024-08-13,15.520833333333334,11.3,19.5,0.8,0.0,0.0,16.141666666666666
2024-08-14,17.070833333333333,12.8,21.7,0.1,0.0,0.0,17.316666666666666
2024-08-15,15.533333333333333,9.8,21.1,0.0,0.0,0.0,12.237499999999999
2024-08-16,16.879166666666666,9.7,23.4,0.0,0.0,0.0,13.295833333333334
2024-08-17,19.425,13.0,24.8,1.7999999999999998,0.0,0.0,12.483333333333334
2024-08-18,21.150000000000002,17.2,26.4,0.4,0.0,0.0,12.066666666666668
2024-08-19,21.458333333333332,13.9,27.4,0.0,0.0,0.0,6.4875
2024-08-20,20.745833333333334,16.6,24.1,4.9,0.0,0.0,10.316666666666666
2024-08-21,17.712500000000002,12.0,23.1,0.0,0.0,0.0,9.679166666666667
2024-08-22,18.941666666666666,13.3,24.7,0.0,0.0,0.0,15.799999999999999
2024-08-23,18.545833333333334,15.2,23.8,16.5,0.0,0.0,12.75
2024-08-24,17.295833333333334,11.7,22.6,0.0,0.0,0.0,9.483333333333333
2024-08-25,20.045833333333334,12.9,26.7,0.0,0.0,0.0,6.183333333333334
2024-08-26,21.358333333333334,14.6,27.6,0.0,0.0,0.0,5.729166666666667
2024-08-27,22.55,15.8,28.0,0.0,0.0,0.0,5.595833333333334
2024-08-28,20.925,16.8,25.3,0.0,0.0,0.0,10.883333333333333
2024-08-29,19.304166666666667,14.0,25.1,0.0,0.0,0.0,8.316666666666666
2024-08-30,18.408333333333335,12.6,24.5,0.0,0.0,0.0,7.891666666666667
2024-08-31,19.3,12.8,26.3,0.0,0.0,0.0,9.4375
2024-09-01,22.0125,16.2,29.1,0.0,0.0,0.0,11.441666666666668
2024-09-02,20.266666666666666,13.9,26.6,0.0,0.0,0.0,10.112499999999999
2024-09-03,19.216666666666665,11.7,25.7,0.0,0.0,0.0,7.766666666666667
2024-09-04,17.691666666666666,13.4,21.4,0.0,0.0,0.0,13.495833333333332
2024-09-05,14.725,9.2,20.5,0.0,0.0,0.0,11.879166666666668
2024-09-06,15.829166666666666,7.7,22.4,0.0,0.0,0.0,5.316666666666666
2024-09-07,17.595833333333335,9.3,23.8,0.0,0.0,0.0,2.6333333333333333
2024-09-08,17.254166666666666,9.2,24.7,0.0,0.0,0.0,5.445833333333333
2024-09-09,17.916666666666668,10.1,25.4,0.0,0.0,0.0,9.229166666666666
2024-09-10,19.287499999999998,12.8,25.8,0.1,0.0,0.0,12.058333333333335
2024-09-11,19.8875,14.7,25.2,0.0,0.0,0.0,15.233333333333334
2024-09-12,20.974999999999998,16.3,25.6,0.0,0.0,0.0,17.179166666666667
2024-09-13,21.566666666666666,18.1,26.2,0.0,0.0,0.0,18.583333333333332
2024-09-14,18.966666666666665,13.5,24.7,0.0,0.0,0.0,15.012500000000001
2024-09-15,18.625,12.7,25.7,0.0,0.0,0.0,11.799999999999999
2024-09-16,17.0125,9.5,24.4,0.0,0.0,0.0,9.766666666666667
2024-09-17,17.05,10.2,24.3,0.0,0.0,0.0,8.291666666666666
2024-09-18,17.333333333333332,10.0,23.5,0.0,0.0,0.0,4.9375
2024-09-19,15.620833333333332,10.1,21.2,0.0,0.0,0.0,11.620833333333332
2024-09-20,15.125,9.3,20.4,0.0,0.0,0.0,9.791666666666666
2024-09-21,15.883333333333333,11.0,21.7,0.0,0.0,0.0,15.216666666666667
2024-09-22,10.579166666666667,5.6,13.9,0.0,0.0,0.0,10.483333333333333
2024-09-23,9.058333333333334,4.2,15.0,0.0,0.0,0.0,5.608333333333333
2024-09-24,11.549999999999999,3.0,19.0,0.0,0.0,0.0,11.262500000000001
2024-09-25,15.479166666666666,8.6,22.5,0.0,0.0,0.0,14.754166666666668
2024-09-26,16.383333333333333,12.0,21.4,0.0,0.0,0.0,18.983333333333334
2024-09-27,16.349999999999998,14.1,18.7,4.4,0.0,0.0,28.925
2024-09-28,17.733333333333334,13.9,22.9,4.0,0.0,0.0,24.120833333333334
2024-09-29,16.0125,10.9,20.5,4.8999999999999995,0.0,0.0,14.862499999999999
2024-09-30,10.525,8.6,13.1,0.0,0.0,0.0,17.3
2024-10-01,11.450000000000001,7.0,17.5,0.0,0.0,0.0,19.133333333333333
2024-10-02,13.087499999999999,8.0,19.3,0.0,0.0,0.0,13.3375
2024-10-03,12.637500000000001,5.1,20.9,0.0,0.0,0.0,9.454166666666667
2024-10-04,10.9625,8.2,13.6,9.5,0.0,0.0,12.458333333333334
2024-10-05,10.283333333333333,7.3,12.7,0.2,0.0,0.0,9.379166666666666
2024-10-06,8.695833333333333,4.7,11.6,8.7,0.0,0.0,12.345833333333333
2024-10-07,13.424999999999999,9.5,18.6,11.6,0.0,0.0,10.741666666666667
2024-10-08,12.4375,11.7,13.5,9.8,0.0,0.0,12.170833333333334
2024-10-09,7.9875,6.1,11.2,1.3,0.0,0.0,12.258333333333333
2024-10-10,7.6375,5.8,10.5,0.0,0.0,0.0,14.233333333333334
2024-10-11,10.004166666666666,6.5,15.2,0.0,0.0,0.0,19.320833333333333
2024-10-12,10.004166666666666,7.6,13.8,0.1,0.0,0.0,23.05
2024-10-13,5.8625,3.5,7.9,0.0,0.0,0.0,22.983333333333334
2024-10-14,2.3249999999999997,0.6,5.7,11.7,7.7,0.06,22.445833333333336
2024-10-15,4.920833333333333,1.0,8.4,3.8,0.84,0.06,12.5625
2024-10-16,5.716666666666666,3.0,6.8,3.5,0.0,0.04,13.620833333333332
2024-10-17,2.3041666666666667,-1.5,7.9,0.0,0.0,0.02,7.904166666666666
2024-10-18,1.4333333333333333,-3.4,7.7,0.0,0.0,0.01,7.3125
2024-10-19,2.279166666666667,-3.4,8.1,0.0,0.0,0.01,7.158333333333334
2024-10-20,5.570833333333333,0.6,10.8,0.0,0.0,0.01,10.841666666666667
2024-10-21,6.745833333333334,2.1,11.8,0.0,0.0,0.0,8.362499999999999
2024-10-22,7.429166666666667,4.9,10.8,0.0,0.0,0.0,15.683333333333332
2024-10-23,8.891666666666667,6.6,11.3,4.3,0.0,0.0,19.849999999999998
2024-10-24,7.2124999999999995,5.0,8.9,4.3,0.0,0.0,22.391666666666666
2024-10-25,5.016666666666667,-0.9,6.9,0.4,0.0,0.0,14.658333333333333
2024-10-26,2.9333333333333336,-1.6,7.8,0.0,0.0,0.0,9.545833333333333
2024-10-27,5.370833333333334,2.0,7.9,0.0,0.0,0.0,6.708333333333333
2024-10-28,5.491666666666667,0.9,8.8,2.0,0.0,0.0,9.754166666666666
2024-10-29,5.6125,3.2,7.9,0.7000000000000001,0.0,0.0,15.670833333333334
2024-10-30,4.1875,-0.9,8.6,5.6,0.0,0.0,18.445833333333333
2024-10-31,3.4250000000000003,1.7,7.1,1.2,0.0,0.0,23.1875
2024-11-01,5.4875,1.5,10.1,14.9,0.28,0.0,19.329166666666666
2024-11-02,0.8125,-2.8,7.1,8.2,1.05,0.01,21.34583333333333
2024-11-03,-0.2625,-2.6,1.0,0.2,0.14,0.01,20.029166666666665
2024-11-04,-1.0250000000000001,-2.5,0.3,7.1000000000000005,5.04,0.06,19.270833333333332
2024-11-05,-1.3499999999999999,-2.9,-1.1,0.4,0.35000000000000003,0.06,15.5625
2024-11-06,-1.2333333333333334,-7.5,3.2,3.1,1.26,0.07,10.370833333333334
2024-11-07,3.720833333333333,2.3,4.9,0.0,0.0,0.05,16.079166666666666
2024-11-08,3.9875000000000003,2.8,4.6,0.2,0.0,0.02,16.058333333333334
2024-11-09,3.6875,1.0,6.8,0.0,0.0,0.01,19.404166666666665
2024-11-10,3.6750000000000003,1.4,5.2,0.0,0.0,0.0,13.2125
2024-11-11,0.05416666666666666,-1.2,1.4,0.0,0.0,0.0,7.808333333333334
2024-11-12,-0.6,-2.8,0.9,0.0,0.0,0.0,8.908333333333333
2024-11-13,0.8125,-0.2,2.0,0.0,0.0,0.0,8.941666666666666
2024-11-14,-0.32916666666666666,-1.0,0.5,0.1,0.07,0.0,9.075000000000001
2024-11-15,-0.075,-1.0,0.9,3.0,2.1,0.02,9.620833333333334
2024-11-16,2.875,0.4,5.2,0.7,0.35,0.03,13.9
2024-11-17,5.075,3.9,5.9,0.9,0.0,0.01,15.0375
2024-11-18,3.6916666666666664,3.1,4.4,0.6000000000000001,0.0,0.0,15.154166666666667
2024-11-19,2.3375,0.6,3.3,0.7,0.0,0.0,12.220833333333333
2024-11-20,2.4833333333333334,-0.3,6.2,2.1,1.47,0.01,15.7125
2024-11-21,7.2749999999999995,5.6,8.8,15.5,0.0,0.01,24.204166666666666
2024-11-22,0.325,-0.8,2.1,1.0,0.07,0.0,15.325000000000001
2024-11-23,0.33749999999999997,0.1,0.6,14.2,9.73,0.06,12.112499999999999
2024-11-24,-2.65,-5.4,0.0,0.7,0.49,0.07,9.9625
2024-11-25,-4.6625000000000005,-7.7,-3.0,0.0,0.0,0.07,6.8875
2024-11-26,-3.029166666666667,-8.6,-0.7,0.0,0.0,0.07,10.025
2024-11-27,-4.333333333333333,-9.3,-1.7,0.0,0.0,0.07,5.795833333333333
2024-11-28,-2.525,-4.0,-1.6,1.2,0.8400000000000001,0.08,3.6041666666666665
2024-11-29,-0.2708333333333333,-2.3,1.0,0.4,0.0,0.08,7.5249999999999995
2024-11-30,0.2125,-0.5,0.6,0.0,0.0,0.08,9.345833333333333
2024-12-01,0.7916666666666666,-0.3,1.9,0.2,0.14,0.08,11.362499999999999
2024-12-02,-1.0083333333333333,-1.7,0.1,0.0,0.0,0.07,10.958333333333334
2024-12-03,0.37083333333333335,-0.2,1.3,0.0,0.0,0.07,11.029166666666667
2024-12-04,-0.9375,-4.0,0.7,0.4,0.14,0.08,10.916666666666666
2024-12-05,-5.2250000000000005,-6.2,-3.5,0.0,0.0,0.08,9.112499999999999
2024-12-06,-5.520833333333333,-6.2,-4.5,0.0,0.0,0.08,12.391666666666666
2024-12-07,-3.4333333333333336,-4.7,-1.6,7.7,5.39,0.12,12.829166666666666
2024-12-08,-2.5416666666666665,-3.8,-1.7,9.1,6.37,0.19,10.6625
2024-12-09,-2.3208333333333333,-3.4,-1.4,1.8,1.19,0.22,5.7375
2024-12-10,-4.504166666666666,-5.6,-2.3,0.0,0.0,0.22,5.370833333333334
2024-12-11,-4.616666666666666,-6.8,-1.0,0.0,0.0,0.22,10.520833333333334
2024-12-12,-3.204166666666667,-5.4,-0.7,0.8,0.56,0.22,13.629166666666668
2024-12-13,-7.095833333333334,-10.1,-5.4,0.30000000000000004,0.21000000000000002,0.22,17.525000000000002
2024-12-14,-6.820833333333333,-11.4,-4.3,2.7,1.8900000000000001,0.24,9.916666666666666
2024-12-15,-4.75,-5.9,-2.4,3.7,2.66,0.26,13.408333333333333
2024-12-16,-1.7041666666666666,-2.8,-0.2,4.0,2.8000000000000003,0.29,13.504166666666668
2024-12-17,-1.8541666666666667,-9.0,-0.3,3.7,2.5900000000000003,0.29,16.741666666666667
2024-12-18,-10.904166666666667,-11.9,-8.7,0.2,0.14,0.29,14.762500000000001
2024-12-19,-13.008333333333333,-19.0,-4.0,2.1,1.33,0.31,10.191666666666666
2024-12-20,1.1291666666666667,-3.3,2.6,0.9,0.0,0.31,13.566666666666668
2024-12-21,-0.07083333333333335,-4.7,1.8,1.0,0.07,0.29,12.804166666666667
2024-12-22,-4.154166666666667,-5.9,-3.1,0.0,0.0,0.28,9.975
2024-12-23,-2.8791666666666664,-4.2,-1.2,0.0,0.0,0.28,5.829166666666667
2024-12-24,-0.3416666666666666,-1.1,0.2,0.9,0.56,0.28,3.4458333333333333
2024-12-25,-1.1791666666666667,-1.9,-0.5,2.8,1.9600000000000002,0.28,7.708333333333333
2024-12-26,-0.37916666666666665,-1.2,0.6,0.0,0.0,0.28,9.029166666666667
2024-12-27,0.5750000000000001,-0.3,1.3,0.0,0.0,0.28,7.970833333333334
2024-12-28,-1.0041666666666667,-1.6,-0.2,0.0,0.0,0.27,4.608333333333333
2024-12-29,-0.5416666666666666,-1.0,0.2,0.0,0.0,0.26,7.570833333333333
2024-12-30,0.33749999999999997,-0.6,2.0,0.30000000000000004,0.0,0.26,16.379166666666666
2024-12-31,-0.8583333333333334,-2.2,1.5,5.1000000000000005,3.57,0.28,12.270833333333334
2025-01-01,-2.625,-6.8,1.3,3.9,2.66,0.3,13.445833333333333
2025-01-02,2.120833333333333,1.3,3.1,2.0,0.07,0.3,20.9375
2025-01-03,-3.6875,-8.1,1.4,3.5,1.96,0.28,10.35
2025-01-04,-5.304166666666666,-8.9,-3.6,0.8,0.56,0.28,7.3500000000000005
2025-01-05,-4.9375,-7.1,-3.8,0.5,0.35000000000000003,0.29,12.9125
2025-01-06,-5.845833333333334,-6.6,-5.3,0.0,0.0,0.29,10.083333333333334
2025-01-07,-2.095833333333333,-5.7,1.6,6.1,2.45,0.3,10.683333333333332
2025-01-08,2.129166666666667,0.9,3.3,1.0,0.0,0.3,14.783333333333333
2025-01-09,-0.4375,-2.5,0.7,0.0,0.0,0.26,10.645833333333334
2025-01-10,0.9500000000000001,-1.8,2.1,2.4,0.21000000000000002,0.04,12.441666666666668
2025-01-11,2.9625,0.8,3.8,5.0,0.0,0.04,14.575000000000001
2025-01-12,-1.1166666666666667,-2.2,0.4,0.0,0.0,0.05,7.891666666666667
2025-01-13,-2.5166666666666666,-4.3,-1.6,0.8,0.56,0.11,8.674999999999999
2025-01-14,-5.075,-7.7,-1.2,2.0,1.33,0.11,13.383333333333333
2025-01-15,-0.0625,-2.8,1.5,0.30000000000000004,0.14,0.1,11.920833333333334
2025-01-16,-1.3458333333333332,-4.7,1.5,3.8,2.31,0.22,11.333333333333334
2025-01-17,2.3833333333333333,1.5,3.1,0.0,0.0,0.22,15.625
2025-01-18,1.1916666666666667,0.3,2.1,1.8,0.07,0.18,13.65
2025-01-19,-0.3541666666666667,-1.6,1.2,0.0,0.0,0.17,14.233333333333334
2025-01-20,0.3375000000000001,-2.3,1.8,0.0,0.0,0.17,14.833333333333334
2025-01-21,-5.7,-7.6,-2.5,0.0,0.0,0.16,7.220833333333334
2025-01-22,-5.466666666666666,-7.7,-2.1,0.9,0.6300000000000001,0.17,12.541666666666666
2025-01-23,-2.629166666666667,-3.1,-2.1,0.0,0.0,0.17,12.116666666666667
2025-01-24,-2.0541666666666667,-3.0,-1.2,0.0,0.0,0.16,8.241666666666667
2025-01-25,-0.5375,-1.9,1.5,0.0,0.0,0.16,9.0
2025-01-26,1.7249999999999999,0.6,3.0,0.8999999999999999,0.49,0.16,11.566666666666668
2025-01-27,3.4375,1.5,4.5,2.4,0.0,0.15,13.308333333333332
2025-01-28,3.4791666666666665,2.9,4.0,0.1,0.0,0.1,10.083333333333334
2025-01-29,3.408333333333333,2.8,4.1,0.1,0.0,0.06,9.608333333333333
2025-01-30,4.570833333333334,3.3,6.5,0.1,0.0,0.04,11.895833333333334
2025-01-31,3.3541666666666665,1.0,5.3,0.0,0.0,0.02,10.108333333333333
2025-02-01,2.558333333333333,1.2,3.8,1.4000000000000001,0.0,0.01,12.441666666666668
2025-02-02,0.4083333333333334,-0.8,1.5,0.4,0.28,0.01,10.833333333333334
2025-02-03,-0.7541666666666668,-1.7,0.7,0.1,0.07,0.01,6.8625
2025-02-04,-1.825,-4.1,0.3,0.0,0.0,0.01,3.4625
2025-02-05,-1.5125,-2.9,0.1,0.0,0.0,0.02,10.833333333333334
2025-02-06,-1.5541666666666665,-2.4,-0.8,0.0,0.0,0.02,5.995833333333334
2025-02-07,-3.7624999999999997,-4.6,-2.4,0.0,0.0,0.02,8.045833333333333
2025-02-08,-4.045833333333333,-4.8,-3.2,0.0,0.0,0.02,4.333333333333333
2025-02-09,-4.470833333333333,-5.2,-3.7,0.0,0.0,0.02,1.8833333333333335
2025-02-10,-5.058333333333334,-6.1,-4.0,0.0,0.0,0.02,4.066666666666666
2025-02-11,-5.895833333333333,-6.9,-4.6,0.0,0.0,0.02,4.95
2025-02-12,-6.8374999999999995,-8.0,-5.2,0.0,0.0,0.02,7.3125
2025-02-13,-7.154166666666666,-8.2,-6.0,0.0,0.0,0.02,5.970833333333334
2025-02-14,-6.904166666666666,-10.0,-5.1,0.2,0.21000000000000002,0.02,6.354166666666667
2025-02-15,-8.525,-10.3,-7.6,0.2,0.14,0.03,9.487499999999999
2025-02-16,-10.762500000000001,-12.6,-9.0,0.5,0.35000000000000003,0.03,8.708333333333334
2025-02-17,-12.245833333333332,-15.0,-9.9,0.0,0.0,0.03,9.8375
2025-02-18,-10.870833333333332,-15.8,-6.6,0.30000000000000004,0.21000000000000002,0.03,5.729166666666667
2025-02-19,-7.491666666666667,-10.3,-4.8,0.1,0.07,0.04,5.129166666666666
2025-02-20,-9.183333333333334,-13.7,-6.4,0.0,0.0,0.04,5.191666666666666
2025-02-21,-7.658333333333332,-12.1,-3.2,0.0,0.0,0.04,6.879166666666666
2025-02-22,-7.4125000000000005,-10.2,-2.7,0.0,0.0,0.04,5.833333333333333
2025-02-23,-9.658333333333333,-14.1,-3.7,0.0,0.0,0.04,3.529166666666667
2025-02-24,-10.504166666666666,-16.0,-3.2,0.0,0.0,0.04,5.595833333333334
2025-02-25,-9.558333333333334,-15.2,-2.0,0.0,0.0,0.04,2.154166666666667
2025-02-26,-6.6499999999999995,-10.5,-1.2,0.0,0.0,0.04,4.716666666666667
2025-02-27,-6.383333333333333,-11.7,0.8,0.0,0.0,0.04,4.345833333333333
2025-02-28,-4.2,-11.5,3.3,0.0,0.0,0.03,4.5874999999999995
2025-03-01,-0.7541666666666668,-4.2,3.3,0.0,0.0,0.03,8.045833333333333
2025-03-02,-1.125,-2.8,1.3,0.4,0.28,0.02,6.0375000000000005
2025-03-03,-0.3625,-1.7,1.1,1.2,0.8400000000000001,0.03,7.254166666666666
2025-03-04,1.2541666666666667,-1.1,3.1,5.7,2.8,0.04,11.979166666666666
2025-03-05,1.2375,-0.1,3.4,3.2,1.75,0.03,16.2375
2025-03-06,4.420833333333333,1.7,7.4,2.3000000000000003,0.0,0.03,16.5625
2025-03-07,7.033333333333334,1.6,8.8,0.0,0.0,0.01,16.3
2025-03-08,3.6291666666666664,-1.3,9.6,0.0,0.0,0.0,7.216666666666666
2025-03-09,5.6499999999999995,2.3,10.9,0.0,0.0,0.0,10.200000000000001
2025-03-10,3.970833333333333,0.0,9.0,0.0,0.0,0.0,8.020833333333334
2025-03-11,6.8374999999999995,3.9,11.3,0.2,0.0,0.0,11.833333333333334
2025-03-12,7.5125,4.8,11.8,4.6,0.0,0.0,7.220833333333334
2025-03-13,6.991666666666667,3.8,10.9,0.2,0.0,0.0,11.583333333333334
2025-03-14,9.383333333333333,3.3,13.8,7.0,0.0,0.0,21.541666666666668
2025-03-15,0.34583333333333327,-1.6,2.6,0.0,0.0,0.0,7.941666666666666
2025-03-16,-0.07916666666666666,-3.8,4.5,0.0,0.0,0.0,7.6499999999999995
2025-03-17,-1.7583333333333335,-3.4,-0.9,1.7999999999999998,1.26,0.01,10.5
2025-03-18,-2.279166666666667,-6.4,1.5,0.0,0.0,0.01,6.366666666666667
2025-03-19,-0.1958333333333334,-4.2,3.6,0.8999999999999999,0.42000000000000004,0.01,13.450000000000001
2025-03-20,3.0875,-0.9,7.8,0.0,0.0,0.01,9.991666666666667
2025-03-21,4.583333333333333,1.5,8.7,0.0,0.0,0.0,9.895833333333334
2025-03-22,1.4583333333333333,-1.1,4.0,0.0,0.0,0.0,11.129166666666668
2025-03-23,0.7000000000000001,-3.9,4.9,0.0,0.0,0.0,6.370833333333334
2025-03-24,4.145833333333333,-1.6,10.1,0.0,0.0,0.0,11.0875
2025-03-25,3.891666666666667,1.3,5.0,5.2,0.14,0.0,13.733333333333334
2025-03-26,3.0666666666666664,1.0,5.3,0.2,0.0,0.0,4.579166666666667
2025-03-27,4.841666666666667,2.7,7.6,1.8,0.0,0.0,6.625
2025-03-28,6.141666666666667,2.9,10.7,0.1,0.0,0.0,2.8833333333333333
2025-03-29,6.941666666666666,1.1,12.6,0.0,0.0,0.0,3.141666666666667
2025-03-30,7.241666666666667,2.3,12.0,0.0,0.0,0.0,5.75
2025-03-31,9.304166666666667,4.6,14.2,0.0,0.0,0.0,7.558333333333334
2025-04-01,8.679166666666667,7.0,13.0,6.8,0.0,0.0,10.862499999999999
2025-04-02,8.591666666666667,5.9,12.5,3.6,0.0,0.0,12.041666666666666
2025-04-03,8.2875,4.6,13.2,0.0,0.0,0.0,8.079166666666667
2025-04-04,8.8125,3.5,15.5,0.0,0.0,0.0,13.454166666666666
2025-04-05,3.9958333333333336,1.2,6.1,0.1,0.0,0.0,9.25
2025-04-06,-1.9416666666666667,-2.9,0.5,11.6,8.12,0.06,18.441666666666666
2025-04-07,-1.325,-2.8,0.6,13.4,9.38,0.12,11.725
2025-04-08,-1.4708333333333332,-2.8,-0.6,7.3,5.04,0.19,10.920833333333334
2025-04-09,-2.1999999999999997,-3.5,-0.6,3.6,2.52,0.2,14.3125
2025-04-10,-1.8833333333333335,-4.8,1.0,1.0,0.7000000000000001,0.2,7.833333333333333
2025-04-11,-0.9333333333333335,-5.2,2.4,0.0,0.0,0.2,7.8999999999999995
2025-04-12,-0.05833333333333335,-1.3,2.8,1.2000000000000002,0.8400000000000001,0.18,11.695833333333333
2025-04-13,2.966666666666667,-0.9,8.7,2.4,1.68,0.17,5.695833333333333
2025-04-14,6.291666666666667,0.7,11.7,0.0,0.0,0.13,9.454166666666667
2025-04-15,11.549999999999999,6.2,17.1,0.0,0.0,0.06,11.583333333333334
2025-04-16,13.2875,7.2,19.9,0.0,0.0,0.01,5.3625
2025-04-17,12.958333333333334,8.4,17.7,0.0,0.0,0.0,9.079166666666667
2025-04-18,16.345833333333335,11.1,22.4,0.4,0.0,0.0,7.083333333333333
2025-04-19,18.125,12.8,24.1,1.2,0.0,0.0,9.637500000000001
2025-04-20,18.3,13.3,24.2,0.0,0.0,0.0,10.629166666666666
2025-04-21,18.570833333333333,11.7,25.5,0.0,0.0,0.0,11.375
2025-04-22,18.145833333333332,13.6,23.7,0.1,0.0,0.0,8.320833333333333
2025-04-23,18.179166666666667,11.1,25.9,0.30000000000000004,0.0,0.0,9.995833333333334
2025-04-24,14.945833333333333,10.2,19.4,0.0,0.0,0.0,9.420833333333333
2025-04-25,12.862499999999999,8.0,17.1,3.3000000000000003,0.0,0.0,10.891666666666666
2025-04-26,4.545833333333333,1.6,7.9,0.0,0.0,0.0,15.9125
2025-04-27,2.670833333333333,-0.6,5.4,0.30000000000000004,0.21000000000000002,0.0,13.466666666666667
2025-04-28,5.1499999999999995,-1.3,11.2,0.0,0.0,0.0,12.179166666666667
2025-04-29,7.883333333333333,5.6,11.7,3.0,0.0,0.0,14.216666666666667
2025-04-30,8.108333333333333,6.9,10.3,1.8,0.0,0.0,12.4375
2025-05-01,6.441666666666666,3.4,8.7,21.099999999999998,0.0,0.0,10.045833333333333
2025-05-02,3.8000000000000003,0.9,7.7,9.3,4.8999999999999995,0.02,15.404166666666667
2025-05-03,8.158333333333333,2.0,13.6,0.4,0.0,0.01,10.6875
2025-05-04,11.945833333333333,6.8,17.5,7.7,0.0,0.0,7.816666666666666
2025-05-05,11.358333333333334,6.7,13.7,3.5,0.0,0.0,16.825
2025-05-06,6.770833333333333,2.1,11.0,0.4,0.0,0.0,11.762500000000001
2025-05-07,9.383333333333333,4.4,13.5,0.1,0.0,0.0,6.341666666666666
2025-05-08,6.6499999999999995,4.1,9.1,0.2,0.0,0.0,9.404166666666667
2025-05-09,6.054166666666667,2.6,9.1,0.0,0.0,0.0,9.341666666666667
2025-05-10,5.908333333333334,1.9,10.0,1.7999999999999998,0.0,0.0,9.799999999999999
2025-05-11,5.1499999999999995,2.4,8.4,1.2,0.0,0.0,13.575000000000001
2025-05-12,5.0249999999999995,1.4,9.1,4.0,0.07,0.0,10.245833333333334
2025-05-13,6.375,3.2,8.8,7.1,0.0,0.0,5.245833333333334
2025-05-14,8.783333333333333,4.5,12.7,0.9,0.0,0.0,7.8999999999999995
2025-05-15,11.424999999999999,5.2,16.9,0.1,0.0,0.0,8.375
2025-05-16,15.483333333333334,9.7,21.4,0.0,0.0,0.0,9.954166666666667
2025-05-17,16.316666666666666,11.5,20.7,0.0,0.0,0.0,9.295833333333333
2025-05-18,16.166666666666668,12.7,21.8,1.4,0.0,0.0,13.420833333333334
2025-05-19,13.9125,11.8,16.7,1.9000000000000001,0.0,0.0,10.641666666666667
2025-05-20,12.629166666666668,9.6,17.4,6.3,0.0,0.0,9.458333333333334
2025-05-21,14.595833333333333,10.2,18.7,0.7999999999999999,0.0,0.0,9.620833333333334
2025-05-22,16.45,9.4,22.8,0.0,0.0,0.0,3.6374999999999997
2025-05-23,20.270833333333332,13.4,25.4,0.0,0.0,0.0,9.791666666666666
2025-05-24,22.53333333333333,15.9,27.1,0.0,0.0,0.0,9.166666666666666
2025-05-25,23.212500000000002,16.6,28.2,0.0,0.0,0.0,11.433333333333332
2025-05-26,23.258333333333336,16.9,28.2,0.0,0.0,0.0,15.512500000000001
2025-05-27,22.883333333333336,18.8,26.1,0.0,0.0,0.0,14.158333333333333
2025-05-28,22.46666666666667,15.6,27.2,0.0,0.0,0.0,13.216666666666667
2025-05-29,23.808333333333334,16.9,29.1,0.1,0.0,0.0,13.3125
2025-05-30,23.02916666666667,19.4,25.7,0.5,0.0,0.0,10.508333333333333
2025-05-31,20.9875,18.0,25.5,3.5,0.0,0.0,5.875
2025-06-01,18.279166666666665,15.1,21.0,0.1,0.0,0.0,12.154166666666667
2025-06-02,17.837500000000002,10.6,23.0,0.0,0.0,0.0,10.079166666666667
2025-06-03,19.537499999999998,14.7,23.4,0.1,0.0,0.0,10.120833333333334
2025-06-04,18.712500000000002,14.8,22.3,0.4,0.0,0.0,9.658333333333333
2025-06-05,20.066666666666666,13.2,25.2,0.0,0.0,0.0,7.808333333333334
2025-06-06,21.59166666666667,16.4,26.5,2.7,0.0,0.0,11.354166666666666
2025-06-07,22.808333333333334,18.5,27.3,3.3000000000000003,0.0,0.0,8.887500000000001
2025-06-08,22.104166666666668,17.1,27.3,1.9000000000000001,0.0,0.0,9.145833333333334
2025-06-09,22.133333333333336,18.0,26.9,1.7,0.0,0.0,12.1875
2025-06-10,17.366666666666667,13.7,20.4,0.0,0.0,0.0,13.204166666666666
2025-06-11,16.291666666666668,10.8,20.2,0.0,0.0,0.0,5.570833333333333
2025-06-12,17.8125,14.4,21.5,3.7,0.0,0.0,6.583333333333333
2025-06-13,16.416666666666668,14.1,20.4,10.4,0.0,0.0,11.395833333333334
2025-06-14,14.495833333333332,12.2,17.7,10.000000000000002,0.0,0.0,13.429166666666667
2025-06-15,15.054166666666667,12.9,17.7,5.7,0.0,0.0,13.0375
2025-06-16,18.466666666666665,13.0,23.1,0.0,0.0,0.0,7.533333333333334
2025-06-17,17.837500000000002,14.5,22.0,5.2,0.0,0.0,4.904166666666667
2025-06-18,16.516666666666666,14.7,19.7,4.1000000000000005,0.0,0.0,5.466666666666666
2025-06-19,15.1625,13.1,17.8,4.7,0.0,0.0,11.0625
2025-06-20,13.666666666666666,11.3,17.0,7.8,0.0,0.0,11.825000000000001
2025-06-21,13.829166666666666,11.8,16.5,0.1,0.0,0.0,13.4
2025-06-22,13.225,9.9,16.3,2.6,0.0,0.0,7.1000000000000005
2025-06-23,15.375,11.0,19.4,0.0,0.0,0.0,7.204166666666667
2025-06-24,16.316666666666666,11.3,20.4,1.9,0.0,0.0,10.779166666666667
2025-06-25,15.9125,12.9,18.9,1.8,0.0,0.0,13.183333333333332
2025-06-26,15.745833333333332,12.8,19.4,1.1,0.0,0.0,11.858333333333334
2025-06-27,14.5875,11.1,18.5,0.0,0.0,0.0,13.704166666666666
2025-06-28,16.666666666666668,10.2,22.4,0.0,0.0,0.0,3.0375
2025-06-29,16.900000000000002,13.3,21.6,7.7,0.0,0.0,10.154166666666667
2025-06-30,12.549999999999999,11.0,14.7,8.3,0.0,0.0,16.929166666666667
2025-07-01,12.950000000000001,11.2,15.3,7.6,0.0,0.0,19.349999999999998
2025-07-02,15.520833333333334,12.0,19.6,1.5,0.0,0.0,14.4375
2025-07-03,20.020833333333332,14.8,25.0,0.0,0.0,0.0,11.066666666666668
2025-07-04,20.962500000000002,16.8,24.7,1.5,0.0,0.0,10.979166666666666
2025-07-05,16.758333333333333,13.7,20.1,0.0,0.0,0.0,9.554166666666667
2025-07-06,16.491666666666667,12.2,21.9,0.1,0.0,0.0,8.966666666666667
2025-07-07,21.912499999999998,16.0,27.7,0.1,0.0,0.0,10.866666666666667
2025-07-08,24.900000000000002,18.6,31.7,1.6,0.0,0.0,11.616666666666667
2025-07-09,25.733333333333334,20.8,31.3,1.5,0.0,0.0,6.895833333333333
2025-07-10,27.962500000000002,22.4,33.5,0.0,0.0,0.0,11.383333333333333
2025-07-11,28.9875,21.8,35.1,0.0,0.0,0.0,11.904166666666667
2025-07-12,29.025000000000002,23.7,33.2,0.6000000000000001,0.0,0.0,8.887500000000001
2025-07-13,26.425,21.4,30.9,3.1,0.0,0.0,8.141666666666667
2025-07-14,23.791666666666668,19.9,28.0,1.8,0.0,0.0,5.358333333333333
2025-07-15,22.34583333333333,18.7,26.7,8.999999999999998,0.0,0.0,3.875
2025-07-16,20.9875,17.8,24.6,7.4,0.0,0.0,4.341666666666667
2025-07-17,21.20416666666667,17.3,25.3,5.6000000000000005,0.0,0.0,5.145833333333333
2025-07-18,21.645833333333332,16.8,26.1,0.0,0.0,0.0,10.079166666666667
2025-07-19,21.3625,16.3,26.5,1.4,0.0,0.0,12.595833333333333
2025-07-20,21.891666666666666,18.9,25.7,0.6000000000000001,0.0,0.0,13.041666666666666
2025-07-21,18.879166666666666,17.7,20.5,31.2,0.0,0.0,9.170833333333333
2025-07-22,19.570833333333333,16.9,22.4,3.2,0.0,0.0,6.804166666666667
2025-07-23,20.441666666666666,16.8,24.3,1.4,0.0,0.0,6.175
2025-07-24,21.325,17.5,24.7,3.0,0.0,0.0,5.491666666666667
2025-07-25,22.633333333333336,17.7,27.2,0.0,0.0,0.0,5.533333333333334
2025-07-26,20.883333333333333,15.3,25.8,0.0,0.0,0.0,7.0874999999999995
2025-07-27,22.52916666666667,15.7,27.6,0.0,0.0,0.0,5.591666666666666
2025-07-28,25.03333333333333,19.0,29.7,0.0,0.0,0.0,4.270833333333333
2025-07-29,25.65833333333333,20.0,30.3,0.2,0.0,0.0,6.041666666666667
2025-07-30,25.462500000000002,19.9,30.2,0.1,0.0,0.0,7.495833333333334
2025-07-31,25.583333333333332,20.6,29.4,0.1,0.0,0.0,9.104166666666666
2025-08-01,22.129166666666666,19.3,25.6,18.299999999999997,0.0,0.0,10.316666666666666
2025-08-02,20.925,18.6,23.7,1.1,0.0,0.0,7.658333333333334
2025-08-03,21.150000000000002,15.9,25.9,0.2,0.0,0.0,6.066666666666666
2025-08-04,19.675,18.5,22.6,21.7,0.0,0.0,8.0875
2025-08-05,20.5625,18.4,23.3,7.4,0.0,0.0,8.8375
2025-08-06,21.016666666666666,17.2,24.7,0.0,0.0,0.0,8.516666666666667
2025-08-07,18.095833333333335,16.1,19.8,5.2,0.0,0.0,6.595833333333334
2025-08-08,17.125,12.7,21.1,0.1,0.0,0.0,8.799999999999999
2025-08-09,15.966666666666667,13.4,19.5,10.3,0.0,0.0,7.45
2025-08-10,17.345833333333335,12.9,21.5,0.1,0.0,0.0,7.833333333333333
2025-08-11,16.641666666666666,14.3,19.5,1.9000000000000001,0.0,0.0,4.908333333333333
2025-08-12,16.604166666666668,14.1,20.4,5.0,0.0,0.0,9.066666666666666
2025-08-13,16.6875,13.0,20.7,1.0,0.0,0.0,10.545833333333333
2025-08-14,15.104166666666666,11.6,18.1,0.5,0.0,0.0,11.004166666666668
2025-08-15,18.2625,14.6,22.9,0.0,0.0,0.0,10.495833333333334
2025-08-16,18.212500000000002,12.3,23.1,0.0,0.0,0.0,8.775
2025-08-17,17.425,14.1,20.0,1.4000000000000001,0.0,0.0,9.595833333333333
2025-08-18,13.924999999999999,11.1,17.4,4.2,0.0,0.0,7.433333333333334
2025-08-19,16.599999999999998,14.0,19.6,0.5,0.0,0.0,12.633333333333333
2025-08-20,16.633333333333333,12.8,21.9,6.8,0.0,0.0,11.558333333333332
2025-08-21,14.275,12.1,15.8,9.0,0.0,0.0,6.479166666666667
2025-08-22,13.308333333333332,8.7,17.6,0.0,0.0,0.0,5.183333333333334
2025-08-23,14.045833333333334,10.6,17.4,0.0,0.0,0.0,6.575
2025-08-24,14.358333333333334,9.7,18.4,0.0,0.0,0.0,4.695833333333334
2025-08-25,12.516666666666666,9.3,15.7,1.5,0.0,0.0,11.520833333333334
2025-08-26,11.9625,9.5,15.5,2.2,0.0,0.0,11.200000000000001
2025-08-27,12.354166666666666,8.9,15.8,1.0,0.0,0.0,10.1625
2025-08-28,13.604166666666666,9.4,17.8,0.1,0.0,0.0,12.35
2025-08-29,15.708333333333334,11.5,19.9,0.9,0.0,0.0,8.045833333333333
2025-08-30,21.7,16.9,27.5,0.0,0.0,0.0,12.345833333333333
2025-08-31,21.59166666666667,15.7,28.1,0.0,0.0,0.0,6.9125000000000005
2025-09-01,18.724999999999998,15.7,21.9,0.0,0.0,0.0,9.745833333333334
2025-09-02,15.070833333333333,13.8,17.1,0.0,0.0,0.0,13.795833333333334
2025-09-03,15.0875,12.3,19.2,0.0,0.0,0.0,9.620833333333334
2025-09-04,14.758333333333333,12.1,18.5,0.1,0.0,0.0,6.966666666666666
2025-09-05,15.7125,10.4,20.1,0.0,0.0,0.0,5.0249999999999995
2025-09-06,16.266666666666666,11.0,21.2,0.0,0.0,0.0,5.908333333333334
2025-09-07,16.958333333333332,12.2,22.3,0.0,0.0,0.0,6.441666666666666
2025-09-08,17.058333333333334,12.0,22.0,0.0,0.0,0.0,6.445833333333333
2025-09-09,17.1875,11.8,22.7,0.0,0.0,0.0,6.2375
2025-09-10,14.799999999999999,10.1,19.6,0.0,0.0,0.0,5.320833333333334
2025-09-11,15.1,7.9,21.0,0.0,0.0,0.0,2.9416666666666664
2025-09-12,14.454166666666666,11.5,17.5,0.0,0.0,0.0,8.558333333333334
2025-09-13,12.633333333333333,7.5,17.4,0.0,0.0,0.0,6.6000000000000005
2025-09-14,13.229166666666666,8.1,18.3,0.0,0.0,0.0,6.104166666666667
2025-09-15,14.583333333333334,8.0,21.5,0.0,0.0,0.0,8.0
2025-09-16,16.145833333333332,11.3,21.8,0.0,0.0,0.0,9.9
2025-09-17,15.5,11.8,20.8,0.0,0.0,0.0,10.716666666666667
2025-09-18,13.825000000000001,9.4,19.2,0.4,0.0,0.0,7.795833333333333
2025-09-19,12.5375,10.5,14.9,4.9,0.0,0.0,9.875
2025-09-20,13.270833333333334,10.7,16.0,0.39999999999999997,0.0,0.0,12.466666666666667
2025-09-21,17.004166666666666,13.3,21.6,0.0,0.0,0.0,10.616666666666665
2025-09-22,19.912499999999998,15.1,25.6,0.0,0.0,0.0,12.375
2025-09-23,15.041666666666666,11.1,19.7,1.2000000000000002,0.0,0.0,9.045833333333333
2025-09-24,8.924999999999999,6.4,11.2,0.1,0.0,0.0,12.729166666666666
2025-09-25,7.995833333333334,6.1,10.5,0.4,0.0,0.0,12.183333333333332
2025-09-26,8.775,3.3,13.8,0.0,0.0,0.0,9.554166666666667
2025-09-27,8.608333333333333,6.2,11.0,3.6,0.0,0.0,7.666666666666667
2025-09-28,7.154166666666666,5.9,9.3,1.2,0.0,0.0,13.420833333333334
2025-09-29,6.629166666666666,4.9,8.7,0.0,0.0,0.0,11.929166666666667
2025-09-30,5.091666666666667,0.4,9.4,0.0,0.0,0.0,5.791666666666667
2025-10-01,6.0125,0.6,11.9,0.0,0.0,0.0,5.2
2025-10-02,7.208333333333333,2.4,12.2,0.0,0.0,0.0,7.454166666666667
2025-10-03,8.258333333333333,4.9,12.2,1.2999999999999998,0.0,0.0,7.283333333333334
2025-10-04,9.195833333333333,4.6,14.3,0.0,0.0,0.0,10.2875
2025-10-05,10.0,7.4,13.3,1.0,0.0,0.0,11.5
2025-10-06,11.1,9.7,13.0,3.3000000000000003,0.0,0.0,3.8083333333333336
2025-10-07,10.916666666666666,8.7,13.0,0.6,0.0,0.0,3.0875
2025-10-08,11.170833333333334,9.4,13.4,0.0,0.0,0.0,2.7708333333333335
2025-10-09,11.158333333333333,8.7,14.2,0.7,0.0,0.0,7.083333333333333
2025-10-10,10.041666666666666,8.4,11.4,1.5,0.0,0.0,8.85
2025-10-11,10.166666666666666,8.5,12.2,0.7000000000000001,0.0,0.0,7.283333333333334
2025-10-12,7.25,6.0,9.4,1.0,0.0,0.0,9.920833333333333
2025-10-13,4.154166666666667,2.7,6.4,20.6,0.07,0.0,11.408333333333333
2025-10-14,4.3999999999999995,3.6,5.8,5.1000000000000005,0.0,0.0,12.008333333333333
2025-10-15,3.6750000000000003,0.5,5.4,6.6,0.0,0.0,7.245833333333334
2025-10-16,3.7458333333333336,-0.9,5.9,0.5,0.0,0.0,8.174999999999999
2025-10-17,7.7625,6.1,10.5,2.7,0.0,0.0,12.825000000000001
2025-10-18,6.0,4.5,7.2,0.2,0.0,0.0,5.720833333333334
2025-10-19,5.7124999999999995,4.4,7.7,0.30000000000000004,0.0,0.0,9.416666666666666
2025-10-20,6.070833333333333,4.3,8.4,0.4,0.0,0.0,9.995833333333334
2025-10-21,4.220833333333333,3.2,5.0,2.4,0.0,0.0,9.875
2025-10-22,5.091666666666667,4.2,6.8,0.0,0.0,0.0,4.8999999999999995
2025-10-23,4.708333333333333,2.8,6.4,0.1,0.0,0.0,6.233333333333333
2025-10-24,7.0,4.9,9.8,1.9000000000000001,0.0,0.0,11.245833333333332
2025-10-25,9.508333333333333,8.1,11.9,0.3,0.0,0.0,13.716666666666667
2025-10-26,7.279166666666666,5.3,8.5,4.7,0.0,0.0,13.85
2025-10-27,6.341666666666666,3.6,9.0,2.8,0.0,0.0,12.341666666666667
2025-10-28,6.279166666666666,5.3,7.7,6.9,0.0,0.0,10.725
2025-10-29,5.345833333333334,4.0,7.6,2.6,0.0,0.0,8.795833333333333
2025-10-30,5.633333333333333,3.9,8.0,0.0,0.0,0.0,7.279166666666666
2025-10-31,5.516666666666667,4.5,6.5,9.9,0.0,0.0,12.095833333333333
